ticker,security_id,worker_id,assignment_id,handoff_run_id,status_reported,acquisition_status,raw_page_count,first_page,last_page,oldest_observed_date,newest_observed_date,completion_reason,next_page_if_continuable,action,source_zip,source_zip_sha256,initial_page_sequence_contiguous,start_page,estimated_remaining_requests
APP,KBS:UPCOM:APP,worker-02,cafef-expansion-v1-worker-02,run-20260925T081933Z-4506e5a7,FAILED,ACQUISITION_FAILED,48,1,48,2020-11-19,2026-09-24,,,MANUAL_REVIEW,cafef-expansion-v1-worker-02.zip,521a851047ce4850ab9c900efd8696b8738c85dc0ce0163c7c0d74e5f27323ed,True,,0
BCV,KBS:UPCOM:BCV,worker-05,cafef-expansion-v1-worker-05,run-20260925T092604Z-3397f3b7,FAILED,ACQUISITION_FAILED,17,1,17,2024-08-29,2026-09-25,,,MANUAL_REVIEW,cafef-expansion-v1-worker-05.zip,44f6e1e1c4141de1f5da2b1267b719a25a40e854444386ef1360907a330370a0,True,,0
BMC,KBS:HOSE:BMC,worker-05,cafef-expansion-v1-worker-05,run-20260925T092604Z-3397f3b7,FAILED,ACQUISITION_FAILED,47,1,47,2021-01-25,2026-09-24,,,MANUAL_REVIEW,cafef-expansion-v1-worker-05.zip,44f6e1e1c4141de1f5da2b1267b719a25a40e854444386ef1360907a330370a0,True,,0
BOT,KBS:UPCOM:BOT,worker-04,cafef-expansion-v1-worker-04,run-20260925T125518Z-f0745c9f,RUNNING,ACQUISITION_PARTIAL,16,1,16,2024-10-15,2026-09-25,,17,CONTINUE_FROM_PAGE_N,cafef-expansion-v1-worker-04.zip,d82238b839a1e3a2019514c5e3ba684b4a4a95c507ddfad03aa917bc87d207bd,True,17,42
BSA,KBS:UPCOM:BSA,worker-04,cafef-expansion-v1-worker-04,run-20260925T125518Z-f0745c9f,NOT_STARTED,NOT_YET_ACQUIRED,0,,,,,,1,START_FROM_1,cafef-expansion-v1-worker-04.zip,d82238b839a1e3a2019514c5e3ba684b4a4a95c507ddfad03aa917bc87d207bd,True,1,58
BT1,KBS:UPCOM:BT1,worker-04,cafef-expansion-v1-worker-04,run-20260925T125518Z-f0745c9f,NOT_STARTED,NOT_YET_ACQUIRED,0,,,,,,1,START_FROM_1,cafef-expansion-v1-worker-04.zip,d82238b839a1e3a2019514c5e3ba684b4a4a95c507ddfad03aa917bc87d207bd,True,1,58
BTH,KBS:UPCOM:BTH,worker-04,cafef-expansion-v1-worker-04,run-20260925T125518Z-f0745c9f,NOT_STARTED,NOT_YET_ACQUIRED,0,,,,,,1,START_FROM_1,cafef-expansion-v1-worker-04.zip,d82238b839a1e3a2019514c5e3ba684b4a4a95c507ddfad03aa917bc87d207bd,True,1,58
BTT,KBS:HOSE:BTT,worker-02,cafef-expansion-v1-worker-02,run-20260925T081933Z-4506e5a7,FAILED,ACQUISITION_FAILED,49,1,49,2020-10-30,2026-09-25,,,MANUAL_REVIEW,cafef-expansion-v1-worker-02.zip,521a851047ce4850ab9c900efd8696b8738c85dc0ce0163c7c0d74e5f27323ed,True,,0
BVB,KBS:HOSE:BVB,worker-04,cafef-expansion-v1-worker-04,run-20260925T125518Z-f0745c9f,NOT_STARTED,NOT_YET_ACQUIRED,0,,,,,,1,START_FROM_1,cafef-expansion-v1-worker-04.zip,d82238b839a1e3a2019514c5e3ba684b4a4a95c507ddfad03aa917bc87d207bd,True,1,58
BWE,KBS:HOSE:BWE,worker-04,cafef-expansion-v1-worker-04,run-20260925T125518Z-f0745c9f,NOT_STARTED,NOT_YET_ACQUIRED,0,,,,,,1,START_FROM_1,cafef-expansion-v1-worker-04.zip,d82238b839a1e3a2019514c5e3ba684b4a4a95c507ddfad03aa917bc87d207bd,True,1,58
C47,KBS:HOSE:C47,worker-04,cafef-expansion-v1-worker-04,run-20260925T125518Z-f0745c9f,NOT_STARTED,NOT_YET_ACQUIRED,0,,,,,,1,START_FROM_1,cafef-expansion-v1-worker-04.zip,d82238b839a1e3a2019514c5e3ba684b4a4a95c507ddfad03aa917bc87d207bd,True,1,58
CCC,KBS:HOSE:CCC,worker-04,cafef-expansion-v1-worker-04,run-20260925T125518Z-f0745c9f,NOT_STARTED,NOT_YET_ACQUIRED,0,,,,,,1,START_FROM_1,cafef-expansion-v1-worker-04.zip,d82238b839a1e3a2019514c5e3ba684b4a4a95c507ddfad03aa917bc87d207bd,True,1,58
CCS,KBS:UPCOM:CCS,worker-04,cafef-expansion-v1-worker-04,run-20260925T125518Z-f0745c9f,NOT_STARTED,NOT_YET_ACQUIRED,0,,,,,,1,START_FROM_1,cafef-expansion-v1-worker-04.zip,d82238b839a1e3a2019514c5e3ba684b4a4a95c507ddfad03aa917bc87d207bd,True,1,58
CDG,KBS:UPCOM:CDG,worker-03,cafef-expansion-v1-worker-03,run-20260925T084030Z-cc2314fc,FAILED,ACQUISITION_FAILED,35,1,35,2022-07-06,2026-09-25,,,MANUAL_REVIEW,cafef-expansion-v1-worker-03.zip,74599201ecf4f3eb1301d2bc777ea0f32cd39b3c0ae6241d7e058a04bb271b49,True,,0
CDO,KBS:UPCOM:CDO,worker-04,cafef-expansion-v1-worker-04,run-20260925T125518Z-f0745c9f,NOT_STARTED,NOT_YET_ACQUIRED,0,,,,,,1,START_FROM_1,cafef-expansion-v1-worker-04.zip,d82238b839a1e3a2019514c5e3ba684b4a4a95c507ddfad03aa917bc87d207bd,True,1,58
CGV,KBS:UPCOM:CGV,worker-04,cafef-expansion-v1-worker-04,run-20260925T125518Z-f0745c9f,NOT_STARTED,NOT_YET_ACQUIRED,0,,,,,,1,START_FROM_1,cafef-expansion-v1-worker-04.zip,d82238b839a1e3a2019514c5e3ba684b4a4a95c507ddfad03aa917bc87d207bd,True,1,58
CIP,KBS:UPCOM:CIP,worker-04,cafef-expansion-v1-worker-04,run-20260925T125518Z-f0745c9f,NOT_STARTED,NOT_YET_ACQUIRED,0,,,,,,1,START_FROM_1,cafef-expansion-v1-worker-04.zip,d82238b839a1e3a2019514c5e3ba684b4a4a95c507ddfad03aa917bc87d207bd,True,1,58
CLL,KBS:HOSE:CLL,worker-04,cafef-expansion-v1-worker-04,run-20260925T125518Z-f0745c9f,NOT_STARTED,NOT_YET_ACQUIRED,0,,,,,,1,START_FROM_1,cafef-expansion-v1-worker-04.zip,d82238b839a1e3a2019514c5e3ba684b4a4a95c507ddfad03aa917bc87d207bd,True,1,58
CMP,KBS:UPCOM:CMP,worker-04,cafef-expansion-v1-worker-04,run-20260925T125518Z-f0745c9f,NOT_STARTED,NOT_YET_ACQUIRED,0,,,,,,1,START_FROM_1,cafef-expansion-v1-worker-04.zip,d82238b839a1e3a2019514c5e3ba684b4a4a95c507ddfad03aa917bc87d207bd,True,1,58
CNA,KBS:UPCOM:CNA,worker-04,cafef-expansion-v1-worker-04,run-20260925T125518Z-f0745c9f,NOT_STARTED,NOT_YET_ACQUIRED,0,,,,,,1,START_FROM_1,cafef-expansion-v1-worker-04.zip,d82238b839a1e3a2019514c5e3ba684b4a4a95c507ddfad03aa917bc87d207bd,True,1,58
CPH,KBS:UPCOM:CPH,worker-04,cafef-expansion-v1-worker-04,run-20260925T125518Z-f0745c9f,NOT_STARTED,NOT_YET_ACQUIRED,0,,,,,,1,START_FROM_1,cafef-expansion-v1-worker-04.zip,d82238b839a1e3a2019514c5e3ba684b4a4a95c507ddfad03aa917bc87d207bd,True,1,58
CSI,KBS:UPCOM:CSI,worker-04,cafef-expansion-v1-worker-04,run-20260925T125518Z-f0745c9f,NOT_STARTED,NOT_YET_ACQUIRED,0,,,,,,1,START_FROM_1,cafef-expansion-v1-worker-04.zip,d82238b839a1e3a2019514c5e3ba684b4a4a95c507ddfad03aa917bc87d207bd,True,1,58
CT6,KBS:UPCOM:CT6,worker-04,cafef-expansion-v1-worker-04,run-20260925T125518Z-f0745c9f,NOT_STARTED,NOT_YET_ACQUIRED,0,,,,,,1,START_FROM_1,cafef-expansion-v1-worker-04.zip,d82238b839a1e3a2019514c5e3ba684b4a4a95c507ddfad03aa917bc87d207bd,True,1,58
CTX,KBS:UPCOM:CTX,worker-04,cafef-expansion-v1-worker-04,run-20260925T125518Z-f0745c9f,NOT_STARTED,NOT_YET_ACQUIRED,0,,,,,,1,START_FROM_1,cafef-expansion-v1-worker-04.zip,d82238b839a1e3a2019514c5e3ba684b4a4a95c507ddfad03aa917bc87d207bd,True,1,58
DAC,KBS:UPCOM:DAC,worker-04,cafef-expansion-v1-worker-04,run-20260925T125518Z-f0745c9f,NOT_STARTED,NOT_YET_ACQUIRED,0,,,,,,1,START_FROM_1,cafef-expansion-v1-worker-04.zip,d82238b839a1e3a2019514c5e3ba684b4a4a95c507ddfad03aa917bc87d207bd,True,1,58
DAT,KBS:HOSE:DAT,worker-04,cafef-expansion-v1-worker-04,run-20260925T125518Z-f0745c9f,NOT_STARTED,NOT_YET_ACQUIRED,0,,,,,,1,START_FROM_1,cafef-expansion-v1-worker-04.zip,d82238b839a1e3a2019514c5e3ba684b4a4a95c507ddfad03aa917bc87d207bd,True,1,58
DBT,KBS:HOSE:DBT,worker-02,cafef-expansion-v1-worker-02,run-20260925T081933Z-4506e5a7,FAILED,ACQUISITION_FAILED,15,1,15,2024-11-29,2026-09-25,,,MANUAL_REVIEW,cafef-expansion-v1-worker-02.zip,521a851047ce4850ab9c900efd8696b8738c85dc0ce0163c7c0d74e5f27323ed,True,,0
DCG,KBS:UPCOM:DCG,worker-04,cafef-expansion-v1-worker-04,run-20260925T125518Z-f0745c9f,NOT_STARTED,NOT_YET_ACQUIRED,0,,,,,,1,START_FROM_1,cafef-expansion-v1-worker-04.zip,d82238b839a1e3a2019514c5e3ba684b4a4a95c507ddfad03aa917bc87d207bd,True,1,58
DDB,KBS:UPCOM:DDB,worker-04,cafef-expansion-v1-worker-04,run-20260925T125518Z-f0745c9f,NOT_STARTED,NOT_YET_ACQUIRED,0,,,,,,1,START_FROM_1,cafef-expansion-v1-worker-04.zip,d82238b839a1e3a2019514c5e3ba684b4a4a95c507ddfad03aa917bc87d207bd,True,1,58
DFF,KBS:UPCOM:DFF,worker-04,cafef-expansion-v1-worker-04,run-20260925T125518Z-f0745c9f,NOT_STARTED,NOT_YET_ACQUIRED,0,,,,,,1,START_FROM_1,cafef-expansion-v1-worker-04.zip,d82238b839a1e3a2019514c5e3ba684b4a4a95c507ddfad03aa917bc87d207bd,True,1,58
DHM,KBS:HOSE:DHM,worker-04,cafef-expansion-v1-worker-04,run-20260925T125518Z-f0745c9f,NOT_STARTED,NOT_YET_ACQUIRED,0,,,,,,1,START_FROM_1,cafef-expansion-v1-worker-04.zip,d82238b839a1e3a2019514c5e3ba684b4a4a95c507ddfad03aa917bc87d207bd,True,1,58
DHT,KBS:HNX:DHT,worker-02,cafef-expansion-v1-worker-02,run-20260925T081933Z-4506e5a7,FAILED,ACQUISITION_FAILED,47,1,47,2021-01-18,2026-09-25,,,MANUAL_REVIEW,cafef-expansion-v1-worker-02.zip,521a851047ce4850ab9c900efd8696b8738c85dc0ce0163c7c0d74e5f27323ed,True,,0
DIG,KBS:HOSE:DIG,worker-04,cafef-expansion-v1-worker-04,run-20260925T125518Z-f0745c9f,NOT_STARTED,NOT_YET_ACQUIRED,0,,,,,,1,START_FROM_1,cafef-expansion-v1-worker-04.zip,d82238b839a1e3a2019514c5e3ba684b4a4a95c507ddfad03aa917bc87d207bd,True,1,58
DLD,KBS:UPCOM:DLD,worker-04,cafef-expansion-v1-worker-04,run-20260925T125518Z-f0745c9f,NOT_STARTED,NOT_YET_ACQUIRED,0,,,,,,1,START_FROM_1,cafef-expansion-v1-worker-04.zip,d82238b839a1e3a2019514c5e3ba684b4a4a95c507ddfad03aa917bc87d207bd,True,1,58
DMN,KBS:UPCOM:DMN,worker-04,cafef-expansion-v1-worker-04,run-20260925T125518Z-f0745c9f,NOT_STARTED,NOT_YET_ACQUIRED,0,,,,,,1,START_FROM_1,cafef-expansion-v1-worker-04.zip,d82238b839a1e3a2019514c5e3ba684b4a4a95c507ddfad03aa917bc87d207bd,True,1,58
DNN,KBS:UPCOM:DNN,worker-04,cafef-expansion-v1-worker-04,run-20260925T125518Z-f0745c9f,NOT_STARTED,NOT_YET_ACQUIRED,0,,,,,,1,START_FROM_1,cafef-expansion-v1-worker-04.zip,d82238b839a1e3a2019514c5e3ba684b4a4a95c507ddfad03aa917bc87d207bd,True,1,58
DP2,KBS:UPCOM:DP2,worker-04,cafef-expansion-v1-worker-04,run-20260925T125518Z-f0745c9f,NOT_STARTED,NOT_YET_ACQUIRED,0,,,,,,1,START_FROM_1,cafef-expansion-v1-worker-04.zip,d82238b839a1e3a2019514c5e3ba684b4a4a95c507ddfad03aa917bc87d207bd,True,1,58
DPR,KBS:HOSE:DPR,worker-04,cafef-expansion-v1-worker-04,run-20260925T125518Z-f0745c9f,NOT_STARTED,NOT_YET_ACQUIRED,0,,,,,,1,START_FROM_1,cafef-expansion-v1-worker-04.zip,d82238b839a1e3a2019514c5e3ba684b4a4a95c507ddfad03aa917bc87d207bd,True,1,58
DRL,KBS:HOSE:DRL,worker-04,cafef-expansion-v1-worker-04,run-20260925T125518Z-f0745c9f,NOT_STARTED,NOT_YET_ACQUIRED,0,,,,,,1,START_FROM_1,cafef-expansion-v1-worker-04.zip,d82238b839a1e3a2019514c5e3ba684b4a4a95c507ddfad03aa917bc87d207bd,True,1,58
DSH,KBS:UPCOM:DSH,worker-04,cafef-expansion-v1-worker-04,run-20260925T125518Z-f0745c9f,NOT_STARTED,NOT_YET_ACQUIRED,0,,,,,,1,START_FROM_1,cafef-expansion-v1-worker-04.zip,d82238b839a1e3a2019514c5e3ba684b4a4a95c507ddfad03aa917bc87d207bd,True,1,58
DTG,KBS:HNX:DTG,worker-04,cafef-expansion-v1-worker-04,run-20260925T125518Z-f0745c9f,NOT_STARTED,NOT_YET_ACQUIRED,0,,,,,,1,START_FROM_1,cafef-expansion-v1-worker-04.zip,d82238b839a1e3a2019514c5e3ba684b4a4a95c507ddfad03aa917bc87d207bd,True,1,58
DTR,KBS:UPCOM:DTR,worker-04,cafef-expansion-v1-worker-04,run-20260925T125518Z-f0745c9f,NOT_STARTED,NOT_YET_ACQUIRED,0,,,,,,1,START_FROM_1,cafef-expansion-v1-worker-04.zip,d82238b839a1e3a2019514c5e3ba684b4a4a95c507ddfad03aa917bc87d207bd,True,1,58
DVN,KBS:UPCOM:DVN,worker-04,cafef-expansion-v1-worker-04,run-20260925T125518Z-f0745c9f,NOT_STARTED,NOT_YET_ACQUIRED,0,,,,,,1,START_FROM_1,cafef-expansion-v1-worker-04.zip,d82238b839a1e3a2019514c5e3ba684b4a4a95c507ddfad03aa917bc87d207bd,True,1,58
DXP,KBS:HNX:DXP,worker-04,cafef-expansion-v1-worker-04,run-20260925T125518Z-f0745c9f,NOT_STARTED,NOT_YET_ACQUIRED,0,,,,,,1,START_FROM_1,cafef-expansion-v1-worker-04.zip,d82238b839a1e3a2019514c5e3ba684b4a4a95c507ddfad03aa917bc87d207bd,True,1,58
EFI,KBS:UPCOM:EFI,worker-04,cafef-expansion-v1-worker-04,run-20260925T125518Z-f0745c9f,NOT_STARTED,NOT_YET_ACQUIRED,0,,,,,,1,START_FROM_1,cafef-expansion-v1-worker-04.zip,d82238b839a1e3a2019514c5e3ba684b4a4a95c507ddfad03aa917bc87d207bd,True,1,58
EME,KBS:UPCOM:EME,worker-04,cafef-expansion-v1-worker-04,run-20260925T125518Z-f0745c9f,NOT_STARTED,NOT_YET_ACQUIRED,0,,,,,,1,START_FROM_1,cafef-expansion-v1-worker-04.zip,d82238b839a1e3a2019514c5e3ba684b4a4a95c507ddfad03aa917bc87d207bd,True,1,58
FBC,KBS:UPCOM:FBC,worker-04,cafef-expansion-v1-worker-04,run-20260925T125518Z-f0745c9f,NOT_STARTED,NOT_YET_ACQUIRED,0,,,,,,1,START_FROM_1,cafef-expansion-v1-worker-04.zip,d82238b839a1e3a2019514c5e3ba684b4a4a95c507ddfad03aa917bc87d207bd,True,1,58
FGL,KBS:UPCOM:FGL,worker-04,cafef-expansion-v1-worker-04,run-20260925T125518Z-f0745c9f,NOT_STARTED,NOT_YET_ACQUIRED,0,,,,,,1,START_FROM_1,cafef-expansion-v1-worker-04.zip,d82238b839a1e3a2019514c5e3ba684b4a4a95c507ddfad03aa917bc87d207bd,True,1,58
FSO,KBS:UPCOM:FSO,worker-04,cafef-expansion-v1-worker-04,run-20260925T125518Z-f0745c9f,NOT_STARTED,NOT_YET_ACQUIRED,0,,,,,,1,START_FROM_1,cafef-expansion-v1-worker-04.zip,d82238b839a1e3a2019514c5e3ba684b4a4a95c507ddfad03aa917bc87d207bd,True,1,58
G20,KBS:UPCOM:G20,worker-04,cafef-expansion-v1-worker-04,run-20260925T125518Z-f0745c9f,NOT_STARTED,NOT_YET_ACQUIRED,0,,,,,,1,START_FROM_1,cafef-expansion-v1-worker-04.zip,d82238b839a1e3a2019514c5e3ba684b4a4a95c507ddfad03aa917bc87d207bd,True,1,58
GDH,KBS:UPCOM:GDH,worker-04,cafef-expansion-v1-worker-04,run-20260925T125518Z-f0745c9f,NOT_STARTED,NOT_YET_ACQUIRED,0,,,,,,1,START_FROM_1,cafef-expansion-v1-worker-04.zip,d82238b839a1e3a2019514c5e3ba684b4a4a95c507ddfad03aa917bc87d207bd,True,1,58
GIC,KBS:HNX:GIC,worker-04,cafef-expansion-v1-worker-04,run-20260925T125518Z-f0745c9f,NOT_STARTED,NOT_YET_ACQUIRED,0,,,,,,1,START_FROM_1,cafef-expansion-v1-worker-04.zip,d82238b839a1e3a2019514c5e3ba684b4a4a95c507ddfad03aa917bc87d207bd,True,1,58
GLW,KBS:UPCOM:GLW,worker-04,cafef-expansion-v1-worker-04,run-20260925T125518Z-f0745c9f,NOT_STARTED,NOT_YET_ACQUIRED,0,,,,,,1,START_FROM_1,cafef-expansion-v1-worker-04.zip,d82238b839a1e3a2019514c5e3ba684b4a4a95c507ddfad03aa917bc87d207bd,True,1,58
GSP,KBS:HOSE:GSP,worker-04,cafef-expansion-v1-worker-04,run-20260925T125518Z-f0745c9f,NOT_STARTED,NOT_YET_ACQUIRED,0,,,,,,1,START_FROM_1,cafef-expansion-v1-worker-04.zip,d82238b839a1e3a2019514c5e3ba684b4a4a95c507ddfad03aa917bc87d207bd,True,1,58
GVT,KBS:UPCOM:GVT,worker-04,cafef-expansion-v1-worker-04,run-20260925T125518Z-f0745c9f,NOT_STARTED,NOT_YET_ACQUIRED,0,,,,,,1,START_FROM_1,cafef-expansion-v1-worker-04.zip,d82238b839a1e3a2019514c5e3ba684b4a4a95c507ddfad03aa917bc87d207bd,True,1,58
HAV,KBS:UPCOM:HAV,worker-04,cafef-expansion-v1-worker-04,run-20260925T125518Z-f0745c9f,NOT_STARTED,NOT_YET_ACQUIRED,0,,,,,,1,START_FROM_1,cafef-expansion-v1-worker-04.zip,d82238b839a1e3a2019514c5e3ba684b4a4a95c507ddfad03aa917bc87d207bd,True,1,58
HCT,KBS:HNX:HCT,worker-04,cafef-expansion-v1-worker-04,run-20260925T125518Z-f0745c9f,NOT_STARTED,NOT_YET_ACQUIRED,0,,,,,,1,START_FROM_1,cafef-expansion-v1-worker-04.zip,d82238b839a1e3a2019514c5e3ba684b4a4a95c507ddfad03aa917bc87d207bd,True,1,58
HHS,KBS:HOSE:HHS,worker-04,cafef-expansion-v1-worker-04,run-20260925T125518Z-f0745c9f,NOT_STARTED,NOT_YET_ACQUIRED,0,,,,,,1,START_FROM_1,cafef-expansion-v1-worker-04.zip,d82238b839a1e3a2019514c5e3ba684b4a4a95c507ddfad03aa917bc87d207bd,True,1,58
HOM,KBS:HNX:HOM,worker-04,cafef-expansion-v1-worker-04,run-20260925T125518Z-f0745c9f,NOT_STARTED,NOT_YET_ACQUIRED,0,,,,,,1,START_FROM_1,cafef-expansion-v1-worker-04.zip,d82238b839a1e3a2019514c5e3ba684b4a4a95c507ddfad03aa917bc87d207bd,True,1,58
HT1,KBS:HOSE:HT1,worker-04,cafef-expansion-v1-worker-04,run-20260925T125518Z-f0745c9f,NOT_STARTED,NOT_YET_ACQUIRED,0,,,,,,1,START_FROM_1,cafef-expansion-v1-worker-04.zip,d82238b839a1e3a2019514c5e3ba684b4a4a95c507ddfad03aa917bc87d207bd,True,1,58
HVH,KBS:HOSE:HVH,worker-04,cafef-expansion-v1-worker-04,run-20260925T125518Z-f0745c9f,NOT_STARTED,NOT_YET_ACQUIRED,0,,,,,,1,START_FROM_1,cafef-expansion-v1-worker-04.zip,d82238b839a1e3a2019514c5e3ba684b4a4a95c507ddfad03aa917bc87d207bd,True,1,58
IDI,KBS:HOSE:IDI,worker-04,cafef-expansion-v1-worker-04,run-20260925T125518Z-f0745c9f,NOT_STARTED,NOT_YET_ACQUIRED,0,,,,,,1,START_FROM_1,cafef-expansion-v1-worker-04.zip,d82238b839a1e3a2019514c5e3ba684b4a4a95c507ddfad03aa917bc87d207bd,True,1,58
ITQ,KBS:HNX:ITQ,worker-04,cafef-expansion-v1-worker-04,run-20260925T125518Z-f0745c9f,NOT_STARTED,NOT_YET_ACQUIRED,0,,,,,,1,START_FROM_1,cafef-expansion-v1-worker-04.zip,d82238b839a1e3a2019514c5e3ba684b4a4a95c507ddfad03aa917bc87d207bd,True,1,58
KMT,KBS:HNX:KMT,worker-04,cafef-expansion-v1-worker-04,run-20260925T125518Z-f0745c9f,NOT_STARTED,NOT_YET_ACQUIRED,0,,,,,,1,START_FROM_1,cafef-expansion-v1-worker-04.zip,d82238b839a1e3a2019514c5e3ba684b4a4a95c507ddfad03aa917bc87d207bd,True,1,58
L40,KBS:HNX:L40,worker-04,cafef-expansion-v1-worker-04,run-20260925T125518Z-f0745c9f,NOT_STARTED,NOT_YET_ACQUIRED,0,,,,,,1,START_FROM_1,cafef-expansion-v1-worker-04.zip,d82238b839a1e3a2019514c5e3ba684b4a4a95c507ddfad03aa917bc87d207bd,True,1,58
LGC,KBS:HOSE:LGC,worker-04,cafef-expansion-v1-worker-04,run-20260925T125518Z-f0745c9f,NOT_STARTED,NOT_YET_ACQUIRED,0,,,,,,1,START_FROM_1,cafef-expansion-v1-worker-04.zip,d82238b839a1e3a2019514c5e3ba684b4a4a95c507ddfad03aa917bc87d207bd,True,1,58
MBS,KBS:HNX:MBS,worker-04,cafef-expansion-v1-worker-04,run-20260925T125518Z-f0745c9f,NOT_STARTED,NOT_YET_ACQUIRED,0,,,,,,1,START_FROM_1,cafef-expansion-v1-worker-04.zip,d82238b839a1e3a2019514c5e3ba684b4a4a95c507ddfad03aa917bc87d207bd,True,1,58
MEL,KBS:HNX:MEL,worker-04,cafef-expansion-v1-worker-04,run-20260925T125518Z-f0745c9f,NOT_STARTED,NOT_YET_ACQUIRED,0,,,,,,1,START_FROM_1,cafef-expansion-v1-worker-04.zip,d82238b839a1e3a2019514c5e3ba684b4a4a95c507ddfad03aa917bc87d207bd,True,1,58
MZG,KBS:HOSE:MZG,worker-04,cafef-expansion-v1-worker-04,run-20260925T125518Z-f0745c9f,NOT_STARTED,NOT_YET_ACQUIRED,0,,,,,,1,START_FROM_1,cafef-expansion-v1-worker-04.zip,d82238b839a1e3a2019514c5e3ba684b4a4a95c507ddfad03aa917bc87d207bd,True,1,58
NBC,KBS:HNX:NBC,worker-04,cafef-expansion-v1-worker-04,run-20260925T125518Z-f0745c9f,NOT_STARTED,NOT_YET_ACQUIRED,0,,,,,,1,START_FROM_1,cafef-expansion-v1-worker-04.zip,d82238b839a1e3a2019514c5e3ba684b4a4a95c507ddfad03aa917bc87d207bd,True,1,58
NDX,KBS:HNX:NDX,worker-04,cafef-expansion-v1-worker-04,run-20260925T125518Z-f0745c9f,NOT_STARTED,NOT_YET_ACQUIRED,0,,,,,,1,START_FROM_1,cafef-expansion-v1-worker-04.zip,d82238b839a1e3a2019514c5e3ba684b4a4a95c507ddfad03aa917bc87d207bd,True,1,58
NHH,KBS:HOSE:NHH,worker-04,cafef-expansion-v1-worker-04,run-20260925T125518Z-f0745c9f,NOT_STARTED,NOT_YET_ACQUIRED,0,,,,,,1,START_FROM_1,cafef-expansion-v1-worker-04.zip,d82238b839a1e3a2019514c5e3ba684b4a4a95c507ddfad03aa917bc87d207bd,True,1,58
NSC,KBS:HOSE:NSC,worker-04,cafef-expansion-v1-worker-04,run-20260925T125518Z-f0745c9f,NOT_STARTED,NOT_YET_ACQUIRED,0,,,,,,1,START_FROM_1,cafef-expansion-v1-worker-04.zip,d82238b839a1e3a2019514c5e3ba684b4a4a95c507ddfad03aa917bc87d207bd,True,1,58
OCH,KBS:HNX:OCH,worker-04,cafef-expansion-v1-worker-04,run-20260925T125518Z-f0745c9f,NOT_STARTED,NOT_YET_ACQUIRED,0,,,,,,1,START_FROM_1,cafef-expansion-v1-worker-04.zip,d82238b839a1e3a2019514c5e3ba684b4a4a95c507ddfad03aa917bc87d207bd,True,1,58
PC1,KBS:HOSE:PC1,worker-04,cafef-expansion-v1-worker-04,run-20260925T125518Z-f0745c9f,NOT_STARTED,NOT_YET_ACQUIRED,0,,,,,,1,START_FROM_1,cafef-expansion-v1-worker-04.zip,d82238b839a1e3a2019514c5e3ba684b4a4a95c507ddfad03aa917bc87d207bd,True,1,58
PET,KBS:HOSE:PET,worker-04,cafef-expansion-v1-worker-04,run-20260925T125518Z-f0745c9f,NOT_STARTED,NOT_YET_ACQUIRED,0,,,,,,1,START_FROM_1,cafef-expansion-v1-worker-04.zip,d82238b839a1e3a2019514c5e3ba684b4a4a95c507ddfad03aa917bc87d207bd,True,1,58
PHC,KBS:HOSE:PHC,worker-04,cafef-expansion-v1-worker-04,run-20260925T125518Z-f0745c9f,NOT_STARTED,NOT_YET_ACQUIRED,0,,,,,,1,START_FROM_1,cafef-expansion-v1-worker-04.zip,d82238b839a1e3a2019514c5e3ba684b4a4a95c507ddfad03aa917bc87d207bd,True,1,58
PMG,KBS:HOSE:PMG,worker-04,cafef-expansion-v1-worker-04,run-20260925T125518Z-f0745c9f,NOT_STARTED,NOT_YET_ACQUIRED,0,,,,,,1,START_FROM_1,cafef-expansion-v1-worker-04.zip,d82238b839a1e3a2019514c5e3ba684b4a4a95c507ddfad03aa917bc87d207bd,True,1,58
PPC,KBS:HOSE:PPC,worker-04,cafef-expansion-v1-worker-04,run-20260925T125518Z-f0745c9f,NOT_STARTED,NOT_YET_ACQUIRED,0,,,,,,1,START_FROM_1,cafef-expansion-v1-worker-04.zip,d82238b839a1e3a2019514c5e3ba684b4a4a95c507ddfad03aa917bc87d207bd,True,1,58
PSC,KBS:HNX:PSC,worker-04,cafef-expansion-v1-worker-04,run-20260925T125518Z-f0745c9f,NOT_STARTED,NOT_YET_ACQUIRED,0,,,,,,1,START_FROM_1,cafef-expansion-v1-worker-04.zip,d82238b839a1e3a2019514c5e3ba684b4a4a95c507ddfad03aa917bc87d207bd,True,1,58
PTI,KBS:HNX:PTI,worker-04,cafef-expansion-v1-worker-04,run-20260925T125518Z-f0745c9f,NOT_STARTED,NOT_YET_ACQUIRED,0,,,,,,1,START_FROM_1,cafef-expansion-v1-worker-04.zip,d82238b839a1e3a2019514c5e3ba684b4a4a95c507ddfad03aa917bc87d207bd,True,1,58
QHD,KBS:HNX:QHD,worker-04,cafef-expansion-v1-worker-04,run-20260925T125518Z-f0745c9f,NOT_STARTED,NOT_YET_ACQUIRED,0,,,,,,1,START_FROM_1,cafef-expansion-v1-worker-04.zip,d82238b839a1e3a2019514c5e3ba684b4a4a95c507ddfad03aa917bc87d207bd,True,1,58
RCL,KBS:HNX:RCL,worker-04,cafef-expansion-v1-worker-04,run-20260925T125518Z-f0745c9f,NOT_STARTED,NOT_YET_ACQUIRED,0,,,,,,1,START_FROM_1,cafef-expansion-v1-worker-04.zip,d82238b839a1e3a2019514c5e3ba684b4a4a95c507ddfad03aa917bc87d207bd,True,1,58
SBT,KBS:HOSE:SBT,worker-04,cafef-expansion-v1-worker-04,run-20260925T125518Z-f0745c9f,NOT_STARTED,NOT_YET_ACQUIRED,0,,,,,,1,START_FROM_1,cafef-expansion-v1-worker-04.zip,d82238b839a1e3a2019514c5e3ba684b4a4a95c507ddfad03aa917bc87d207bd,True,1,58
SDC,KBS:HNX:SDC,worker-04,cafef-expansion-v1-worker-04,run-20260925T125518Z-f0745c9f,NOT_STARTED,NOT_YET_ACQUIRED,0,,,,,,1,START_FROM_1,cafef-expansion-v1-worker-04.zip,d82238b839a1e3a2019514c5e3ba684b4a4a95c507ddfad03aa917bc87d207bd,True,1,58
SFG,KBS:HOSE:SFG,worker-04,cafef-expansion-v1-worker-04,run-20260925T125518Z-f0745c9f,NOT_STARTED,NOT_YET_ACQUIRED,0,,,,,,1,START_FROM_1,cafef-expansion-v1-worker-04.zip,d82238b839a1e3a2019514c5e3ba684b4a4a95c507ddfad03aa917bc87d207bd,True,1,58
SGN,KBS:HOSE:SGN,worker-04,cafef-expansion-v1-worker-04,run-20260925T125518Z-f0745c9f,NOT_STARTED,NOT_YET_ACQUIRED,0,,,,,,1,START_FROM_1,cafef-expansion-v1-worker-04.zip,d82238b839a1e3a2019514c5e3ba684b4a4a95c507ddfad03aa917bc87d207bd,True,1,58
SHN,KBS:HNX:SHN,worker-04,cafef-expansion-v1-worker-04,run-20260925T125518Z-f0745c9f,NOT_STARTED,NOT_YET_ACQUIRED,0,,,,,,1,START_FROM_1,cafef-expansion-v1-worker-04.zip,d82238b839a1e3a2019514c5e3ba684b4a4a95c507ddfad03aa917bc87d207bd,True,1,58
SKG,KBS:HOSE:SKG,worker-04,cafef-expansion-v1-worker-04,run-20260925T125518Z-f0745c9f,NOT_STARTED,NOT_YET_ACQUIRED,0,,,,,,1,START_FROM_1,cafef-expansion-v1-worker-04.zip,d82238b839a1e3a2019514c5e3ba684b4a4a95c507ddfad03aa917bc87d207bd,True,1,58
SMT,KBS:HNX:SMT,worker-04,cafef-expansion-v1-worker-04,run-20260925T125518Z-f0745c9f,NOT_STARTED,NOT_YET_ACQUIRED,0,,,,,,1,START_FROM_1,cafef-expansion-v1-worker-04.zip,d82238b839a1e3a2019514c5e3ba684b4a4a95c507ddfad03aa917bc87d207bd,True,1,58
SPC,KBS:HNX:SPC,worker-05,cafef-expansion-v1-worker-05,run-20260925T092604Z-3397f3b7,RUNNING,ACQUISITION_PARTIAL,37,1,37,2022-03-18,2026-09-25,,38,CONTINUE_FROM_PAGE_N,cafef-expansion-v1-worker-05.zip,44f6e1e1c4141de1f5da2b1267b719a25a40e854444386ef1360907a330370a0,True,38,21
SSM,KBS:HNX:SSM,worker-04,cafef-expansion-v1-worker-04,run-20260925T125518Z-f0745c9f,NOT_STARTED,NOT_YET_ACQUIRED,0,,,,,,1,START_FROM_1,cafef-expansion-v1-worker-04.zip,d82238b839a1e3a2019514c5e3ba684b4a4a95c507ddfad03aa917bc87d207bd,True,1,58
ST8,KBS:HOSE:ST8,worker-05,cafef-expansion-v1-worker-05,run-20260925T092604Z-3397f3b7,NOT_STARTED,NOT_YET_ACQUIRED,0,,,,,,1,START_FROM_1,cafef-expansion-v1-worker-05.zip,44f6e1e1c4141de1f5da2b1267b719a25a40e854444386ef1360907a330370a0,True,1,58
SVD,KBS:HOSE:SVD,worker-04,cafef-expansion-v1-worker-04,run-20260925T125518Z-f0745c9f,NOT_STARTED,NOT_YET_ACQUIRED,0,,,,,,1,START_FROM_1,cafef-expansion-v1-worker-04.zip,d82238b839a1e3a2019514c5e3ba684b4a4a95c507ddfad03aa917bc87d207bd,True,1,58
SZB,KBS:HNX:SZB,worker-05,cafef-expansion-v1-worker-05,run-20260925T092604Z-3397f3b7,NOT_STARTED,NOT_YET_ACQUIRED,0,,,,,,1,START_FROM_1,cafef-expansion-v1-worker-05.zip,44f6e1e1c4141de1f5da2b1267b719a25a40e854444386ef1360907a330370a0,True,1,58
TBC,KBS:HOSE:TBC,worker-04,cafef-expansion-v1-worker-04,run-20260925T125518Z-f0745c9f,NOT_STARTED,NOT_YET_ACQUIRED,0,,,,,,1,START_FROM_1,cafef-expansion-v1-worker-04.zip,d82238b839a1e3a2019514c5e3ba684b4a4a95c507ddfad03aa917bc87d207bd,True,1,58
TCH,KBS:HOSE:TCH,worker-05,cafef-expansion-v1-worker-05,run-20260925T092604Z-3397f3b7,NOT_STARTED,NOT_YET_ACQUIRED,0,,,,,,1,START_FROM_1,cafef-expansion-v1-worker-05.zip,44f6e1e1c4141de1f5da2b1267b719a25a40e854444386ef1360907a330370a0,True,1,58
TCT,KBS:HOSE:TCT,worker-04,cafef-expansion-v1-worker-04,run-20260925T125518Z-f0745c9f,NOT_STARTED,NOT_YET_ACQUIRED,0,,,,,,1,START_FROM_1,cafef-expansion-v1-worker-04.zip,d82238b839a1e3a2019514c5e3ba684b4a4a95c507ddfad03aa917bc87d207bd,True,1,58
TCX,KBS:HOSE:TCX,worker-05,cafef-expansion-v1-worker-05,run-20260925T092604Z-3397f3b7,NOT_STARTED,NOT_YET_ACQUIRED,0,,,,,,1,START_FROM_1,cafef-expansion-v1-worker-05.zip,44f6e1e1c4141de1f5da2b1267b719a25a40e854444386ef1360907a330370a0,True,1,58
TDH,KBS:HOSE:TDH,worker-04,cafef-expansion-v1-worker-04,run-20260925T125518Z-f0745c9f,NOT_STARTED,NOT_YET_ACQUIRED,0,,,,,,1,START_FROM_1,cafef-expansion-v1-worker-04.zip,d82238b839a1e3a2019514c5e3ba684b4a4a95c507ddfad03aa917bc87d207bd,True,1,58
TDM,KBS:HOSE:TDM,worker-05,cafef-expansion-v1-worker-05,run-20260925T092604Z-3397f3b7,NOT_STARTED,NOT_YET_ACQUIRED,0,,,,,,1,START_FROM_1,cafef-expansion-v1-worker-05.zip,44f6e1e1c4141de1f5da2b1267b719a25a40e854444386ef1360907a330370a0,True,1,58
TFC,KBS:HNX:TFC,worker-04,cafef-expansion-v1-worker-04,run-20260925T125518Z-f0745c9f,NOT_STARTED,NOT_YET_ACQUIRED,0,,,,,,1,START_FROM_1,cafef-expansion-v1-worker-04.zip,d82238b839a1e3a2019514c5e3ba684b4a4a95c507ddfad03aa917bc87d207bd,True,1,58
THB,KBS:HNX:THB,worker-05,cafef-expansion-v1-worker-05,run-20260925T092604Z-3397f3b7,NOT_STARTED,NOT_YET_ACQUIRED,0,,,,,,1,START_FROM_1,cafef-expansion-v1-worker-05.zip,44f6e1e1c4141de1f5da2b1267b719a25a40e854444386ef1360907a330370a0,True,1,58
TJC,KBS:HNX:TJC,worker-04,cafef-expansion-v1-worker-04,run-20260925T125518Z-f0745c9f,NOT_STARTED,NOT_YET_ACQUIRED,0,,,,,,1,START_FROM_1,cafef-expansion-v1-worker-04.zip,d82238b839a1e3a2019514c5e3ba684b4a4a95c507ddfad03aa917bc87d207bd,True,1,58
TLD,KBS:HOSE:TLD,worker-05,cafef-expansion-v1-worker-05,run-20260925T092604Z-3397f3b7,NOT_STARTED,NOT_YET_ACQUIRED,0,,,,,,1,START_FROM_1,cafef-expansion-v1-worker-05.zip,44f6e1e1c4141de1f5da2b1267b719a25a40e854444386ef1360907a330370a0,True,1,58
TMC,KBS:HNX:TMC,worker-04,cafef-expansion-v1-worker-04,run-20260925T125518Z-f0745c9f,NOT_STARTED,NOT_YET_ACQUIRED,0,,,,,,1,START_FROM_1,cafef-expansion-v1-worker-04.zip,d82238b839a1e3a2019514c5e3ba684b4a4a95c507ddfad03aa917bc87d207bd,True,1,58
TMP,KBS:HOSE:TMP,worker-05,cafef-expansion-v1-worker-05,run-20260925T092604Z-3397f3b7,NOT_STARTED,NOT_YET_ACQUIRED,0,,,,,,1,START_FROM_1,cafef-expansion-v1-worker-05.zip,44f6e1e1c4141de1f5da2b1267b719a25a40e854444386ef1360907a330370a0,True,1,58
TPC,KBS:HOSE:TPC,worker-04,cafef-expansion-v1-worker-04,run-20260925T125518Z-f0745c9f,NOT_STARTED,NOT_YET_ACQUIRED,0,,,,,,1,START_FROM_1,cafef-expansion-v1-worker-04.zip,d82238b839a1e3a2019514c5e3ba684b4a4a95c507ddfad03aa917bc87d207bd,True,1,58
TPP,KBS:HNX:TPP,worker-05,cafef-expansion-v1-worker-05,run-20260925T092604Z-3397f3b7,NOT_STARTED,NOT_YET_ACQUIRED,0,,,,,,1,START_FROM_1,cafef-expansion-v1-worker-05.zip,44f6e1e1c4141de1f5da2b1267b719a25a40e854444386ef1360907a330370a0,True,1,58
TSB,KBS:HNX:TSB,worker-03,cafef-expansion-v1-worker-03,run-20260925T084030Z-cc2314fc,RUNNING,ACQUISITION_PARTIAL,31,1,31,2022-12-07,2026-09-25,,32,CONTINUE_FROM_PAGE_N,cafef-expansion-v1-worker-03.zip,74599201ecf4f3eb1301d2bc777ea0f32cd39b3c0ae6241d7e058a04bb271b49,True,32,27
TSC,KBS:HOSE:TSC,worker-04,cafef-expansion-v1-worker-04,run-20260925T125518Z-f0745c9f,NOT_STARTED,NOT_YET_ACQUIRED,0,,,,,,1,START_FROM_1,cafef-expansion-v1-worker-04.zip,d82238b839a1e3a2019514c5e3ba684b4a4a95c507ddfad03aa917bc87d207bd,True,1,58
TTA,KBS:HOSE:TTA,worker-05,cafef-expansion-v1-worker-05,run-20260925T092604Z-3397f3b7,NOT_STARTED,NOT_YET_ACQUIRED,0,,,,,,1,START_FROM_1,cafef-expansion-v1-worker-05.zip,44f6e1e1c4141de1f5da2b1267b719a25a40e854444386ef1360907a330370a0,True,1,58
TTF,KBS:HOSE:TTF,worker-03,cafef-expansion-v1-worker-03,run-20260925T084030Z-cc2314fc,NOT_STARTED,NOT_YET_ACQUIRED,0,,,,,,1,START_FROM_1,cafef-expansion-v1-worker-03.zip,74599201ecf4f3eb1301d2bc777ea0f32cd39b3c0ae6241d7e058a04bb271b49,True,1,58
TTL,KBS:HNX:TTL,worker-04,cafef-expansion-v1-worker-04,run-20260925T125518Z-f0745c9f,NOT_STARTED,NOT_YET_ACQUIRED,0,,,,,,1,START_FROM_1,cafef-expansion-v1-worker-04.zip,d82238b839a1e3a2019514c5e3ba684b4a4a95c507ddfad03aa917bc87d207bd,True,1,58
TV4,KBS:HNX:TV4,worker-05,cafef-expansion-v1-worker-05,run-20260925T092604Z-3397f3b7,NOT_STARTED,NOT_YET_ACQUIRED,0,,,,,,1,START_FROM_1,cafef-expansion-v1-worker-05.zip,44f6e1e1c4141de1f5da2b1267b719a25a40e854444386ef1360907a330370a0,True,1,58
TXM,KBS:HNX:TXM,worker-03,cafef-expansion-v1-worker-03,run-20260925T084030Z-cc2314fc,NOT_STARTED,NOT_YET_ACQUIRED,0,,,,,,1,START_FROM_1,cafef-expansion-v1-worker-03.zip,74599201ecf4f3eb1301d2bc777ea0f32cd39b3c0ae6241d7e058a04bb271b49,True,1,58
TYA,KBS:HOSE:TYA,worker-04,cafef-expansion-v1-worker-04,run-20260925T125518Z-f0745c9f,NOT_STARTED,NOT_YET_ACQUIRED,0,,,,,,1,START_FROM_1,cafef-expansion-v1-worker-04.zip,d82238b839a1e3a2019514c5e3ba684b4a4a95c507ddfad03aa917bc87d207bd,True,1,58
VBB,KBS:HOSE:VBB,worker-05,cafef-expansion-v1-worker-05,run-20260925T092604Z-3397f3b7,NOT_STARTED,NOT_YET_ACQUIRED,0,,,,,,1,START_FROM_1,cafef-expansion-v1-worker-05.zip,44f6e1e1c4141de1f5da2b1267b719a25a40e854444386ef1360907a330370a0,True,1,58
VC2,KBS:HNX:VC2,worker-03,cafef-expansion-v1-worker-03,run-20260925T084030Z-cc2314fc,NOT_STARTED,NOT_YET_ACQUIRED,0,,,,,,1,START_FROM_1,cafef-expansion-v1-worker-03.zip,74599201ecf4f3eb1301d2bc777ea0f32cd39b3c0ae6241d7e058a04bb271b49,True,1,58
VC3,KBS:HNX:VC3,worker-04,cafef-expansion-v1-worker-04,run-20260925T125518Z-f0745c9f,NOT_STARTED,NOT_YET_ACQUIRED,0,,,,,,1,START_FROM_1,cafef-expansion-v1-worker-04.zip,d82238b839a1e3a2019514c5e3ba684b4a4a95c507ddfad03aa917bc87d207bd,True,1,58
VC6,KBS:HNX:VC6,worker-05,cafef-expansion-v1-worker-05,run-20260925T092604Z-3397f3b7,NOT_STARTED,NOT_YET_ACQUIRED,0,,,,,,1,START_FROM_1,cafef-expansion-v1-worker-05.zip,44f6e1e1c4141de1f5da2b1267b719a25a40e854444386ef1360907a330370a0,True,1,58
VCF,KBS:HOSE:VCF,worker-03,cafef-expansion-v1-worker-03,run-20260925T084030Z-cc2314fc,NOT_STARTED,NOT_YET_ACQUIRED,0,,,,,,1,START_FROM_1,cafef-expansion-v1-worker-03.zip,74599201ecf4f3eb1301d2bc777ea0f32cd39b3c0ae6241d7e058a04bb271b49,True,1,58
VCI,KBS:HOSE:VCI,worker-04,cafef-expansion-v1-worker-04,run-20260925T125518Z-f0745c9f,NOT_STARTED,NOT_YET_ACQUIRED,0,,,,,,1,START_FROM_1,cafef-expansion-v1-worker-04.zip,d82238b839a1e3a2019514c5e3ba684b4a4a95c507ddfad03aa917bc87d207bd,True,1,58
VCK,KBS:HOSE:VCK,worker-05,cafef-expansion-v1-worker-05,run-20260925T092604Z-3397f3b7,NOT_STARTED,NOT_YET_ACQUIRED,0,,,,,,1,START_FROM_1,cafef-expansion-v1-worker-05.zip,44f6e1e1c4141de1f5da2b1267b719a25a40e854444386ef1360907a330370a0,True,1,58
VDP,KBS:HOSE:VDP,worker-03,cafef-expansion-v1-worker-03,run-20260925T084030Z-cc2314fc,NOT_STARTED,NOT_YET_ACQUIRED,0,,,,,,1,START_FROM_1,cafef-expansion-v1-worker-03.zip,74599201ecf4f3eb1301d2bc777ea0f32cd39b3c0ae6241d7e058a04bb271b49,True,1,58
VE1,KBS:HNX:VE1,worker-04,cafef-expansion-v1-worker-04,run-20260925T125518Z-f0745c9f,NOT_STARTED,NOT_YET_ACQUIRED,0,,,,,,1,START_FROM_1,cafef-expansion-v1-worker-04.zip,d82238b839a1e3a2019514c5e3ba684b4a4a95c507ddfad03aa917bc87d207bd,True,1,58
VE4,KBS:HNX:VE4,worker-05,cafef-expansion-v1-worker-05,run-20260925T092604Z-3397f3b7,NOT_STARTED,NOT_YET_ACQUIRED,0,,,,,,1,START_FROM_1,cafef-expansion-v1-worker-05.zip,44f6e1e1c4141de1f5da2b1267b719a25a40e854444386ef1360907a330370a0,True,1,58
VIB,KBS:HOSE:VIB,worker-03,cafef-expansion-v1-worker-03,run-20260925T084030Z-cc2314fc,NOT_STARTED,NOT_YET_ACQUIRED,0,,,,,,1,START_FROM_1,cafef-expansion-v1-worker-03.zip,74599201ecf4f3eb1301d2bc777ea0f32cd39b3c0ae6241d7e058a04bb271b49,True,1,58
VIC,KBS:HOSE:VIC,worker-04,cafef-expansion-v1-worker-04,run-20260925T125518Z-f0745c9f,NOT_STARTED,NOT_YET_ACQUIRED,0,,,,,,1,START_FROM_1,cafef-expansion-v1-worker-04.zip,d82238b839a1e3a2019514c5e3ba684b4a4a95c507ddfad03aa917bc87d207bd,True,1,58
VIF,KBS:HNX:VIF,worker-05,cafef-expansion-v1-worker-05,run-20260925T092604Z-3397f3b7,NOT_STARTED,NOT_YET_ACQUIRED,0,,,,,,1,START_FROM_1,cafef-expansion-v1-worker-05.zip,44f6e1e1c4141de1f5da2b1267b719a25a40e854444386ef1360907a330370a0,True,1,58
VLA,KBS:HNX:VLA,worker-03,cafef-expansion-v1-worker-03,run-20260925T084030Z-cc2314fc,NOT_STARTED,NOT_YET_ACQUIRED,0,,,,,,1,START_FROM_1,cafef-expansion-v1-worker-03.zip,74599201ecf4f3eb1301d2bc777ea0f32cd39b3c0ae6241d7e058a04bb271b49,True,1,58
VMS,KBS:HNX:VMS,worker-04,cafef-expansion-v1-worker-04,run-20260925T125518Z-f0745c9f,NOT_STARTED,NOT_YET_ACQUIRED,0,,,,,,1,START_FROM_1,cafef-expansion-v1-worker-04.zip,d82238b839a1e3a2019514c5e3ba684b4a4a95c507ddfad03aa917bc87d207bd,True,1,58
VNC,KBS:HNX:VNC,worker-05,cafef-expansion-v1-worker-05,run-20260925T092604Z-3397f3b7,NOT_STARTED,NOT_YET_ACQUIRED,0,,,,,,1,START_FROM_1,cafef-expansion-v1-worker-05.zip,44f6e1e1c4141de1f5da2b1267b719a25a40e854444386ef1360907a330370a0,True,1,58
VNL,KBS:HOSE:VNL,worker-03,cafef-expansion-v1-worker-03,run-20260925T084030Z-cc2314fc,NOT_STARTED,NOT_YET_ACQUIRED,0,,,,,,1,START_FROM_1,cafef-expansion-v1-worker-03.zip,74599201ecf4f3eb1301d2bc777ea0f32cd39b3c0ae6241d7e058a04bb271b49,True,1,58
VNR,KBS:HNX:VNR,worker-04,cafef-expansion-v1-worker-04,run-20260925T125518Z-f0745c9f,NOT_STARTED,NOT_YET_ACQUIRED,0,,,,,,1,START_FROM_1,cafef-expansion-v1-worker-04.zip,d82238b839a1e3a2019514c5e3ba684b4a4a95c507ddfad03aa917bc87d207bd,True,1,58
VNS,KBS:HOSE:VNS,worker-05,cafef-expansion-v1-worker-05,run-20260925T092604Z-3397f3b7,NOT_STARTED,NOT_YET_ACQUIRED,0,,,,,,1,START_FROM_1,cafef-expansion-v1-worker-05.zip,44f6e1e1c4141de1f5da2b1267b719a25a40e854444386ef1360907a330370a0,True,1,58
VPD,KBS:HOSE:VPD,worker-03,cafef-expansion-v1-worker-03,run-20260925T084030Z-cc2314fc,NOT_STARTED,NOT_YET_ACQUIRED,0,,,,,,1,START_FROM_1,cafef-expansion-v1-worker-03.zip,74599201ecf4f3eb1301d2bc777ea0f32cd39b3c0ae6241d7e058a04bb271b49,True,1,58
VPH,KBS:HOSE:VPH,worker-04,cafef-expansion-v1-worker-04,run-20260925T125518Z-f0745c9f,NOT_STARTED,NOT_YET_ACQUIRED,0,,,,,,1,START_FROM_1,cafef-expansion-v1-worker-04.zip,d82238b839a1e3a2019514c5e3ba684b4a4a95c507ddfad03aa917bc87d207bd,True,1,58
VPI,KBS:HOSE:VPI,worker-05,cafef-expansion-v1-worker-05,run-20260925T092604Z-3397f3b7,NOT_STARTED,NOT_YET_ACQUIRED,0,,,,,,1,START_FROM_1,cafef-expansion-v1-worker-05.zip,44f6e1e1c4141de1f5da2b1267b719a25a40e854444386ef1360907a330370a0,True,1,58
VPX,KBS:HOSE:VPX,worker-03,cafef-expansion-v1-worker-03,run-20260925T084030Z-cc2314fc,NOT_STARTED,NOT_YET_ACQUIRED,0,,,,,,1,START_FROM_1,cafef-expansion-v1-worker-03.zip,74599201ecf4f3eb1301d2bc777ea0f32cd39b3c0ae6241d7e058a04bb271b49,True,1,58
VRC,KBS:HOSE:VRC,worker-04,cafef-expansion-v1-worker-04,run-20260925T125518Z-f0745c9f,NOT_STARTED,NOT_YET_ACQUIRED,0,,,,,,1,START_FROM_1,cafef-expansion-v1-worker-04.zip,d82238b839a1e3a2019514c5e3ba684b4a4a95c507ddfad03aa917bc87d207bd,True,1,58
VRE,KBS:HOSE:VRE,worker-05,cafef-expansion-v1-worker-05,run-20260925T092604Z-3397f3b7,NOT_STARTED,NOT_YET_ACQUIRED,0,,,,,,1,START_FROM_1,cafef-expansion-v1-worker-05.zip,44f6e1e1c4141de1f5da2b1267b719a25a40e854444386ef1360907a330370a0,True,1,58
VSM,KBS:HNX:VSM,worker-03,cafef-expansion-v1-worker-03,run-20260925T084030Z-cc2314fc,NOT_STARTED,NOT_YET_ACQUIRED,0,,,,,,1,START_FROM_1,cafef-expansion-v1-worker-03.zip,74599201ecf4f3eb1301d2bc777ea0f32cd39b3c0ae6241d7e058a04bb271b49,True,1,58
VTB,KBS:HOSE:VTB,worker-04,cafef-expansion-v1-worker-04,run-20260925T125518Z-f0745c9f,NOT_STARTED,NOT_YET_ACQUIRED,0,,,,,,1,START_FROM_1,cafef-expansion-v1-worker-04.zip,d82238b839a1e3a2019514c5e3ba684b4a4a95c507ddfad03aa917bc87d207bd,True,1,58
VTJ,KBS:HNX:VTJ,worker-05,cafef-expansion-v1-worker-05,run-20260925T092604Z-3397f3b7,NOT_STARTED,NOT_YET_ACQUIRED,0,,,,,,1,START_FROM_1,cafef-expansion-v1-worker-05.zip,44f6e1e1c4141de1f5da2b1267b719a25a40e854444386ef1360907a330370a0,True,1,58
WCS,KBS:HNX:WCS,worker-03,cafef-expansion-v1-worker-03,run-20260925T084030Z-cc2314fc,NOT_STARTED,NOT_YET_ACQUIRED,0,,,,,,1,START_FROM_1,cafef-expansion-v1-worker-03.zip,74599201ecf4f3eb1301d2bc777ea0f32cd39b3c0ae6241d7e058a04bb271b49,True,1,58
YBM,KBS:HOSE:YBM,worker-04,cafef-expansion-v1-worker-04,run-20260925T125518Z-f0745c9f,NOT_STARTED,NOT_YET_ACQUIRED,0,,,,,,1,START_FROM_1,cafef-expansion-v1-worker-04.zip,d82238b839a1e3a2019514c5e3ba684b4a4a95c507ddfad03aa917bc87d207bd,True,1,58
YEG,KBS:HOSE:YEG,worker-05,cafef-expansion-v1-worker-05,run-20260925T092604Z-3397f3b7,NOT_STARTED,NOT_YET_ACQUIRED,0,,,,,,1,START_FROM_1,cafef-expansion-v1-worker-05.zip,44f6e1e1c4141de1f5da2b1267b719a25a40e854444386ef1360907a330370a0,True,1,58
