calinski_harabasz,cluster_sizes,converged,davies_bouldin,inertia,k,silhouette,snapshot_date
15.021275583300698,"{""0"": 6, ""1"": 4}",True,0.6491319131448499,10.425139090645896,2,0.45791505836784563,2024-01-31
20.12904855582821,"{""0"": 3, ""1"": 4, ""2"": 3}",True,0.6383100379212715,4.443682941863577,3,0.4426442238392375,2024-01-31
19.023567081436745,"{""0"": 3, ""1"": 2, ""2"": 3, ""3"": 2}",True,0.6493937693257414,2.853940045834487,4,0.45869998314527477,2024-01-31
21.604874726307667,"{""0"": 2, ""1"": 2, ""2"": 3, ""3"": 2, ""4"": 1}",True,0.4327863426617783,1.6407878165630327,5,0.4580683935335746,2024-01-31
28.37699128803522,"{""0"": 1, ""1"": 2, ""2"": 2, ""3"": 2, ""4"": 2, ""5"": 1}",True,0.3881486540480982,0.8225659651837309,6,0.4042440867745713,2024-01-31
31.032821488952717,"{""0"": 1, ""1"": 2, ""2"": 2, ""3"": 2, ""4"": 1, ""5"": 1, ""6"": 1}",True,0.27646272391990295,0.47569482500178856,7,0.32821895088631403,2024-01-31
35.47603934230612,"{""0"": 2, ""1"": 1, ""2"": 1, ""3"": 1, ""4"": 2, ""5"": 1, ""6"": 1, ""7"": 1}",True,0.20343293187806008,0.2396814390196067,8,0.2467687572101892,2024-01-31
127.96832959998201,"{""0"": 1, ""1"": 1, ""2"": 2, ""3"": 1, ""4"": 1, ""5"": 1, ""6"": 1, ""7"": 1, ""8"": 1}",True,0.0543701820825438,0.02927552911389483,9,0.15946453117631681,2024-01-31
12.210528101739657,"{""0"": 6, ""1"": 4}",True,0.7116139018186773,11.874998950638087,2,0.4605567788606306,2024-02-29
13.927261598355972,"{""0"": 4, ""1"": 4, ""2"": 2}",True,0.6342687272141196,6.025042971174848,3,0.4380938038866124,2024-02-29
11.901066268323953,"{""0"": 4, ""1"": 3, ""2"": 2, ""3"": 1}",True,0.6010201901542336,4.316215665896123,4,0.3455629793089876,2024-02-29
15.975820437854328,"{""0"": 3, ""1"": 2, ""2"": 2, ""3"": 2, ""4"": 1}",True,0.5907377515469091,2.1769645245803484,5,0.3538376983892221,2024-02-29
16.85904126647227,"{""0"": 1, ""1"": 2, ""2"": 3, ""3"": 2, ""4"": 1, ""5"": 1}",True,0.39954862438535366,1.359077179663585,6,0.27501017604546746,2024-02-29
19.160830054016177,"{""0"": 2, ""1"": 2, ""2"": 1, ""3"": 1, ""4"": 2, ""5"": 1, ""6"": 1}",True,0.29082638387062953,0.7629382868774609,7,0.299217070045349,2024-02-29
29.44213176802272,"{""0"": 2, ""1"": 1, ""2"": 2, ""3"": 1, ""4"": 1, ""5"": 1, ""6"": 1, ""7"": 1}",True,0.20109448677827035,0.2883299569008324,8,0.21739271500965812,2024-02-29
64.68583649317357,"{""0"": 1, ""1"": 2, ""2"": 1, ""3"": 1, ""4"": 1, ""5"": 1, ""6"": 1, ""7"": 1, ""8"": 1}",True,0.11251108423037812,0.05786069433612359,9,0.11761409222512197,2024-02-29
13.525386202621325,"{""0"": 6, ""1"": 4}",True,0.6298522582024045,11.149625736832224,2,0.45572876071943685,2024-03-29
14.409535431478087,"{""0"": 2, ""1"": 3, ""2"": 5}",True,0.7396118029165029,5.862798641635914,3,0.4442867629603085,2024-03-29
18.22004470709148,"{""0"": 1, ""1"": 3, ""2"": 1, ""3"": 5}",True,0.35808191102448084,2.9673524895302075,4,0.41662511316441836,2024-03-29
25.027328433670473,"{""0"": 1, ""1"": 2, ""2"": 1, ""3"": 3, ""4"": 3}",True,0.4421320542871118,1.4270857136279251,5,0.36075887898787157,2024-03-29
27.61421014782583,"{""0"": 1, ""1"": 2, ""2"": 1, ""3"": 3, ""4"": 2, ""5"": 1}",True,0.3106912301149103,0.8446477968290949,6,0.33472229809800397,2024-03-29
25.994488999545545,"{""0"": 1, ""1"": 2, ""2"": 1, ""3"": 2, ""4"": 2, ""5"": 1, ""6"": 1}",True,0.35755063663085207,0.5661554748331734,7,0.17299705917371413,2024-03-29
25.554272765725674,"{""0"": 1, ""1"": 1, ""2"": 2, ""3"": 2, ""4"": 1, ""5"": 1, ""6"": 1, ""7"": 1}",True,0.25034317113347804,0.33171179824375796,8,0.15599180278134553,2024-03-29
28.67644488391362,"{""0"": 1, ""1"": 1, ""2"": 1, ""3"": 1, ""4"": 1, ""5"": 1, ""6"": 2, ""7"": 1, ""8"": 1}",True,0.16077704728881653,0.1302018011636102,9,0.08792149047158361,2024-03-29
14.9234216536386,"{""0"": 6, ""1"": 4}",True,0.5761587068017928,10.469641209165001,2,0.5016762455461736,2024-04-26
15.4958595637329,"{""0"": 4, ""1"": 3, ""2"": 3}",True,0.8197604592222107,5.527520333981997,3,0.4314907171240266,2024-04-26
15.545285755791525,"{""0"": 2, ""1"": 4, ""2"": 3, ""3"": 1}",True,0.4876947645703638,3.4197220173626746,4,0.4342837261391563,2024-04-26
21.536796420872516,"{""0"": 1, ""1"": 2, ""2"": 4, ""3"": 1, ""4"": 2}",True,0.37297355775982965,1.6456898682629346,5,0.44305082038445726,2024-04-26
25.263013286087727,"{""0"": 2, ""1"": 1, ""2"": 1, ""3"": 2, ""4"": 2, ""5"": 2}",True,0.4315457862312565,0.9208451738314943,6,0.3495369435707142,2024-04-26
26.456766938549077,"{""0"": 2, ""1"": 1, ""2"": 1, ""3"": 2, ""4"": 1, ""5"": 2, ""6"": 1}",True,0.3218179544015847,0.5564465514055953,7,0.25853720323067547,2024-04-26
37.842111419787294,"{""0"": 2, ""1"": 1, ""2"": 1, ""3"": 2, ""4"": 1, ""5"": 1, ""6"": 1, ""7"": 1}",True,0.20325199849062056,0.22480769393025662,8,0.173896688084858,2024-04-26
48.22823021498943,"{""0"": 2, ""1"": 1, ""2"": 1, ""3"": 1, ""4"": 1, ""5"": 1, ""6"": 1, ""7"": 1, ""8"": 1}",True,0.14288164008503842,0.0775542809306979,9,0.07371161292782193,2024-04-26
12.793096521998022,"{""0"": 6, ""1"": 4}",True,0.73082671337853,11.54229240200431,2,0.4482803796836969,2024-05-31
14.54300197978894,"{""0"": 4, ""1"": 4, ""2"": 2}",True,0.6218017504938526,5.819430719877816,3,0.48142099322895315,2024-05-31
13.884558310449028,"{""0"": 4, ""1"": 2, ""2"": 1, ""3"": 3}",True,0.619095817314613,3.7772532812908866,4,0.4222389180759364,2024-05-31
18.589083958474383,"{""0"": 4, ""1"": 2, ""2"": 1, ""3"": 1, ""4"": 2}",True,0.3699336714420979,1.890208241393205,5,0.4578638023671256,2024-05-31
37.776250321400894,"{""0"": 2, ""1"": 1, ""2"": 2, ""3"": 2, ""4"": 1, ""5"": 2}",True,0.31528663196244205,0.6221444489820089,6,0.4767432180408898,2024-05-31
38.08388643785646,"{""0"": 2, ""1"": 1, ""2"": 2, ""3"": 1, ""4"": 1, ""5"": 2, ""6"": 1}",True,0.21397537713762885,0.38876332544050823,7,0.38435957667833814,2024-05-31
40.8055261246421,"{""0"": 1, ""1"": 1, ""2"": 1, ""3"": 1, ""4"": 2, ""5"": 1, ""6"": 1, ""7"": 2}",True,0.15257325718636444,0.20859503110225608,8,0.2620813149220255,2024-05-31
44.62259751805175,"{""0"": 1, ""1"": 1, ""2"": 1, ""3"": 1, ""4"": 1, ""5"": 1, ""6"": 1, ""7"": 2, ""8"": 1}",True,0.1278616783582511,0.08380338181255884,9,0.11728429455033432,2024-05-31
12.305578886715287,"{""0"": 4, ""1"": 6}",True,0.7384464606111241,11.819411864047742,2,0.4601856016400462,2024-06-28
13.080048981349963,"{""0"": 3, ""1"": 4, ""2"": 3}",True,0.6563303650180855,6.332912533497884,3,0.4614542352857406,2024-06-28
12.554075022980381,"{""0"": 3, ""1"": 3, ""2"": 1, ""3"": 3}",True,0.540983707934356,4.122556734472104,4,0.41422753610727586,2024-06-28
17.87080368772955,"{""0"": 2, ""1"": 3, ""2"": 3, ""3"": 1, ""4"": 1}",True,0.35173970925046694,1.9612146336748908,5,0.4523070857337013,2024-06-28
23.94060882127486,"{""0"": 2, ""1"": 3, ""2"": 2, ""3"": 1, ""4"": 1, ""5"": 1}",True,0.30299797305182763,0.97006505269838,6,0.37432026828784193,2024-06-28
47.08441364244979,"{""0"": 2, ""1"": 1, ""2"": 2, ""3"": 1, ""4"": 1, ""5"": 1, ""6"": 2}",True,0.183426974561603,0.3152292705067314,7,0.3817678676861452,2024-06-28
66.18041017848333,"{""0"": 1, ""1"": 2, ""2"": 1, ""3"": 1, ""4"": 1, ""5"": 1, ""6"": 2, ""7"": 1}",True,0.124350642323899,0.12895935546904988,8,0.2870351330893987,2024-06-28
104.58414291732139,"{""0"": 1, ""1"": 1, ""2"": 1, ""3"": 1, ""4"": 1, ""5"": 1, ""6"": 2, ""7"": 1, ""8"": 1}",True,0.07868634048069549,0.0358134915015111,9,0.14636015877739833,2024-06-28
9.371074174109417,"{""0"": 7, ""1"": 3}",True,0.7654995755271118,13.816071337586374,2,0.40179968289426066,2024-07-31
10.494505082397193,"{""0"": 3, ""1"": 3, ""2"": 4}",True,0.6477714997098513,7.502944861699532,3,0.4294200200205967,2024-07-31
18.77042058103746,"{""0"": 2, ""1"": 3, ""2"": 2, ""3"": 3}",True,0.5316511821199109,2.888723401912118,4,0.533007391380446,2024-07-31
20.56345888889796,"{""0"": 2, ""1"": 3, ""2"": 3, ""3"": 1, ""4"": 1}",True,0.386219340328674,1.7191221342290546,5,0.42519544744178867,2024-07-31
24.904377833319316,"{""0"": 1, ""1"": 3, ""2"": 3, ""3"": 1, ""4"": 1, ""5"": 1}",True,0.2400487889322934,0.9336930913336476,6,0.4000678041464262,2024-07-31
26.57028186544846,"{""0"": 1, ""1"": 1, ""2"": 3, ""3"": 1, ""4"": 1, ""5"": 1, ""6"": 2}",True,0.22820983718368199,0.5541131811835867,7,0.265092421421842,2024-07-31
32.548632156679936,"{""0"": 1, ""1"": 2, ""2"": 1, ""3"": 2, ""4"": 1, ""5"": 1, ""6"": 1, ""7"": 1}",True,0.2345657771841883,0.26105068320658065,8,0.12246828953563074,2024-07-31
48.4221515319257,"{""0"": 1, ""1"": 2, ""2"": 1, ""3"": 1, ""4"": 1, ""5"": 1, ""6"": 1, ""7"": 1, ""8"": 1}",True,0.1269602746119848,0.07724449080259457,9,0.0722657837058749,2024-07-31
8.534023847392357,"{""0"": 4, ""1"": 6}",True,0.7550371628315014,14.51552279198214,2,0.4164089641511852,2024-08-30
12.379018454184987,"{""0"": 4, ""1"": 2, ""2"": 4}",True,0.5062459244047439,6.61249939994413,3,0.5474423041330522,2024-08-30
20.653244110274784,"{""0"": 3, ""1"": 1, ""2"": 2, ""3"": 4}",True,0.3673414902533564,2.648627265389593,4,0.5536276949952137,2024-08-30
21.98056001685625,"{""0"": 1, ""1"": 2, ""2"": 3, ""3"": 1, ""4"": 3}",True,0.3421178174771817,1.6142529483916765,5,0.4347418926539436,2024-08-30
26.581160128727994,"{""0"": 1, ""1"": 1, ""2"": 2, ""3"": 3, ""4"": 2, ""5"": 1}",True,0.3037312518581221,0.876515088738679,6,0.34222864222247995,2024-08-30
32.29765169330672,"{""0"": 1, ""1"": 1, ""2"": 2, ""3"": 2, ""4"": 2, ""5"": 1, ""6"": 1}",True,0.251058130724832,0.4573498170011108,7,0.33228650676178767,2024-08-30
66.08041600215853,"{""0"": 1, ""1"": 2, ""2"": 1, ""3"": 1, ""4"": 2, ""5"": 1, ""6"": 1, ""7"": 1}",True,0.12994016816867907,0.12915365916693866,8,0.2766173986773124,2024-08-30
71.15003931306534,"{""0"": 1, ""1"": 1, ""2"": 1, ""3"": 1, ""4"": 2, ""5"": 1, ""6"": 1, ""7"": 1, ""8"": 1}",True,0.10584574954358235,0.05261308918440108,9,0.11980789014622831,2024-08-30
5.584599871371458,"{""0"": 9, ""1"": 1}",True,0.3430458955277571,17.667064342894797,2,0.4174947036478783,2024-09-30
8.2930929991668,"{""0"": 1, ""1"": 6, ""2"": 3}",True,0.7054704770298906,8.903516660762225,3,0.3130195662872678,2024-09-30
9.708270286923065,"{""0"": 5, ""1"": 2, ""2"": 2, ""3"": 1}",True,0.5593583442735562,5.124582754722858,4,0.36819877922865246,2024-09-30
11.41531696204513,"{""0"": 2, ""1"": 2, ""2"": 1, ""3"": 1, ""4"": 4}",True,0.4828268109225149,2.9608418101480094,5,0.35465073255140006,2024-09-30
15.40981270350072,"{""0"": 2, ""1"": 2, ""2"": 1, ""3"": 2, ""4"": 2, ""5"": 1}",True,0.3914199382393726,1.4805846581322242,6,0.3955198755002129,2024-09-30
31.636882727551615,"{""0"": 2, ""1"": 2, ""2"": 1, ""3"": 1, ""4"": 1, ""5"": 1, ""6"": 2}",True,0.28701385699265897,0.4667534224512755,7,0.37249358203238564,2024-09-30
125.944094061567,"{""0"": 1, ""1"": 1, ""2"": 2, ""3"": 1, ""4"": 1, ""5"": 1, ""6"": 2, ""7"": 1}",True,0.12153340872996624,0.06790336358466934,8,0.30764563457208804,2024-09-30
399.0298079989808,"{""0"": 1, ""1"": 1, ""2"": 2, ""3"": 1, ""4"": 1, ""5"": 1, ""6"": 1, ""7"": 1, ""8"": 1}",True,0.03443354863478921,0.009394851132570034,9,0.1782721138396266,2024-09-30
9.215804367839578,"{""0"": 7, ""1"": 3}",True,0.7306573361999038,13.940678859498314,2,0.41553900513949366,2024-10-31
9.786577882792297,"{""0"": 4, ""1"": 3, ""2"": 3}",True,0.8331082309894989,7.902712114907143,3,0.3380007795971784,2024-10-31
8.911531055047737,"{""0"": 4, ""1"": 2, ""2"": 1, ""3"": 3}",True,0.6575145187961491,5.498770034865424,4,0.31023536052783307,2024-10-31
8.68800899420724,"{""0"": 1, ""1"": 3, ""2"": 1, ""3"": 2, ""4"": 3}",True,0.622911309406432,3.7733916342658125,5,0.20534138527410015,2024-10-31
12.608925805994414,"{""0"": 2, ""1"": 2, ""2"": 3, ""3"": 1, ""4"": 1, ""5"": 1}",True,0.4365472135211463,1.789852546523218,6,0.2914314602909227,2024-10-31
23.434187767414112,"{""0"": 1, ""1"": 2, ""2"": 1, ""3"": 2, ""4"": 2, ""5"": 1, ""6"": 1}",True,0.30946390385787564,0.6267185728534386,7,0.3196750623276702,2024-10-31
23.921558425785957,"{""0"": 1, ""1"": 2, ""2"": 1, ""3"": 2, ""4"": 1, ""5"": 1, ""6"": 1, ""7"": 1}",True,0.23883188644397482,0.3540848518369651,8,0.21505262849771956,2024-10-31
34.56305998373921,"{""0"": 1, ""1"": 2, ""2"": 1, ""3"": 1, ""4"": 1, ""5"": 1, ""6"": 1, ""7"": 1, ""8"": 1}",True,0.11051504156318541,0.10810636287408103,9,0.1295297789371494,2024-10-31
10.164572728396351,"{""0"": 5, ""1"": 5}",True,0.8403931602793808,13.21253208586692,2,0.4072837326803797,2024-11-29
8.22248603643875,"{""0"": 4, ""1"": 5, ""2"": 1}",True,0.5911141013012426,8.957144386746366,3,0.3398829498851525,2024-11-29
11.506513636941655,"{""0"": 4, ""1"": 3, ""2"": 1, ""3"": 2}",True,0.5078004625726086,4.442301071380408,4,0.38834948770589545,2024-11-29
18.748043383195267,"{""0"": 3, ""1"": 2, ""2"": 1, ""3"": 2, ""4"": 2}",True,0.41680609561216353,1.8751834507725869,5,0.4723477527022971,2024-11-29
20.78534736549743,"{""0"": 2, ""1"": 2, ""2"": 2, ""3"": 2, ""4"": 1, ""5"": 1}",True,0.36157279087479566,1.1118653591075496,6,0.4108613439666933,2024-11-29
21.279093615295096,"{""0"": 2, ""1"": 2, ""2"": 1, ""3"": 2, ""4"": 1, ""5"": 1, ""6"": 1}",True,0.2836642610273745,0.6887338961372454,7,0.30636423931547535,2024-11-29
31.15691164706573,"{""0"": 2, ""1"": 1, ""2"": 1, ""3"": 2, ""4"": 1, ""5"": 1, ""6"": 1, ""7"": 1}",True,0.1904697874527328,0.2726053666685823,8,0.22237185400154078,2024-11-29
42.23027074599952,"{""0"": 1, ""1"": 1, ""2"": 1, ""3"": 2, ""4"": 1, ""5"": 1, ""6"": 1, ""7"": 1, ""8"": 1}",True,0.09825445460488347,0.0885367968130434,9,0.13627636984466407,2024-11-29
8.356133872526144,"{""0"": 6, ""1"": 4}",True,0.8388213956959796,14.67339420614151,2,0.3980236214831346,2024-12-31
11.321909428285165,"{""0"": 4, ""1"": 3, ""2"": 3}",True,0.6590031768910027,7.084107517188362,3,0.4597145194442104,2024-12-31
11.841545354618678,"{""0"": 3, ""1"": 1, ""2"": 3, ""3"": 3}",True,0.5190972315447341,4.334776100703168,4,0.42787781319215584,2024-12-31
13.649207161130564,"{""0"": 3, ""1"": 1, ""2"": 2, ""3"": 1, ""4"": 3}",True,0.3703288341783243,2.516912450068549,5,0.4324298625931097,2024-12-31
24.019808677473502,"{""0"": 3, ""1"": 1, ""2"": 2, ""3"": 1, ""4"": 2, ""5"": 1}",True,0.2930211314836639,0.966969581106499,6,0.4132464561987192,2024-12-31
34.19101021806432,"{""0"": 3, ""1"": 2, ""2"": 1, ""3"": 1, ""4"": 1, ""5"": 1, ""6"": 1}",True,0.18778321105228485,0.4323886766545989,7,0.3511669851688054,2024-12-31
93.27120746950074,"{""0"": 1, ""1"": 1, ""2"": 1, ""3"": 2, ""4"": 1, ""5"": 2, ""6"": 1, ""7"": 1}",True,0.10774303237429854,0.09161725728701399,8,0.32512246917349996,2024-12-31
2305.4435958442373,"{""0"": 1, ""1"": 1, ""2"": 1, ""3"": 1, ""4"": 1, ""5"": 2, ""6"": 1, ""7"": 1, ""8"": 1}",True,0.019460535489259193,0.0016264968245834606,9,0.18403825624580952,2024-12-31
5.980543516899692,"{""0"": 5, ""1"": 5}",True,1.076689943649559,17.166714563699745,2,0.28501401660561543,2025-01-24
8.321188014793663,"{""0"": 6, ""1"": 1, ""2"": 3}",True,0.6505469545083368,8.882355975439815,3,0.3601256079552098,2025-01-24
11.516419973652546,"{""0"": 3, ""1"": 1, ""2"": 3, ""3"": 3}",True,0.508187530447846,4.439045258800595,4,0.3804941904806377,2025-01-24
17.22228020257815,"{""0"": 3, ""1"": 1, ""2"": 2, ""3"": 3, ""4"": 1}",True,0.4091075419941269,2.030068816017969,5,0.3887218408874034,2025-01-24
18.55897902749865,"{""0"": 3, ""1"": 1, ""2"": 2, ""3"": 1, ""4"": 2, ""5"": 1}",True,0.3505047623237371,1.2397348003688091,6,0.3310903487195904,2025-01-24
23.20215168196381,"{""0"": 2, ""1"": 1, ""2"": 2, ""3"": 1, ""4"": 2, ""5"": 1, ""6"": 1}",True,0.28807907286223466,0.632853936691928,7,0.2705799767836427,2025-01-24
23.54771024139688,"{""0"": 1, ""1"": 1, ""2"": 2, ""3"": 1, ""4"": 2, ""5"": 1, ""6"": 1, ""7"": 1}",True,0.1768426037049212,0.35963898354927293,8,0.2150860514684441,2025-01-24
32.69293892263847,"{""0"": 1, ""1"": 1, ""2"": 1, ""3"": 2, ""4"": 1, ""5"": 1, ""6"": 1, ""7"": 1, ""8"": 1}",True,0.13915909982881466,0.11426677369471168,9,0.0949511628907746,2025-01-24
13.938752589093994,"{""0"": 4, ""1"": 6}",True,0.7000345563131665,10.939546313098345,2,0.4838169571291587,2025-02-28
10.622195074907326,"{""0"": 2, ""1"": 4, ""2"": 4}",True,0.8330858372144466,7.435104772526946,3,0.34198099797181564,2025-02-28
13.632607660385275,"{""0"": 2, ""1"": 4, ""2"": 2, ""3"": 2}",True,0.6608226920581463,3.8381312512592833,4,0.4051701370761392,2025-02-28
15.631884105760255,"{""0"": 3, ""1"": 1, ""2"": 1, ""3"": 3, ""4"": 2}",True,0.5082770726601389,2.221316042988629,5,0.24748273267703547,2025-02-28
14.568691406750208,"{""0"": 4, ""1"": 1, ""2"": 1, ""3"": 1, ""4"": 2, ""5"": 1}",True,0.43157839952518895,1.561616364387326,6,0.21201293963693935,2025-02-28
17.550412087138035,"{""0"": 2, ""1"": 1, ""2"": 3, ""3"": 1, ""4"": 1, ""5"": 1, ""6"": 1}",True,0.3370449558844881,0.831005958622317,7,0.13261358404403886,2025-02-28
42.979764211956585,"{""0"": 3, ""1"": 1, ""2"": 1, ""3"": 1, ""4"": 1, ""5"": 1, ""6"": 1, ""7"": 1}",True,0.14073504810750956,0.19811241823871198,8,0.1400121205624423,2025-02-28
74.5318844219411,"{""0"": 1, ""1"": 2, ""2"": 1, ""3"": 1, ""4"": 1, ""5"": 1, ""6"": 1, ""7"": 1, ""8"": 1}",True,0.14927218614145296,0.05022979500197175,9,0.04986084844453485,2025-02-28
8.567260670989999,"{""0"": 3, ""1"": 7}",True,0.7298160649827247,14.486402113552213,2,0.38524875645185064,2025-03-31
9.665242586291155,"{""0"": 3, ""1"": 4, ""2"": 3}",True,0.7697049478225533,7.975546163451291,3,0.37940005923005443,2025-03-31
9.914747063848028,"{""0"": 2, ""1"": 4, ""2"": 2, ""3"": 2}",True,0.667287896703942,5.0357762257541525,4,0.36588982977896356,2025-03-31
11.618548234326427,"{""0"": 2, ""1"": 3, ""2"": 2, ""3"": 1, ""4"": 2}",True,0.5721894907034594,2.914081628879471,5,0.3613185334535331,2025-03-31
17.035946090522465,"{""0"": 2, ""1"": 3, ""2"": 1, ""3"": 2, ""4"": 1, ""5"": 1}",True,0.400099933516302,1.3455972494082016,6,0.32829502321290255,2025-03-31
17.41034758097107,"{""0"": 2, ""1"": 3, ""2"": 1, ""3"": 1, ""4"": 1, ""5"": 1, ""6"": 1}",True,0.2504652916822608,0.8375046844951696,7,0.2565010403563261,2025-03-31
24.164756524703737,"{""0"": 1, ""1"": 1, ""2"": 1, ""3"": 2, ""4"": 2, ""5"": 1, ""6"": 1, ""7"": 1}",True,0.1962988866424869,0.3505629252658971,8,0.2032166809101426,2025-03-31
28.202156883402974,"{""0"": 1, ""1"": 2, ""2"": 1, ""3"": 1, ""4"": 1, ""5"": 1, ""6"": 1, ""7"": 1, ""8"": 1}",True,0.1669683052546082,0.13238179939608213,9,0.08046936263568091,2025-03-31
17.10949045429015,"{""0"": 3, ""1"": 7}",True,0.5773023314095445,9.5581390007456,2,0.5667918664899733,2025-04-29
18.04351537759266,"{""0"": 3, ""1"": 3, ""2"": 4}",True,0.6283546066485904,4.873856386001431,3,0.4479553117673887,2025-04-29
21.787497394716073,"{""0"": 2, ""1"": 3, ""2"": 1, ""3"": 4}",True,0.46219964004653546,2.522333434425423,4,0.4328875848808395,2025-04-29
25.233390214906382,"{""0"": 2, ""1"": 2, ""2"": 3, ""3"": 2, ""4"": 1}",True,0.4736268693668011,1.415981854879472,5,0.405679734294816,2025-04-29
29.43369138064503,"{""0"": 2, ""1"": 2, ""2"": 1, ""3"": 1, ""4"": 2, ""5"": 2}",True,0.3473391618653965,0.7938163983298544,6,0.43986258503764203,2025-04-29
43.61377050606447,"{""0"": 1, ""1"": 1, ""2"": 1, ""3"": 2, ""4"": 2, ""5"": 2, ""6"": 1}",True,0.2467531090498353,0.3400298779252592,7,0.37120662094399526,2025-04-29
46.75780940351161,"{""0"": 2, ""1"": 1, ""2"": 1, ""3"": 1, ""4"": 2, ""5"": 1, ""6"": 1, ""7"": 1}",True,0.12429365680820939,0.1822020949802201,8,0.27832731354688167,2025-04-29
101.12243849703779,"{""0"": 1, ""1"": 1, ""2"": 1, ""3"": 1, ""4"": 2, ""5"": 1, ""6"": 1, ""7"": 1, ""8"": 1}",True,0.09166307438773884,0.03703797405313829,9,0.13512520508017564,2025-04-29
13.92799306069109,"{""0"": 3, ""1"": 7}",True,0.5746595709797484,10.944914080177846,2,0.552796399257801,2025-05-30
18.5549713694377,"{""0"": 5, ""1"": 3, ""2"": 2}",True,0.5501557489136778,4.760831389946938,3,0.4946297079030164,2025-05-30
20.77036528332548,"{""0"": 5, ""1"": 1, ""2"": 2, ""3"": 2}",True,0.4056648042285915,2.6350038417669754,4,0.4800704683018984,2025-05-30
30.958621458859852,"{""0"": 2, ""1"": 1, ""2"": 2, ""3"": 1, ""4"": 4}",True,0.38123656105332926,1.1642845394019374,5,0.4127475436808745,2025-05-30
42.246351282750624,"{""0"": 1, ""1"": 1, ""2"": 2, ""3"": 2, ""4"": 3, ""5"": 1}",True,0.3322022987935042,0.557538543565647,6,0.35136147045480975,2025-05-30
70.59717848728852,"{""0"": 3, ""1"": 2, ""2"": 1, ""3"": 1, ""4"": 1, ""5"": 1, ""6"": 1}",True,0.2010725361017512,0.2109788365607484,7,0.2745677320683876,2025-05-30
74.51998076246905,"{""0"": 2, ""1"": 1, ""2"": 1, ""3"": 1, ""4"": 1, ""5"": 2, ""6"": 1, ""7"": 1}",True,0.2351683603260583,0.11458256708807532,8,0.18726393978571432,2025-05-30
92.14350300135278,"{""0"": 2, ""1"": 1, ""2"": 1, ""3"": 1, ""4"": 1, ""5"": 1, ""6"": 1, ""7"": 1, ""8"": 1}",True,0.04991948420191071,0.04064225470250688,9,0.1678758186037059,2025-05-30
6.670739213531272,"{""0"": 4, ""1"": 6}",True,0.9481129659577126,16.359093874331883,2,0.32059101317961325,2025-06-30
8.29363514768201,"{""0"": 3, ""1"": 5, ""2"": 2}",True,0.6555932728639124,8.90310736979491,3,0.4009613056798027,2025-06-30
12.148615599680717,"{""0"": 2, ""1"": 2, ""2"": 1, ""3"": 5}",True,0.5073711928348219,4.240697584670685,4,0.444777130042863,2025-06-30
12.215905448461715,"{""0"": 1, ""1"": 2, ""2"": 2, ""3"": 2, ""4"": 3}",True,0.5878447429922811,2.784810879856863,5,0.34980406427865185,2025-06-30
20.80789184825287,"{""0"": 1, ""1"": 3, ""2"": 2, ""3"": 1, ""4"": 1, ""5"": 2}",True,0.3211283817317405,1.11070530010731,6,0.41881181852215427,2025-06-30
61.32891230540666,"{""0"": 2, ""1"": 2, ""2"": 1, ""3"": 2, ""4"": 1, ""5"": 1, ""6"": 1}",True,0.1955089167559162,0.24260494711449607,7,0.41578502919629007,2025-06-30
88.47881347432076,"{""0"": 1, ""1"": 1, ""2"": 2, ""3"": 1, ""4"": 1, ""5"": 2, ""6"": 1, ""7"": 1}",True,0.0881092071108549,0.09656367005748588,8,0.3246473211624589,2025-06-30
348.31318501660087,"{""0"": 1, ""1"": 1, ""2"": 1, ""3"": 1, ""4"": 1, ""5"": 2, ""6"": 1, ""7"": 1, ""8"": 1}",True,0.04294158967717997,0.010762310680218174,9,0.174066093653796,2025-06-30
13.227455913807727,"{""0"": 2, ""1"": 8}",True,0.6406392731716567,11.30611228092992,2,0.5503652786924067,2025-07-31
13.073920258363206,"{""0"": 2, ""1"": 1, ""2"": 7}",True,0.587414381513209,6.335254325060299,3,0.42448320252389143,2025-07-31
12.231053758310162,"{""0"": 2, ""1"": 1, ""2"": 5, ""3"": 2}",True,0.6075357931468494,4.216131919603161,4,0.29425115872286695,2025-07-31
16.46410010778437,"{""0"": 1, ""1"": 2, ""2"": 1, ""3"": 5, ""4"": 1}",True,0.40756006796697497,2.1169576649011272,5,0.2808134428965968,2025-07-31
23.26726484888588,"{""0"": 1, ""1"": 2, ""2"": 1, ""3"": 4, ""4"": 1, ""5"": 1}",True,0.32734355332828236,0.9972051311477136,6,0.24090974553479827,2025-07-31
33.355763517688175,"{""0"": 3, ""1"": 1, ""2"": 1, ""3"": 2, ""4"": 1, ""5"": 1, ""6"": 1}",True,0.26050002905035957,0.4430560247788577,7,0.21480692494071726,2025-07-31
57.15070045559458,"{""0"": 1, ""1"": 3, ""2"": 1, ""3"": 1, ""4"": 1, ""5"": 1, ""6"": 1, ""7"": 1}",True,0.15658809162384318,0.1492333497839988,8,0.14906494874347434,2025-07-31
87.97193237982636,"{""0"": 1, ""1"": 1, ""2"": 1, ""3"": 1, ""4"": 1, ""5"": 1, ""6"": 1, ""7"": 2, ""8"": 1}",True,0.1575223818927087,0.04256674890598945,9,0.05350685680252727,2025-07-31
8.944469036992764,"{""0"": 9, ""1"": 1}",True,0.29056542252601025,14.163913869241796,2,0.5206982526251052,2025-08-29
10.656597704417074,"{""0"": 5, ""1"": 1, ""2"": 4}",True,0.6992581432144597,7.417036366530243,3,0.3583584263218564,2025-08-29
23.552116679574738,"{""0"": 2, ""1"": 3, ""2"": 4, ""3"": 1}",True,0.3952440535166261,2.348142064017789,4,0.5190618561304704,2025-08-29
31.082651158597564,"{""0"": 2, ""1"": 3, ""2"": 3, ""3"": 1, ""4"": 1}",True,0.3000127163211834,1.1598182844968588,5,0.477489215687965,2025-08-29
37.53753124753811,"{""0"": 2, ""1"": 2, ""2"": 3, ""3"": 1, ""4"": 1, ""5"": 1}",True,0.24479566391981172,0.6260184007425148,6,0.48488472697010765,2025-08-29
106.13598375141714,"{""0"": 1, ""1"": 2, ""2"": 3, ""3"": 1, ""4"": 1, ""5"": 1, ""6"": 1}",True,0.12028359778155606,0.14066546274817535,7,0.39441564695673,2025-08-29
321.91589100631523,"{""0"": 1, ""1"": 2, ""2"": 1, ""3"": 1, ""4"": 1, ""5"": 1, ""6"": 1, ""7"": 2}",True,0.11219566843584619,0.02660268735675541,8,0.2817558450340764,2025-08-29
1715.2322434288462,"{""0"": 1, ""1"": 2, ""2"": 1, ""3"": 1, ""4"": 1, ""5"": 1, ""6"": 1, ""7"": 1, ""8"": 1}",True,0.01979451268172961,0.0021861335382850535,9,0.1852036663596008,2025-08-29
12.74632964577871,"{""0"": 7, ""1"": 3}",True,0.7146496057554802,11.568311315675695,2,0.4882566983532769,2025-09-30
12.111475906936239,"{""0"": 5, ""1"": 4, ""2"": 1}",True,0.6743777525590929,6.725821480680638,3,0.3089093059951673,2025-09-30
18.813727197324752,"{""0"": 4, ""1"": 2, ""2"": 3, ""3"": 1}",True,0.5127316282286237,2.8827129053421996,4,0.4351390298296535,2025-09-30
24.313295561700045,"{""0"": 3, ""1"": 2, ""2"": 2, ""3"": 1, ""4"": 2}",True,0.4566028015096186,1.466947010391884,5,0.46482029341223025,2025-09-30
43.437444886055005,"{""0"": 2, ""1"": 2, ""2"": 2, ""3"": 1, ""4"": 2, ""5"": 1}",True,0.3356767113662042,0.5425268132419994,6,0.4751099173946882,2025-09-30
52.22690779675624,"{""0"": 2, ""1"": 2, ""2"": 2, ""3"": 1, ""4"": 1, ""5"": 1, ""6"": 1}",True,0.20307086522063642,0.2844847275668004,7,0.36976695124139103,2025-09-30
58.30129955730287,"{""0"": 2, ""1"": 1, ""2"": 1, ""3"": 1, ""4"": 2, ""5"": 1, ""6"": 1, ""7"": 1}",True,0.1510580912258601,0.14630253377302277,8,0.2792928148507087,2025-09-30
126.82010410507073,"{""0"": 1, ""1"": 2, ""2"": 1, ""3"": 1, ""4"": 1, ""5"": 1, ""6"": 1, ""7"": 1, ""8"": 1}",True,0.058454179858850645,0.029540327895561665,9,0.16759818882632885,2025-09-30
9.269638049307988,"{""0"": 4, ""1"": 6}",True,0.8072882874307613,13.897222357223464,2,0.4349172583443498,2025-10-31
13.111752229018725,"{""0"": 1, ""1"": 4, ""2"": 5}",True,0.576428673015792,6.320826277229061,3,0.3969834200973558,2025-10-31
23.00836193133733,"{""0"": 4, ""1"": 1, ""2"": 2, ""3"": 3}",True,0.43994463613352697,2.3991975230019187,4,0.47631038633363415,2025-10-31
24.902764626476678,"{""0"": 3, ""1"": 2, ""2"": 1, ""3"": 2, ""4"": 2}",True,0.44277562780119567,1.4338828240757209,5,0.43272080914387706,2025-10-31
23.02901521322916,"{""0"": 3, ""1"": 2, ""2"": 1, ""3"": 1, ""4"": 2, ""5"": 1}",True,0.31471861219436337,1.007175486911264,6,0.40196321700938076,2025-10-31
23.87138528228202,"{""0"": 2, ""1"": 1, ""2"": 2, ""3"": 1, ""4"": 1, ""5"": 1, ""6"": 2}",True,0.346250544991281,0.6154758880655418,7,0.23413826725417608,2025-10-31
45.12136507423707,"{""0"": 1, ""1"": 1, ""2"": 1, ""3"": 2, ""4"": 1, ""5"": 1, ""6"": 1, ""7"": 2}",True,0.20044803007326553,0.18876855090108474,8,0.20612746889465489,2025-10-31
255.8779353143214,"{""0"": 1, ""1"": 1, ""2"": 1, ""3"": 1, ""4"": 2, ""5"": 1, ""6"": 1, ""7"": 1, ""8"": 1}",True,0.05932608057387358,0.014648269541893084,9,0.16417976647845803,2025-10-31
8.775295093232364,"{""0"": 8, ""1"": 2}",True,0.8455327369632477,14.306752797262142,2,0.49306222924382315,2025-11-28
8.566089313462264,"{""0"": 8, ""1"": 1, ""2"": 1}",True,0.2774155711267582,8.702073826260376,3,0.43965813365188944,2025-11-28
13.117887043506203,"{""0"": 2, ""1"": 1, ""2"": 1, ""3"": 6}",True,0.35064799780696754,3.968808592585207,4,0.4126877183608465,2025-11-28
23.421420316638287,"{""0"": 4, ""1"": 2, ""2"": 1, ""3"": 2, ""4"": 1}",True,0.316194376703571,1.5199773470159794,5,0.44560588253690375,2025-11-28
57.48898410494563,"{""0"": 3, ""1"": 2, ""2"": 1, ""3"": 2, ""4"": 1, ""5"": 1}",True,0.2550334560956061,0.41174160724416664,6,0.4415419899628513,2025-11-28
64.64987049546517,"{""0"": 2, ""1"": 2, ""2"": 1, ""3"": 2, ""4"": 1, ""5"": 1, ""6"": 1}",True,0.270662552343784,0.23023837017518084,7,0.3290687929909204,2025-11-28
82.1580844112056,"{""0"": 2, ""1"": 2, ""2"": 1, ""3"": 1, ""4"": 1, ""5"": 1, ""6"": 1, ""7"": 1}",True,0.11359170314319621,0.10396692907054025,8,0.2984662707586539,2025-11-28
115.27051962449498,"{""0"": 2, ""1"": 1, ""2"": 1, ""3"": 1, ""4"": 1, ""5"": 1, ""6"": 1, ""7"": 1, ""8"": 1}",True,0.0866715326181535,0.032496928929327235,9,0.14640975352970553,2025-11-28
9.914681828142712,"{""0"": 7, ""1"": 3}",True,0.6101576922780724,13.396832960939154,2,0.4583929172277597,2025-12-31
12.742471695333203,"{""0"": 5, ""1"": 3, ""2"": 2}",True,0.5748605238187006,6.464533352406496,3,0.511600401152186,2025-12-31
25.74469285235092,"{""0"": 2, ""1"": 3, ""2"": 1, ""3"": 4}",True,0.3598600878255508,2.1625757516690602,4,0.5532983800420811,2025-12-31
34.123817661936165,"{""0"": 3, ""1"": 1, ""2"": 3, ""3"": 2, ""4"": 1}",True,0.2453867789240987,1.060106103287565,5,0.5159730546300034,2025-12-31
55.737214551727874,"{""0"": 1, ""1"": 1, ""2"": 2, ""3"": 3, ""4"": 1, ""5"": 2}",True,0.23226874687466773,0.42449915847979314,6,0.4223637303960389,2025-12-31
71.3654474493076,"{""0"": 2, ""1"": 1, ""2"": 1, ""3"": 1, ""4"": 3, ""5"": 1, ""6"": 1}",True,0.12566088302837541,0.20872339256748784,7,0.35542961553857055,2025-12-31
101.26331430776092,"{""0"": 1, ""1"": 1, ""2"": 1, ""3"": 2, ""4"": 1, ""5"": 1, ""6"": 2, ""7"": 1}",True,0.09461952200638715,0.0844068002436737,8,0.2881280021210896,2025-12-31
583.7542762828372,"{""0"": 1, ""1"": 1, ""2"": 1, ""3"": 1, ""4"": 1, ""5"": 1, ""6"": 2, ""7"": 1, ""8"": 1}",True,0.052219884580462755,0.006422560540037836,9,0.14689560819496106,2025-12-31
