ari,centroid_drift,cluster_size_change,entered,exited,from_date,mapping,membership_turnover,migration_rate,n_common,nmi,persistence_probability,to_date,transitions
0.05904059040590404,"{""0"": {""mom_63"": 0.06564696935395323, ""ram_63"": 0.41461990372809143, ""vol_63"": 0.011315935148918627}, ""1"": {""mom_63"": 0.10288890602571121, ""ram_63"": 0.5432112394509163, ""vol_63"": -0.01497134481182047}, ""2"": {""mom_63"": 0.07377086329929047, ""ram_63"": 0.30659508809381164, ""vol_63"": -0.02890514438558045}}","{""0"": 0.10000000000000003, ""1"": 0.0, ""2"": -0.09999999999999998}",[],[],2024-01-31,"{""0"": 2, ""1"": 1, ""2"": 0}",0.4,0.4,10,0.3692033550634544,0.6,2024-02-29,"[{""count"": 2, ""denominator"": 3, ""from_cluster"": 0, ""rate"": 0.6666666666666666, ""to_cluster"": 0}, {""count"": 1, ""denominator"": 3, ""from_cluster"": 0, ""rate"": 0.3333333333333333, ""to_cluster"": 1}, {""count"": 0, ""denominator"": 3, ""from_cluster"": 0, ""rate"": 0.0, ""to_cluster"": 2}, {""count"": 0, ""denominator"": 4, ""from_cluster"": 1, ""rate"": 0.0, ""to_cluster"": 0}, {""count"": 2, ""denominator"": 4, ""from_cluster"": 1, ""rate"": 0.5, ""to_cluster"": 1}, {""count"": 2, ""denominator"": 4, ""from_cluster"": 1, ""rate"": 0.5, ""to_cluster"": 2}, {""count"": 0, ""denominator"": 3, ""from_cluster"": 2, ""rate"": 0.0, ""to_cluster"": 0}, {""count"": 1, ""denominator"": 3, ""from_cluster"": 2, ""rate"": 0.3333333333333333, ""to_cluster"": 1}, {""count"": 2, ""denominator"": 3, ""from_cluster"": 2, ""rate"": 0.6666666666666666, ""to_cluster"": 2}]"
0.6298472385428907,"{""0"": {""mom_63"": 0.007272912654513908, ""ram_63"": 0.07776612315890741, ""vol_63"": -0.004294005292526881}, ""1"": {""mom_63"": -0.004286741510957082, ""ram_63"": -0.031818777429709066, ""vol_63"": -0.008152266200421004}, ""2"": {""mom_63"": -0.005108699672773553, ""ram_63"": -0.06981226687383268, ""vol_63"": 0.006583115382525873}}","{""0"": 0.0, ""1"": -0.10000000000000003, ""2"": 0.09999999999999998}",[],[],2024-02-29,"{""0"": 2, ""1"": 0, ""2"": 1}",0.1,0.1,10,0.7720707175417086,0.9,2024-03-29,"[{""count"": 3, ""denominator"": 4, ""from_cluster"": 0, ""rate"": 0.75, ""to_cluster"": 0}, {""count"": 1, ""denominator"": 4, ""from_cluster"": 0, ""rate"": 0.25, ""to_cluster"": 1}, {""count"": 0, ""denominator"": 4, ""from_cluster"": 0, ""rate"": 0.0, ""to_cluster"": 2}, {""count"": 0, ""denominator"": 4, ""from_cluster"": 1, ""rate"": 0.0, ""to_cluster"": 0}, {""count"": 4, ""denominator"": 4, ""from_cluster"": 1, ""rate"": 1.0, ""to_cluster"": 1}, {""count"": 0, ""denominator"": 4, ""from_cluster"": 1, ""rate"": 0.0, ""to_cluster"": 2}, {""count"": 0, ""denominator"": 2, ""from_cluster"": 2, ""rate"": 0.0, ""to_cluster"": 0}, {""count"": 0, ""denominator"": 2, ""from_cluster"": 2, ""rate"": 0.0, ""to_cluster"": 1}, {""count"": 2, ""denominator"": 2, ""from_cluster"": 2, ""rate"": 1.0, ""to_cluster"": 2}]"
0.028776978417266185,"{""0"": {""mom_63"": -0.046959086415777965, ""ram_63"": -0.2678909162266011, ""vol_63"": 0.0320830517452336}, ""1"": {""mom_63"": -0.04094538332343167, ""ram_63"": -0.23393206019477064, ""vol_63"": 0.031044593429931766}, ""2"": {""mom_63"": -0.08102544347337955, ""ram_63"": -0.47467372323308465, ""vol_63"": 0.08242454085823694}}","{""0"": 0.10000000000000003, ""1"": 0.09999999999999998, ""2"": -0.2}",[],[],2024-03-29,"{""0"": 1, ""1"": 0, ""2"": 2}",0.4,0.4,10,0.34975348052721633,0.6,2024-04-26,"[{""count"": 2, ""denominator"": 2, ""from_cluster"": 0, ""rate"": 1.0, ""to_cluster"": 0}, {""count"": 0, ""denominator"": 2, ""from_cluster"": 0, ""rate"": 0.0, ""to_cluster"": 1}, {""count"": 0, ""denominator"": 2, ""from_cluster"": 0, ""rate"": 0.0, ""to_cluster"": 2}, {""count"": 0, ""denominator"": 3, ""from_cluster"": 1, ""rate"": 0.0, ""to_cluster"": 0}, {""count"": 2, ""denominator"": 3, ""from_cluster"": 1, ""rate"": 0.6666666666666666, ""to_cluster"": 1}, {""count"": 1, ""denominator"": 3, ""from_cluster"": 1, ""rate"": 0.3333333333333333, ""to_cluster"": 2}, {""count"": 1, ""denominator"": 5, ""from_cluster"": 2, ""rate"": 0.2, ""to_cluster"": 0}, {""count"": 2, ""denominator"": 5, ""from_cluster"": 2, ""rate"": 0.4, ""to_cluster"": 1}, {""count"": 2, ""denominator"": 5, ""from_cluster"": 2, ""rate"": 0.4, ""to_cluster"": 2}]"
0.05904059040590404,"{""0"": {""mom_63"": -0.2066671222655039, ""ram_63"": -0.6690155224222714, ""vol_63"": -0.04159805287897245}, ""1"": {""mom_63"": 0.1720343602642253, ""ram_63"": 0.49688956828353603, ""vol_63"": 0.0313244991345194}, ""2"": {""mom_63"": -0.07412567325162203, ""ram_63"": -0.5046662854603702, ""vol_63"": -0.04647125234292965}}","{""0"": 0.10000000000000003, ""1"": 0.10000000000000003, ""2"": -0.2}",[],[],2024-04-26,"{""0"": 1, ""1"": 2, ""2"": 0}",0.5,0.5,10,0.36920335506345436,0.5,2024-05-31,"[{""count"": 2, ""denominator"": 4, ""from_cluster"": 0, ""rate"": 0.5, ""to_cluster"": 0}, {""count"": 2, ""denominator"": 4, ""from_cluster"": 0, ""rate"": 0.5, ""to_cluster"": 1}, {""count"": 0, ""denominator"": 4, ""from_cluster"": 0, ""rate"": 0.0, ""to_cluster"": 2}, {""count"": 0, ""denominator"": 3, ""from_cluster"": 1, ""rate"": 0.0, ""to_cluster"": 0}, {""count"": 1, ""denominator"": 3, ""from_cluster"": 1, ""rate"": 0.3333333333333333, ""to_cluster"": 1}, {""count"": 2, ""denominator"": 3, ""from_cluster"": 1, ""rate"": 0.6666666666666666, ""to_cluster"": 2}, {""count"": 0, ""denominator"": 3, ""from_cluster"": 2, ""rate"": 0.0, ""to_cluster"": 0}, {""count"": 1, ""denominator"": 3, ""from_cluster"": 2, ""rate"": 0.3333333333333333, ""to_cluster"": 1}, {""count"": 2, ""denominator"": 3, ""from_cluster"": 2, ""rate"": 0.6666666666666666, ""to_cluster"": 2}]"
0.28044280442804426,"{""0"": {""mom_63"": -0.07055445247831987, ""ram_63"": -0.2660489640822742, ""vol_63"": 0.05712225540786903}, ""1"": {""mom_63"": 0.050657867584085525, ""ram_63"": 0.30906157419938873, ""vol_63"": 0.02712158665137243}, ""2"": {""mom_63"": -0.01777043348971505, ""ram_63"": 0.01715287258114151, ""vol_63"": -0.034977956112844655}}","{""0"": -0.10000000000000003, ""1"": 0.2, ""2"": -0.10000000000000003}",[],[],2024-05-31,"{""0"": 0, ""1"": 2, ""2"": 1}",0.3,0.3,10,0.5473472642737787,0.7,2024-06-28,"[{""count"": 2, ""denominator"": 4, ""from_cluster"": 0, ""rate"": 0.5, ""to_cluster"": 0}, {""count"": 0, ""denominator"": 4, ""from_cluster"": 0, ""rate"": 0.0, ""to_cluster"": 1}, {""count"": 2, ""denominator"": 4, ""from_cluster"": 0, ""rate"": 0.5, ""to_cluster"": 2}, {""count"": 1, ""denominator"": 4, ""from_cluster"": 1, ""rate"": 0.25, ""to_cluster"": 0}, {""count"": 3, ""denominator"": 4, ""from_cluster"": 1, ""rate"": 0.75, ""to_cluster"": 1}, {""count"": 0, ""denominator"": 4, ""from_cluster"": 1, ""rate"": 0.0, ""to_cluster"": 2}, {""count"": 0, ""denominator"": 2, ""from_cluster"": 2, ""rate"": 0.0, ""to_cluster"": 0}, {""count"": 0, ""denominator"": 2, ""from_cluster"": 2, ""rate"": 0.0, ""to_cluster"": 1}, {""count"": 2, ""denominator"": 2, ""from_cluster"": 2, ""rate"": 1.0, ""to_cluster"": 2}]"
0.43181818181818177,"{""0"": {""mom_63"": 0.0028418572926084823, ""ram_63"": -0.09524952864074923, ""vol_63"": -0.13906277888080745}, ""1"": {""mom_63"": 0.1138553966201918, ""ram_63"": 0.6831246678311008, ""vol_63"": 0.005309778788106734}, ""2"": {""mom_63"": -0.08680159520549038, ""ram_63"": -0.2653946851378921, ""vol_63"": -0.008728035331227402}}","{""0"": 0.0, ""1"": -0.10000000000000003, ""2"": 0.10000000000000003}",[],[],2024-06-28,"{""0"": 0, ""1"": 1, ""2"": 2}",0.2,0.2,10,0.6180656462921542,0.8,2024-07-31,"[{""count"": 2, ""denominator"": 3, ""from_cluster"": 0, ""rate"": 0.6666666666666666, ""to_cluster"": 0}, {""count"": 0, ""denominator"": 3, ""from_cluster"": 0, ""rate"": 0.0, ""to_cluster"": 1}, {""count"": 1, ""denominator"": 3, ""from_cluster"": 0, ""rate"": 0.3333333333333333, ""to_cluster"": 2}, {""count"": 1, ""denominator"": 4, ""from_cluster"": 1, ""rate"": 0.25, ""to_cluster"": 0}, {""count"": 3, ""denominator"": 4, ""from_cluster"": 1, ""rate"": 0.75, ""to_cluster"": 1}, {""count"": 0, ""denominator"": 4, ""from_cluster"": 1, ""rate"": 0.0, ""to_cluster"": 2}, {""count"": 0, ""denominator"": 3, ""from_cluster"": 2, ""rate"": 0.0, ""to_cluster"": 0}, {""count"": 0, ""denominator"": 3, ""from_cluster"": 2, ""rate"": 0.0, ""to_cluster"": 1}, {""count"": 3, ""denominator"": 3, ""from_cluster"": 2, ""rate"": 1.0, ""to_cluster"": 2}]"
0.05904059040590404,"{""0"": {""mom_63"": -0.035010697719750294, ""ram_63"": -0.12127303515417825, ""vol_63"": -0.006114353050402199}, ""1"": {""mom_63"": -0.03854188760637774, ""ram_63"": -0.17392525140890225, ""vol_63"": -0.030346713602413256}, ""2"": {""mom_63"": -0.010500287347180996, ""ram_63"": 0.0018769284349531845, ""vol_63"": 0.05494239420209615}}","{""0"": 0.0, ""1"": -0.09999999999999998, ""2"": 0.10000000000000003}",[],[],2024-07-31,"{""0"": 2, ""1"": 1, ""2"": 0}",0.4,0.4,10,0.2886885581445094,0.6,2024-08-30,"[{""count"": 2, ""denominator"": 3, ""from_cluster"": 0, ""rate"": 0.6666666666666666, ""to_cluster"": 0}, {""count"": 1, ""denominator"": 3, ""from_cluster"": 0, ""rate"": 0.3333333333333333, ""to_cluster"": 1}, {""count"": 0, ""denominator"": 3, ""from_cluster"": 0, ""rate"": 0.0, ""to_cluster"": 2}, {""count"": 1, ""denominator"": 3, ""from_cluster"": 1, ""rate"": 0.3333333333333333, ""to_cluster"": 0}, {""count"": 1, ""denominator"": 3, ""from_cluster"": 1, ""rate"": 0.3333333333333333, ""to_cluster"": 1}, {""count"": 1, ""denominator"": 3, ""from_cluster"": 1, ""rate"": 0.3333333333333333, ""to_cluster"": 2}, {""count"": 1, ""denominator"": 4, ""from_cluster"": 2, ""rate"": 0.25, ""to_cluster"": 0}, {""count"": 0, ""denominator"": 4, ""from_cluster"": 2, ""rate"": 0.0, ""to_cluster"": 1}, {""count"": 3, ""denominator"": 4, ""from_cluster"": 2, ""rate"": 0.75, ""to_cluster"": 2}]"
0.17475728155339804,"{""0"": {""mom_63"": -0.005506780846363329, ""ram_63"": -0.06829926454615315, ""vol_63"": -0.050310559969519913}, ""1"": {""mom_63"": -0.07935795987866594, ""ram_63"": -0.2958034188514577, ""vol_63"": -0.020191645503219224}, ""2"": {""mom_63"": 0.0348659281999754, ""ram_63"": 0.15218440385795556, ""vol_63"": 0.027338559297397952}}","{""0"": -0.30000000000000004, ""1"": 0.19999999999999996, ""2"": 0.09999999999999998}",[],[],2024-08-30,"{""0"": 2, ""1"": 0, ""2"": 1}",0.4,0.4,10,0.45889234975519505,0.6,2024-09-30,"[{""count"": 3, ""denominator"": 4, ""from_cluster"": 0, ""rate"": 0.75, ""to_cluster"": 0}, {""count"": 1, ""denominator"": 4, ""from_cluster"": 0, ""rate"": 0.25, ""to_cluster"": 1}, {""count"": 0, ""denominator"": 4, ""from_cluster"": 0, ""rate"": 0.0, ""to_cluster"": 2}, {""count"": 0, ""denominator"": 2, ""from_cluster"": 1, ""rate"": 0.0, ""to_cluster"": 0}, {""count"": 2, ""denominator"": 2, ""from_cluster"": 1, ""rate"": 1.0, ""to_cluster"": 1}, {""count"": 0, ""denominator"": 2, ""from_cluster"": 1, ""rate"": 0.0, ""to_cluster"": 2}, {""count"": 3, ""denominator"": 4, ""from_cluster"": 2, ""rate"": 0.75, ""to_cluster"": 0}, {""count"": 0, ""denominator"": 4, ""from_cluster"": 2, ""rate"": 0.0, ""to_cluster"": 1}, {""count"": 1, ""denominator"": 4, ""from_cluster"": 2, ""rate"": 0.25, ""to_cluster"": 2}]"
0.01960784313725492,"{""0"": {""mom_63"": 0.0826231491083072, ""ram_63"": 0.43684308081110085, ""vol_63"": -0.01479141723446209}, ""1"": {""mom_63"": 0.06326305786533037, ""ram_63"": 0.2945654248781276, ""vol_63"": -0.025818276524949668}, ""2"": {""mom_63"": -0.11347445658899791, ""ram_63"": -0.5748664559208947, ""vol_63"": 0.029474269938843833}}","{""0"": 0.30000000000000004, ""1"": -0.3, ""2"": 0.0}",[],[],2024-09-30,"{""0"": 0, ""1"": 1, ""2"": 2}",0.5,0.5,10,0.29303047136752713,0.5,2024-10-31,"[{""count"": 1, ""denominator"": 1, ""from_cluster"": 0, ""rate"": 1.0, ""to_cluster"": 0}, {""count"": 0, ""denominator"": 1, ""from_cluster"": 0, ""rate"": 0.0, ""to_cluster"": 1}, {""count"": 0, ""denominator"": 1, ""from_cluster"": 0, ""rate"": 0.0, ""to_cluster"": 2}, {""count"": 1, ""denominator"": 6, ""from_cluster"": 1, ""rate"": 0.16666666666666666, ""to_cluster"": 0}, {""count"": 3, ""denominator"": 6, ""from_cluster"": 1, ""rate"": 0.5, ""to_cluster"": 1}, {""count"": 2, ""denominator"": 6, ""from_cluster"": 1, ""rate"": 0.3333333333333333, ""to_cluster"": 2}, {""count"": 2, ""denominator"": 3, ""from_cluster"": 2, ""rate"": 0.6666666666666666, ""to_cluster"": 0}, {""count"": 0, ""denominator"": 3, ""from_cluster"": 2, ""rate"": 0.0, ""to_cluster"": 1}, {""count"": 1, ""denominator"": 3, ""from_cluster"": 2, ""rate"": 0.3333333333333333, ""to_cluster"": 2}]"
-0.13013698630136986,"{""0"": {""mom_63"": 0.009946819705655224, ""ram_63"": 0.05010670850803696, ""vol_63"": 0.017843919945029374}, ""1"": {""mom_63"": -0.19846483066889192, ""ram_63"": -1.0543288204864005, ""vol_63"": -0.06079759320943445}, ""2"": {""mom_63"": 0.06368543267393309, ""ram_63"": 0.36929628748398996, ""vol_63"": -0.10074192929371013}}","{""0"": 0.0, ""1"": 0.2, ""2"": -0.19999999999999998}",[],[],2024-10-31,"{""0"": 0, ""1"": 1, ""2"": 2}",0.6,0.6,10,0.14324192390200405,0.4,2024-11-29,"[{""count"": 2, ""denominator"": 4, ""from_cluster"": 0, ""rate"": 0.5, ""to_cluster"": 0}, {""count"": 1, ""denominator"": 4, ""from_cluster"": 0, ""rate"": 0.25, ""to_cluster"": 1}, {""count"": 1, ""denominator"": 4, ""from_cluster"": 0, ""rate"": 0.25, ""to_cluster"": 2}, {""count"": 1, ""denominator"": 3, ""from_cluster"": 1, ""rate"": 0.3333333333333333, ""to_cluster"": 0}, {""count"": 2, ""denominator"": 3, ""from_cluster"": 1, ""rate"": 0.6666666666666666, ""to_cluster"": 1}, {""count"": 0, ""denominator"": 3, ""from_cluster"": 1, ""rate"": 0.0, ""to_cluster"": 2}, {""count"": 1, ""denominator"": 3, ""from_cluster"": 2, ""rate"": 0.3333333333333333, ""to_cluster"": 0}, {""count"": 2, ""denominator"": 3, ""from_cluster"": 2, ""rate"": 0.6666666666666666, ""to_cluster"": 1}, {""count"": 0, ""denominator"": 3, ""from_cluster"": 2, ""rate"": 0.0, ""to_cluster"": 2}]"
0.5890410958904109,"{""0"": {""mom_63"": 0.03249571119150582, ""ram_63"": 0.14317050795581754, ""vol_63"": 0.006880566055607551}, ""1"": {""mom_63"": -0.07308940870205327, ""ram_63"": -0.6838547098598047, ""vol_63"": -0.009283583256115072}, ""2"": {""mom_63"": 0.008036564727620904, ""ram_63"": 0.1800434936331708, ""vol_63"": 0.05020889655398142}}","{""0"": 0.0, ""1"": 0.19999999999999998, ""2"": -0.2}",[],[],2024-11-29,"{""0"": 0, ""1"": 2, ""2"": 1}",0.2,0.2,10,0.7404549107367691,0.8,2024-12-31,"[{""count"": 4, ""denominator"": 4, ""from_cluster"": 0, ""rate"": 1.0, ""to_cluster"": 0}, {""count"": 0, ""denominator"": 4, ""from_cluster"": 0, ""rate"": 0.0, ""to_cluster"": 1}, {""count"": 0, ""denominator"": 4, ""from_cluster"": 0, ""rate"": 0.0, ""to_cluster"": 2}, {""count"": 0, ""denominator"": 5, ""from_cluster"": 1, ""rate"": 0.0, ""to_cluster"": 0}, {""count"": 3, ""denominator"": 5, ""from_cluster"": 1, ""rate"": 0.6, ""to_cluster"": 1}, {""count"": 2, ""denominator"": 5, ""from_cluster"": 1, ""rate"": 0.4, ""to_cluster"": 2}, {""count"": 0, ""denominator"": 1, ""from_cluster"": 2, ""rate"": 0.0, ""to_cluster"": 0}, {""count"": 0, ""denominator"": 1, ""from_cluster"": 2, ""rate"": 0.0, ""to_cluster"": 1}, {""count"": 1, ""denominator"": 1, ""from_cluster"": 2, ""rate"": 1.0, ""to_cluster"": 2}]"
0.411764705882353,"{""0"": {""mom_63"": 0.055611021317303, ""ram_63"": 0.2858448106189977, ""vol_63"": 0.010590189231019481}, ""1"": {""mom_63"": 0.090520356356385, ""ram_63"": 0.4595517181131078, ""vol_63"": -0.0002748308906659058}, ""2"": {""mom_63"": 0.022225038989060773, ""ram_63"": 0.18351194518712055, ""vol_63"": -0.004025748794790007}}","{""0"": 0.3, ""1"": -0.30000000000000004, ""2"": 0.0}",[],[],2024-12-31,"{""0"": 2, ""1"": 0, ""2"": 1}",0.3,0.3,10,0.6774674721251188,0.7,2025-01-24,"[{""count"": 1, ""denominator"": 4, ""from_cluster"": 0, ""rate"": 0.25, ""to_cluster"": 0}, {""count"": 0, ""denominator"": 4, ""from_cluster"": 0, ""rate"": 0.0, ""to_cluster"": 1}, {""count"": 3, ""denominator"": 4, ""from_cluster"": 0, ""rate"": 0.75, ""to_cluster"": 2}, {""count"": 0, ""denominator"": 3, ""from_cluster"": 1, ""rate"": 0.0, ""to_cluster"": 0}, {""count"": 3, ""denominator"": 3, ""from_cluster"": 1, ""rate"": 1.0, ""to_cluster"": 1}, {""count"": 0, ""denominator"": 3, ""from_cluster"": 1, ""rate"": 0.0, ""to_cluster"": 2}, {""count"": 0, ""denominator"": 3, ""from_cluster"": 2, ""rate"": 0.0, ""to_cluster"": 0}, {""count"": 0, ""denominator"": 3, ""from_cluster"": 2, ""rate"": 0.0, ""to_cluster"": 1}, {""count"": 3, ""denominator"": 3, ""from_cluster"": 2, ""rate"": 1.0, ""to_cluster"": 2}]"
0.17475728155339804,"{""0"": {""mom_63"": 0.011490091228192091, ""ram_63"": 0.15458431175497808, ""vol_63"": 0.018404617483784094}, ""1"": {""mom_63"": -0.07247538152314342, ""ram_63"": -0.40483792135753627, ""vol_63"": 0.02778297837525992}, ""2"": {""mom_63"": 0.06120101436902778, ""ram_63"": 0.30485550300839803, ""vol_63"": -0.03982383885260607}}","{""0"": -0.09999999999999998, ""1"": 0.30000000000000004, ""2"": -0.19999999999999996}",[],[],2025-01-24,"{""0"": 2, ""1"": 1, ""2"": 0}",0.4,0.4,10,0.45889234975519505,0.6,2025-02-28,"[{""count"": 3, ""denominator"": 6, ""from_cluster"": 0, ""rate"": 0.5, ""to_cluster"": 0}, {""count"": 3, ""denominator"": 6, ""from_cluster"": 0, ""rate"": 0.5, ""to_cluster"": 1}, {""count"": 0, ""denominator"": 6, ""from_cluster"": 0, ""rate"": 0.0, ""to_cluster"": 2}, {""count"": 0, ""denominator"": 1, ""from_cluster"": 1, ""rate"": 0.0, ""to_cluster"": 0}, {""count"": 1, ""denominator"": 1, ""from_cluster"": 1, ""rate"": 1.0, ""to_cluster"": 1}, {""count"": 0, ""denominator"": 1, ""from_cluster"": 1, ""rate"": 0.0, ""to_cluster"": 2}, {""count"": 1, ""denominator"": 3, ""from_cluster"": 2, ""rate"": 0.3333333333333333, ""to_cluster"": 0}, {""count"": 0, ""denominator"": 3, ""from_cluster"": 2, ""rate"": 0.0, ""to_cluster"": 1}, {""count"": 2, ""denominator"": 3, ""from_cluster"": 2, ""rate"": 0.6666666666666666, ""to_cluster"": 2}]"
0.16974169741697415,"{""0"": {""mom_63"": -0.16652765283113974, ""ram_63"": -0.7778325211863045, ""vol_63"": 0.03310102033814355}, ""1"": {""mom_63"": -0.06293190462866308, ""ram_63"": -0.2815005756747876, ""vol_63"": -0.010717631125052501}, ""2"": {""mom_63"": 0.011576881638119374, ""ram_63"": 0.10459647029047851, ""vol_63"": 0.011719352061190888}}","{""0"": -0.10000000000000003, ""1"": 0.0, ""2"": 0.09999999999999998}",[],[],2025-02-28,"{""0"": 2, ""1"": 1, ""2"": 0}",0.3,0.3,10,0.41801791120914406,0.7,2025-03-31,"[{""count"": 2, ""denominator"": 2, ""from_cluster"": 0, ""rate"": 1.0, ""to_cluster"": 0}, {""count"": 0, ""denominator"": 2, ""from_cluster"": 0, ""rate"": 0.0, ""to_cluster"": 1}, {""count"": 0, ""denominator"": 2, ""from_cluster"": 0, ""rate"": 0.0, ""to_cluster"": 2}, {""count"": 0, ""denominator"": 4, ""from_cluster"": 1, ""rate"": 0.0, ""to_cluster"": 0}, {""count"": 3, ""denominator"": 4, ""from_cluster"": 1, ""rate"": 0.75, ""to_cluster"": 1}, {""count"": 1, ""denominator"": 4, ""from_cluster"": 1, ""rate"": 0.25, ""to_cluster"": 2}, {""count"": 1, ""denominator"": 4, ""from_cluster"": 2, ""rate"": 0.25, ""to_cluster"": 0}, {""count"": 1, ""denominator"": 4, ""from_cluster"": 2, ""rate"": 0.25, ""to_cluster"": 1}, {""count"": 2, ""denominator"": 4, ""from_cluster"": 2, ""rate"": 0.5, ""to_cluster"": 2}]"
0.6590909090909091,"{""0"": {""mom_63"": 0.02240878364798509, ""ram_63"": 0.04984175880296236, ""vol_63"": 0.16601004698101385}, ""1"": {""mom_63"": -0.11257251453614778, ""ram_63"": 0.0636908738577141, ""vol_63"": 0.22792196544888826}, ""2"": {""mom_63"": -0.06755227633619929, ""ram_63"": -0.137781826442974, ""vol_63"": 0.21513958941998804}}","{""0"": -0.10000000000000003, ""1"": 0.0, ""2"": 0.10000000000000003}",[],[],2025-03-31,"{""0"": 1, ""1"": 0, ""2"": 2}",0.1,0.1,10,0.7934300092382585,0.9,2025-04-29,"[{""count"": 3, ""denominator"": 3, ""from_cluster"": 0, ""rate"": 1.0, ""to_cluster"": 0}, {""count"": 0, ""denominator"": 3, ""from_cluster"": 0, ""rate"": 0.0, ""to_cluster"": 1}, {""count"": 0, ""denominator"": 3, ""from_cluster"": 0, ""rate"": 0.0, ""to_cluster"": 2}, {""count"": 0, ""denominator"": 4, ""from_cluster"": 1, ""rate"": 0.0, ""to_cluster"": 0}, {""count"": 3, ""denominator"": 4, ""from_cluster"": 1, ""rate"": 0.75, ""to_cluster"": 1}, {""count"": 1, ""denominator"": 4, ""from_cluster"": 1, ""rate"": 0.25, ""to_cluster"": 2}, {""count"": 0, ""denominator"": 3, ""from_cluster"": 2, ""rate"": 0.0, ""to_cluster"": 0}, {""count"": 0, ""denominator"": 3, ""from_cluster"": 2, ""rate"": 0.0, ""to_cluster"": 1}, {""count"": 3, ""denominator"": 3, ""from_cluster"": 2, ""rate"": 1.0, ""to_cluster"": 2}]"
0.6762589928057554,"{""0"": {""mom_63"": -0.0020120405628905325, ""ram_63"": -0.00838534395209345, ""vol_63"": 0.0020604460742948416}, ""1"": {""mom_63"": 0.058278266758499064, ""ram_63"": 0.1686999112696529, ""vol_63"": 0.03633349218037668}, ""2"": {""mom_63"": -0.009307656290299081, ""ram_63"": -0.03050375451325847, ""vol_63"": -0.013704221173883702}}","{""0"": 0.09999999999999998, ""1"": 0.0, ""2"": -0.09999999999999998}",[],[],2025-04-29,"{""0"": 2, ""1"": 1, ""2"": 0}",0.1,0.1,10,0.7917656700291276,0.9,2025-05-30,"[{""count"": 2, ""denominator"": 3, ""from_cluster"": 0, ""rate"": 0.6666666666666666, ""to_cluster"": 0}, {""count"": 0, ""denominator"": 3, ""from_cluster"": 0, ""rate"": 0.0, ""to_cluster"": 1}, {""count"": 1, ""denominator"": 3, ""from_cluster"": 0, ""rate"": 0.3333333333333333, ""to_cluster"": 2}, {""count"": 0, ""denominator"": 3, ""from_cluster"": 1, ""rate"": 0.0, ""to_cluster"": 0}, {""count"": 3, ""denominator"": 3, ""from_cluster"": 1, ""rate"": 1.0, ""to_cluster"": 1}, {""count"": 0, ""denominator"": 3, ""from_cluster"": 1, ""rate"": 0.0, ""to_cluster"": 2}, {""count"": 0, ""denominator"": 4, ""from_cluster"": 2, ""rate"": 0.0, ""to_cluster"": 0}, {""count"": 0, ""denominator"": 4, ""from_cluster"": 2, ""rate"": 0.0, ""to_cluster"": 1}, {""count"": 4, ""denominator"": 4, ""from_cluster"": 2, ""rate"": 1.0, ""to_cluster"": 2}]"
0.3778801843317972,"{""0"": {""mom_63"": 0.03226229765897617, ""ram_63"": 0.08863470679749004, ""vol_63"": 0.027464911349326993}, ""1"": {""mom_63"": 0.025546171901908374, ""ram_63"": 0.07669415542186889, ""vol_63"": 0.0044505095010715645}, ""2"": {""mom_63"": 0.17407831252420114, ""ram_63"": 0.36830689987837095, ""vol_63"": 0.09724245849978796}}","{""0"": 0.09999999999999998, ""1"": 0.0, ""2"": -0.09999999999999998}",[],[],2025-05-30,"{""0"": 2, ""1"": 0, ""2"": 1}",0.2,0.2,10,0.5715493897152122,0.8,2025-06-30,"[{""count"": 4, ""denominator"": 5, ""from_cluster"": 0, ""rate"": 0.8, ""to_cluster"": 0}, {""count"": 0, ""denominator"": 5, ""from_cluster"": 0, ""rate"": 0.0, ""to_cluster"": 1}, {""count"": 1, ""denominator"": 5, ""from_cluster"": 0, ""rate"": 0.2, ""to_cluster"": 2}, {""count"": 1, ""denominator"": 3, ""from_cluster"": 1, ""rate"": 0.3333333333333333, ""to_cluster"": 0}, {""count"": 2, ""denominator"": 3, ""from_cluster"": 1, ""rate"": 0.6666666666666666, ""to_cluster"": 1}, {""count"": 0, ""denominator"": 3, ""from_cluster"": 1, ""rate"": 0.0, ""to_cluster"": 2}, {""count"": 0, ""denominator"": 2, ""from_cluster"": 2, ""rate"": 0.0, ""to_cluster"": 0}, {""count"": 0, ""denominator"": 2, ""from_cluster"": 2, ""rate"": 0.0, ""to_cluster"": 1}, {""count"": 2, ""denominator"": 2, ""from_cluster"": 2, ""rate"": 1.0, ""to_cluster"": 2}]"
0.28286852589641437,"{""0"": {""mom_63"": 0.2531694557971613, ""ram_63"": 0.6221844220909665, ""vol_63"": -0.19245096025736363}, ""1"": {""mom_63"": 0.4254990078636646, ""ram_63"": 1.3635953493230926, ""vol_63"": -0.07899262599580259}, ""2"": {""mom_63"": 0.16540476583643654, ""ram_63"": 0.6678708311288932, ""vol_63"": -0.13270021378095043}}","{""0"": 0.0, ""1"": -0.19999999999999998, ""2"": 0.19999999999999996}",[],[],2025-06-30,"{""0"": 2, ""1"": 0, ""2"": 1}",0.4,0.4,10,0.602376090168738,0.6,2025-07-31,"[{""count"": 0, ""denominator"": 3, ""from_cluster"": 0, ""rate"": 0.0, ""to_cluster"": 0}, {""count"": 3, ""denominator"": 3, ""from_cluster"": 0, ""rate"": 1.0, ""to_cluster"": 1}, {""count"": 0, ""denominator"": 3, ""from_cluster"": 0, ""rate"": 0.0, ""to_cluster"": 2}, {""count"": 1, ""denominator"": 5, ""from_cluster"": 1, ""rate"": 0.2, ""to_cluster"": 0}, {""count"": 4, ""denominator"": 5, ""from_cluster"": 1, ""rate"": 0.8, ""to_cluster"": 1}, {""count"": 0, ""denominator"": 5, ""from_cluster"": 1, ""rate"": 0.0, ""to_cluster"": 2}, {""count"": 0, ""denominator"": 2, ""from_cluster"": 2, ""rate"": 0.0, ""to_cluster"": 0}, {""count"": 0, ""denominator"": 2, ""from_cluster"": 2, ""rate"": 0.0, ""to_cluster"": 1}, {""count"": 2, ""denominator"": 2, ""from_cluster"": 2, ""rate"": 1.0, ""to_cluster"": 2}]"
0.19483101391650104,"{""0"": {""mom_63"": -0.19018730285888671, ""ram_63"": -0.46232778838326516, ""vol_63"": -0.08552842744301992}, ""1"": {""mom_63"": 0.24193072903146606, ""ram_63"": 0.35312635450691876, ""vol_63"": 0.0695279517795025}, ""2"": {""mom_63"": 0.09707152616523602, ""ram_63"": 0.29101351828660915, ""vol_63"": 0.030869804552170088}}","{""0"": 0.3, ""1"": 0.0, ""2"": -0.29999999999999993}",[],[],2025-07-31,"{""0"": 0, ""1"": 1, ""2"": 2}",0.3,0.3,10,0.5332586895550412,0.7,2025-08-29,"[{""count"": 2, ""denominator"": 2, ""from_cluster"": 0, ""rate"": 1.0, ""to_cluster"": 0}, {""count"": 0, ""denominator"": 2, ""from_cluster"": 0, ""rate"": 0.0, ""to_cluster"": 1}, {""count"": 0, ""denominator"": 2, ""from_cluster"": 0, ""rate"": 0.0, ""to_cluster"": 2}, {""count"": 0, ""denominator"": 1, ""from_cluster"": 1, ""rate"": 0.0, ""to_cluster"": 0}, {""count"": 1, ""denominator"": 1, ""from_cluster"": 1, ""rate"": 1.0, ""to_cluster"": 1}, {""count"": 0, ""denominator"": 1, ""from_cluster"": 1, ""rate"": 0.0, ""to_cluster"": 2}, {""count"": 3, ""denominator"": 7, ""from_cluster"": 2, ""rate"": 0.42857142857142855, ""to_cluster"": 0}, {""count"": 0, ""denominator"": 7, ""from_cluster"": 2, ""rate"": 0.0, ""to_cluster"": 1}, {""count"": 4, ""denominator"": 7, ""from_cluster"": 2, ""rate"": 0.5714285714285714, ""to_cluster"": 2}]"
0.1271551724137931,"{""0"": {""mom_63"": -0.10201501020630153, ""ram_63"": -0.46874687098193574, ""vol_63"": 0.07336715135566535}, ""1"": {""mom_63"": -0.06723091865421535, ""ram_63"": -0.24216068680413677, ""vol_63"": -0.09193901693385703}, ""2"": {""mom_63"": -0.10553207588780711, ""ram_63"": -0.39669847792560664, ""vol_63"": 0.033204572142184086}}","{""0"": 0.09999999999999998, ""1"": -0.09999999999999998, ""2"": 0.0}",[],[],2025-08-29,"{""0"": 2, ""1"": 0, ""2"": 1}",0.3,0.3,10,0.40484353827538866,0.7,2025-09-30,"[{""count"": 3, ""denominator"": 5, ""from_cluster"": 0, ""rate"": 0.6, ""to_cluster"": 0}, {""count"": 0, ""denominator"": 5, ""from_cluster"": 0, ""rate"": 0.0, ""to_cluster"": 1}, {""count"": 2, ""denominator"": 5, ""from_cluster"": 0, ""rate"": 0.4, ""to_cluster"": 2}, {""count"": 0, ""denominator"": 1, ""from_cluster"": 1, ""rate"": 0.0, ""to_cluster"": 0}, {""count"": 1, ""denominator"": 1, ""from_cluster"": 1, ""rate"": 1.0, ""to_cluster"": 1}, {""count"": 0, ""denominator"": 1, ""from_cluster"": 1, ""rate"": 0.0, ""to_cluster"": 2}, {""count"": 1, ""denominator"": 4, ""from_cluster"": 2, ""rate"": 0.25, ""to_cluster"": 0}, {""count"": 0, ""denominator"": 4, ""from_cluster"": 2, ""rate"": 0.0, ""to_cluster"": 1}, {""count"": 3, ""denominator"": 4, ""from_cluster"": 2, ""rate"": 0.75, ""to_cluster"": 2}]"
0.32112068965517243,"{""0"": {""mom_63"": -0.35005055586729705, ""ram_63"": -0.7051578562374226, ""vol_63"": -0.06953513041463377}, ""1"": {""mom_63"": -0.06412504305773191, ""ram_63"": -0.2198647345873499, ""vol_63"": 0.05999253517296943}, ""2"": {""mom_63"": 0.019467530242899277, ""ram_63"": 0.08883990004074166, ""vol_63"": 0.04759664886494952}}","{""0"": 0.0, ""1"": -0.09999999999999998, ""2"": 0.09999999999999998}",[],[],2025-09-30,"{""0"": 2, ""1"": 0, ""2"": 1}",0.3,0.3,10,0.49633107611117816,0.7,2025-10-31,"[{""count"": 3, ""denominator"": 5, ""from_cluster"": 0, ""rate"": 0.6, ""to_cluster"": 0}, {""count"": 1, ""denominator"": 5, ""from_cluster"": 0, ""rate"": 0.2, ""to_cluster"": 1}, {""count"": 1, ""denominator"": 5, ""from_cluster"": 0, ""rate"": 0.2, ""to_cluster"": 2}, {""count"": 0, ""denominator"": 4, ""from_cluster"": 1, ""rate"": 0.0, ""to_cluster"": 0}, {""count"": 4, ""denominator"": 4, ""from_cluster"": 1, ""rate"": 1.0, ""to_cluster"": 1}, {""count"": 0, ""denominator"": 4, ""from_cluster"": 1, ""rate"": 0.0, ""to_cluster"": 2}, {""count"": 1, ""denominator"": 1, ""from_cluster"": 2, ""rate"": 1.0, ""to_cluster"": 0}, {""count"": 0, ""denominator"": 1, ""from_cluster"": 2, ""rate"": 0.0, ""to_cluster"": 1}, {""count"": 0, ""denominator"": 1, ""from_cluster"": 2, ""rate"": 0.0, ""to_cluster"": 2}]"
-0.07933579335793359,"{""0"": {""mom_63"": 0.02477648426919109, ""ram_63"": 0.08383896668485649, ""vol_63"": 0.039749675287450104}, ""1"": {""mom_63"": -0.24492557811266777, ""ram_63"": -0.6087581561317977, ""vol_63"": 0.02622052504035688}, ""2"": {""mom_63"": -0.42470710856664196, ""ram_63"": -1.5501347766049458, ""vol_63"": -0.15293763205155164}}","{""0"": 0.30000000000000004, ""1"": -0.30000000000000004, ""2"": 0.0}",[],[],2025-10-31,"{""0"": 2, ""1"": 1, ""2"": 0}",0.5,0.5,10,0.2071519659431548,0.5,2025-11-28,"[{""count"": 0, ""denominator"": 1, ""from_cluster"": 0, ""rate"": 0.0, ""to_cluster"": 0}, {""count"": 0, ""denominator"": 1, ""from_cluster"": 0, ""rate"": 0.0, ""to_cluster"": 1}, {""count"": 1, ""denominator"": 1, ""from_cluster"": 0, ""rate"": 1.0, ""to_cluster"": 2}, {""count"": 0, ""denominator"": 4, ""from_cluster"": 1, ""rate"": 0.0, ""to_cluster"": 0}, {""count"": 1, ""denominator"": 4, ""from_cluster"": 1, ""rate"": 0.25, ""to_cluster"": 1}, {""count"": 3, ""denominator"": 4, ""from_cluster"": 1, ""rate"": 0.75, ""to_cluster"": 2}, {""count"": 1, ""denominator"": 5, ""from_cluster"": 2, ""rate"": 0.2, ""to_cluster"": 0}, {""count"": 0, ""denominator"": 5, ""from_cluster"": 2, ""rate"": 0.0, ""to_cluster"": 1}, {""count"": 4, ""denominator"": 5, ""from_cluster"": 2, ""rate"": 0.8, ""to_cluster"": 2}]"
0.023508137432188124,"{""0"": {""mom_63"": -0.027122435349068653, ""ram_63"": -0.06805801415880781, ""vol_63"": 0.02287126121665939}, ""1"": {""mom_63"": 0.3754170762193494, ""ram_63"": 1.0047454444375448, ""vol_63"": -0.06667552828742696}, ""2"": {""mom_63"": 0.09667346285228123, ""ram_63"": 0.45183582523682386, ""vol_63"": -0.018173264598568606}}","{""0"": -0.30000000000000004, ""1"": 0.19999999999999998, ""2"": 0.1}",[],[],2025-11-28,"{""0"": 0, ""1"": 1, ""2"": 2}",0.5,0.5,10,0.2998783241944386,0.5,2025-12-31,"[{""count"": 4, ""denominator"": 8, ""from_cluster"": 0, ""rate"": 0.5, ""to_cluster"": 0}, {""count"": 3, ""denominator"": 8, ""from_cluster"": 0, ""rate"": 0.375, ""to_cluster"": 1}, {""count"": 1, ""denominator"": 8, ""from_cluster"": 0, ""rate"": 0.125, ""to_cluster"": 2}, {""count"": 1, ""denominator"": 1, ""from_cluster"": 1, ""rate"": 1.0, ""to_cluster"": 0}, {""count"": 0, ""denominator"": 1, ""from_cluster"": 1, ""rate"": 0.0, ""to_cluster"": 1}, {""count"": 0, ""denominator"": 1, ""from_cluster"": 1, ""rate"": 0.0, ""to_cluster"": 2}, {""count"": 0, ""denominator"": 1, ""from_cluster"": 2, ""rate"": 0.0, ""to_cluster"": 0}, {""count"": 0, ""denominator"": 1, ""from_cluster"": 2, ""rate"": 0.0, ""to_cluster"": 1}, {""count"": 1, ""denominator"": 1, ""from_cluster"": 2, ""rate"": 1.0, ""to_cluster"": 2}]"
