security_id,ticker,exchange,candidate_source,market_feature_ready_v2,latest253_complete,trading_activity_status,tradability_eligible,historical_identity_ready,research_ready,full_history_status
KBS:UPCOM:A32,A32,UPCOM,C5_BASELINE_500,True,True,ACTIVE,True,False,False,INCOMPLETE
KBS:HOSE:AAM,AAM,HOSE,C5_BASELINE_500,True,True,ACTIVE,True,False,False,INCOMPLETE
KBS:UPCOM:AAS,AAS,UPCOM,C5_BASELINE_500,True,True,ACTIVE,True,False,False,INCOMPLETE
KBS:HOSE:AAT,AAT,HOSE,C7_COMPLETE_EXPANSION,True,True,ACTIVE,True,False,False,INCOMPLETE
KBS:UPCOM:ABB,ABB,UPCOM,C7_COMPLETE_EXPANSION,True,True,ACTIVE,True,False,False,INCOMPLETE
KBS:UPCOM:ABC,ABC,UPCOM,C7_COMPLETE_EXPANSION,True,True,ACTIVE,True,False,False,INCOMPLETE
KBS:UPCOM:ABI,ABI,UPCOM,C5_BASELINE_500,True,True,ACTIVE,True,False,False,INCOMPLETE
KBS:HOSE:ABR,ABR,HOSE,C7_COMPLETE_EXPANSION,True,True,OBSERVED_ZERO_VOLUME,False,False,False,INCOMPLETE
KBS:HOSE:ABS,ABS,HOSE,C7_COMPLETE_EXPANSION,True,True,ACTIVE,True,False,False,INCOMPLETE
KBS:HOSE:ABT,ABT,HOSE,C7_COMPLETE_EXPANSION,True,True,ACTIVE,True,False,False,INCOMPLETE
KBS:UPCOM:ABW,ABW,UPCOM,C5_BASELINE_500,True,True,ACTIVE,True,False,False,INCOMPLETE
KBS:HOSE:ACC,ACC,HOSE,C5_BASELINE_500,True,True,ACTIVE,True,False,False,INCOMPLETE
KBS:UPCOM:ACE,ACE,UPCOM,C7_COMPLETE_EXPANSION,True,True,ACTIVE,True,False,False,INCOMPLETE
KBS:HOSE:ACG,ACG,HOSE,C7_COMPLETE_EXPANSION,True,True,ACTIVE,True,False,False,INCOMPLETE
KBS:HOSE:ACL,ACL,HOSE,C5_BASELINE_500,True,True,OBSERVED_ZERO_VOLUME,False,False,False,INCOMPLETE
KBS:UPCOM:ACM,ACM,UPCOM,C7_COMPLETE_EXPANSION,True,True,ACTIVE,True,False,False,INCOMPLETE
KBS:UPCOM:ACS,ACS,UPCOM,C5_BASELINE_500,True,True,OBSERVED_ZERO_VOLUME,False,False,False,INCOMPLETE
KBS:UPCOM:ACV,ACV,UPCOM,C5_BASELINE_500,True,True,ACTIVE,True,False,False,INCOMPLETE
KBS:HNX:ADC,ADC,HNX,C5_BASELINE_500,True,True,OBSERVED_ZERO_VOLUME,False,False,False,INCOMPLETE
KBS:HOSE:ADG,ADG,HOSE,C7_COMPLETE_EXPANSION,True,True,ACTIVE,True,False,False,INCOMPLETE
KBS:HOSE:ADP,ADP,HOSE,C7_COMPLETE_EXPANSION,True,True,ACTIVE,True,False,False,INCOMPLETE
KBS:HOSE:ADS,ADS,HOSE,C5_BASELINE_500,True,True,ACTIVE,True,False,False,INCOMPLETE
KBS:UPCOM:AG1,AG1,UPCOM,C5_BASELINE_500,True,True,ACTIVE,True,False,False,INCOMPLETE
KBS:UPCOM:AGF,AGF,UPCOM,C7_COMPLETE_EXPANSION,True,True,ACTIVE,True,False,False,INCOMPLETE
KBS:HOSE:AGG,AGG,HOSE,C7_COMPLETE_EXPANSION,True,True,ACTIVE,True,False,False,INCOMPLETE
KBS:UPCOM:AGM,AGM,UPCOM,C7_COMPLETE_EXPANSION,True,True,ACTIVE,True,False,False,INCOMPLETE
KBS:UPCOM:AGP,AGP,UPCOM,C7_COMPLETE_EXPANSION,True,True,ACTIVE,True,False,False,INCOMPLETE
KBS:HOSE:AGR,AGR,HOSE,C5_BASELINE_500,True,True,ACTIVE,True,False,False,INCOMPLETE
KBS:UPCOM:AGX,AGX,UPCOM,C5_BASELINE_500,True,True,ACTIVE,True,False,False,INCOMPLETE
KBS:UPCOM:AIC,AIC,UPCOM,C5_BASELINE_500,True,True,ACTIVE,True,False,False,INCOMPLETE
KBS:HNX:ALT,ALT,HNX,C7_COMPLETE_EXPANSION,True,True,OBSERVED_ZERO_VOLUME,False,False,False,INCOMPLETE
KBS:UPCOM:ALV,ALV,UPCOM,C5_BASELINE_500,True,True,OBSERVED_ZERO_VOLUME,False,False,False,INCOMPLETE
KBS:HNX:AMC,AMC,HNX,C5_BASELINE_500,True,True,OBSERVED_ZERO_VOLUME,False,False,False,INCOMPLETE
KBS:HNX:AME,AME,HNX,C5_BASELINE_500,True,True,OBSERVED_ZERO_VOLUME,False,False,False,INCOMPLETE
KBS:UPCOM:AMP,AMP,UPCOM,C7_COMPLETE_EXPANSION,True,True,ACTIVE,True,False,False,INCOMPLETE
KBS:UPCOM:AMS,AMS,UPCOM,C7_COMPLETE_EXPANSION,True,True,ACTIVE,True,False,False,INCOMPLETE
KBS:HNX:AMV,AMV,HNX,C5_BASELINE_500,True,True,ACTIVE,True,False,False,INCOMPLETE
KBS:HOSE:ANV,ANV,HOSE,C5_BASELINE_500,True,True,ACTIVE,True,False,False,INCOMPLETE
KBS:UPCOM:APC,APC,UPCOM,C7_COMPLETE_EXPANSION,True,True,ACTIVE,True,False,False,INCOMPLETE
KBS:UPCOM:APF,APF,UPCOM,C7_COMPLETE_EXPANSION,True,True,ACTIVE,True,False,False,INCOMPLETE
KBS:HOSE:APG,APG,HOSE,C7_COMPLETE_EXPANSION,True,True,ACTIVE,True,False,False,INCOMPLETE
KBS:HOSE:APH,APH,HOSE,C7_COMPLETE_EXPANSION,True,True,ACTIVE,True,False,False,INCOMPLETE
KBS:HNX:API,API,HNX,C7_COMPLETE_EXPANSION,True,True,ACTIVE,True,False,False,INCOMPLETE
KBS:UPCOM:APL,APL,UPCOM,C7_COMPLETE_EXPANSION,True,True,OBSERVED_ZERO_VOLUME,False,False,False,INCOMPLETE
KBS:HNX:APS,APS,HNX,C5_BASELINE_500,True,True,ACTIVE,True,False,False,INCOMPLETE
KBS:UPCOM:APT,APT,UPCOM,C7_COMPLETE_EXPANSION,True,True,OBSERVED_ZERO_VOLUME,False,False,False,INCOMPLETE
KBS:HNX:ARM,ARM,HNX,C7_COMPLETE_EXPANSION,True,True,OBSERVED_ZERO_VOLUME,False,False,False,INCOMPLETE
KBS:UPCOM:ART,ART,UPCOM,C7_COMPLETE_EXPANSION,True,True,OBSERVED_ZERO_VOLUME,False,False,False,INCOMPLETE
KBS:HOSE:ASG,ASG,HOSE,C7_COMPLETE_EXPANSION,True,True,ACTIVE,True,False,False,INCOMPLETE
KBS:HOSE:ASM,ASM,HOSE,C7_COMPLETE_EXPANSION,True,True,ACTIVE,True,False,False,INCOMPLETE
KBS:HOSE:ASP,ASP,HOSE,C7_COMPLETE_EXPANSION,True,True,ACTIVE,True,False,False,INCOMPLETE
KBS:HOSE:AST,AST,HOSE,C5_BASELINE_500,True,True,OBSERVED_ZERO_VOLUME,False,False,False,INCOMPLETE
KBS:UPCOM:ATA,ATA,UPCOM,C7_COMPLETE_EXPANSION,True,True,OBSERVED_ZERO_VOLUME,False,False,False,INCOMPLETE
KBS:UPCOM:ATG,ATG,UPCOM,C5_BASELINE_500,True,True,ACTIVE,True,False,False,INCOMPLETE
KBS:HNX:ATS,ATS,HNX,C5_BASELINE_500,True,True,OBSERVED_ZERO_VOLUME,False,False,False,INCOMPLETE
KBS:UPCOM:AVC,AVC,UPCOM,C7_COMPLETE_EXPANSION,True,True,ACTIVE,True,False,False,INCOMPLETE
KBS:HNX:BAB,BAB,HNX,C5_BASELINE_500,True,True,ACTIVE,True,False,False,INCOMPLETE
KBS:HOSE:BAF,BAF,HOSE,C7_COMPLETE_EXPANSION,True,True,ACTIVE,True,False,False,INCOMPLETE
KBS:UPCOM:BAL,BAL,UPCOM,C7_COMPLETE_EXPANSION,True,True,OBSERVED_ZERO_VOLUME,False,False,False,INCOMPLETE
KBS:HNX:BAX,BAX,HNX,C5_BASELINE_500,True,True,OBSERVED_ZERO_VOLUME,False,False,False,INCOMPLETE
KBS:UPCOM:BBH,BBH,UPCOM,C7_COMPLETE_EXPANSION,True,True,OBSERVED_ZERO_VOLUME,False,False,False,INCOMPLETE
KBS:UPCOM:BBM,BBM,UPCOM,C7_COMPLETE_EXPANSION,True,True,OBSERVED_ZERO_VOLUME,False,False,False,INCOMPLETE
KBS:HNX:BBS,BBS,HNX,C5_BASELINE_500,True,True,OBSERVED_ZERO_VOLUME,False,False,False,INCOMPLETE
KBS:UPCOM:BBT,BBT,UPCOM,C7_COMPLETE_EXPANSION,True,True,ACTIVE,True,False,False,INCOMPLETE
KBS:UPCOM:BCA,BCA,UPCOM,C7_COMPLETE_EXPANSION,True,True,ACTIVE,True,False,False,INCOMPLETE
KBS:UPCOM:BCB,BCB,UPCOM,C7_COMPLETE_EXPANSION,True,True,OBSERVED_ZERO_VOLUME,False,False,False,INCOMPLETE
KBS:HOSE:BCE,BCE,HOSE,C5_BASELINE_500,True,True,ACTIVE,True,False,False,INCOMPLETE
KBS:HNX:BCF,BCF,HNX,C5_BASELINE_500,True,True,OBSERVED_ZERO_VOLUME,False,False,False,INCOMPLETE
KBS:HOSE:BCM,BCM,HOSE,C5_BASELINE_500,True,True,ACTIVE,True,False,False,INCOMPLETE
KBS:UPCOM:BCP,BCP,UPCOM,C7_COMPLETE_EXPANSION,True,True,OBSERVED_ZERO_VOLUME,False,False,False,INCOMPLETE
KBS:UPCOM:BDG,BDG,UPCOM,C7_COMPLETE_EXPANSION,True,True,ACTIVE,True,False,False,INCOMPLETE
KBS:UPCOM:BDT,BDT,UPCOM,C7_COMPLETE_EXPANSION,True,True,ACTIVE,True,False,False,INCOMPLETE
KBS:UPCOM:BDW,BDW,UPCOM,C7_COMPLETE_EXPANSION,True,True,OBSERVED_ZERO_VOLUME,False,False,False,INCOMPLETE
KBS:HNX:BED,BED,HNX,C7_COMPLETE_EXPANSION,True,True,OBSERVED_ZERO_VOLUME,False,False,False,INCOMPLETE
KBS:UPCOM:BEL,BEL,UPCOM,C7_COMPLETE_EXPANSION,True,True,OBSERVED_ZERO_VOLUME,False,False,False,INCOMPLETE
KBS:HOSE:BFC,BFC,HOSE,C5_BASELINE_500,True,True,ACTIVE,True,False,False,INCOMPLETE
KBS:UPCOM:BGW,BGW,UPCOM,C7_COMPLETE_EXPANSION,True,True,OBSERVED_ZERO_VOLUME,False,False,False,INCOMPLETE
KBS:UPCOM:BHA,BHA,UPCOM,C7_COMPLETE_EXPANSION,True,True,ACTIVE,True,False,False,INCOMPLETE
KBS:UPCOM:BHC,BHC,UPCOM,C7_COMPLETE_EXPANSION,True,True,OBSERVED_ZERO_VOLUME,False,False,False,INCOMPLETE
KBS:UPCOM:BHG,BHG,UPCOM,C7_COMPLETE_EXPANSION,True,True,OBSERVED_ZERO_VOLUME,False,False,False,INCOMPLETE
KBS:UPCOM:BHI,BHI,UPCOM,C7_COMPLETE_EXPANSION,True,True,OBSERVED_ZERO_VOLUME,False,False,False,INCOMPLETE
KBS:UPCOM:BHK,BHK,UPCOM,C7_COMPLETE_EXPANSION,True,True,OBSERVED_ZERO_VOLUME,False,False,False,INCOMPLETE
KBS:HOSE:BHN,BHN,HOSE,C7_COMPLETE_EXPANSION,True,True,ACTIVE,True,False,False,INCOMPLETE
KBS:UPCOM:BHP,BHP,UPCOM,C5_BASELINE_500,True,True,ACTIVE,True,False,False,INCOMPLETE
KBS:HOSE:BIC,BIC,HOSE,C7_COMPLETE_EXPANSION,True,True,ACTIVE,True,False,False,INCOMPLETE
KBS:UPCOM:BIG,BIG,UPCOM,C5_BASELINE_500,True,True,ACTIVE,True,False,False,INCOMPLETE
KBS:UPCOM:BIO,BIO,UPCOM,C5_BASELINE_500,True,True,OBSERVED_ZERO_VOLUME,False,False,False,INCOMPLETE
KBS:HNX:BKC,BKC,HNX,C7_COMPLETE_EXPANSION,True,True,ACTIVE,True,False,False,INCOMPLETE
KBS:HOSE:BKG,BKG,HOSE,C5_BASELINE_500,True,True,ACTIVE,True,False,False,INCOMPLETE
KBS:UPCOM:BLF,BLF,UPCOM,C7_COMPLETE_EXPANSION,True,True,OBSERVED_ZERO_VOLUME,False,False,False,INCOMPLETE
KBS:UPCOM:BLI,BLI,UPCOM,C7_COMPLETE_EXPANSION,True,True,ACTIVE,True,False,False,INCOMPLETE
KBS:UPCOM:BLN,BLN,UPCOM,C5_BASELINE_500,True,True,OBSERVED_ZERO_VOLUME,False,False,False,INCOMPLETE
KBS:UPCOM:BLT,BLT,UPCOM,C7_COMPLETE_EXPANSION,True,True,OBSERVED_ZERO_VOLUME,False,False,False,INCOMPLETE
KBS:UPCOM:BMD,BMD,UPCOM,C7_COMPLETE_EXPANSION,True,True,OBSERVED_ZERO_VOLUME,False,False,False,INCOMPLETE
KBS:UPCOM:BMF,BMF,UPCOM,C5_BASELINE_500,True,True,OBSERVED_ZERO_VOLUME,False,False,False,INCOMPLETE
KBS:UPCOM:BMG,BMG,UPCOM,C7_COMPLETE_EXPANSION,True,True,OBSERVED_ZERO_VOLUME,False,False,False,INCOMPLETE
KBS:HOSE:BMI,BMI,HOSE,C7_COMPLETE_EXPANSION,True,True,ACTIVE,True,False,False,INCOMPLETE
KBS:UPCOM:BMJ,BMJ,UPCOM,C7_COMPLETE_EXPANSION,True,True,OBSERVED_ZERO_VOLUME,False,False,False,INCOMPLETE
KBS:UPCOM:BMS,BMS,UPCOM,C7_COMPLETE_EXPANSION,True,True,ACTIVE,True,False,False,INCOMPLETE
KBS:UPCOM:BMV,BMV,UPCOM,C5_BASELINE_500,True,True,OBSERVED_ZERO_VOLUME,False,False,False,INCOMPLETE
KBS:HNX:BNA,BNA,HNX,C7_COMPLETE_EXPANSION,True,True,ACTIVE,True,False,False,INCOMPLETE
KBS:UPCOM:BNW,BNW,UPCOM,C7_COMPLETE_EXPANSION,True,True,ACTIVE,True,False,False,INCOMPLETE
KBS:HNX:BPC,BPC,HNX,C5_BASELINE_500,True,True,OBSERVED_ZERO_VOLUME,False,False,False,INCOMPLETE
KBS:UPCOM:BQB,BQB,UPCOM,C7_COMPLETE_EXPANSION,True,True,ACTIVE,True,False,False,INCOMPLETE
KBS:HOSE:BRC,BRC,HOSE,C7_COMPLETE_EXPANSION,True,True,ACTIVE,True,False,False,INCOMPLETE
KBS:UPCOM:BRR,BRR,UPCOM,C7_COMPLETE_EXPANSION,True,True,ACTIVE,True,False,False,INCOMPLETE
KBS:UPCOM:BRS,BRS,UPCOM,C5_BASELINE_500,True,True,OBSERVED_ZERO_VOLUME,False,False,False,INCOMPLETE
KBS:UPCOM:BSD,BSD,UPCOM,C7_COMPLETE_EXPANSION,True,True,OBSERVED_ZERO_VOLUME,False,False,False,INCOMPLETE
KBS:UPCOM:BSG,BSG,UPCOM,C7_COMPLETE_EXPANSION,True,True,OBSERVED_ZERO_VOLUME,False,False,False,INCOMPLETE
KBS:UPCOM:BSH,BSH,UPCOM,C5_BASELINE_500,True,True,OBSERVED_ZERO_VOLUME,False,False,False,INCOMPLETE
KBS:HOSE:BSI,BSI,HOSE,C7_COMPLETE_EXPANSION,True,True,ACTIVE,True,False,False,INCOMPLETE
KBS:UPCOM:BSL,BSL,UPCOM,C5_BASELINE_500,True,True,ACTIVE,True,False,False,INCOMPLETE
KBS:UPCOM:BSP,BSP,UPCOM,C5_BASELINE_500,True,True,OBSERVED_ZERO_VOLUME,False,False,False,INCOMPLETE
KBS:UPCOM:BSQ,BSQ,UPCOM,C5_BASELINE_500,True,True,OBSERVED_ZERO_VOLUME,False,False,False,INCOMPLETE
KBS:HOSE:BSR,BSR,HOSE,C7_COMPLETE_EXPANSION,True,True,ACTIVE,True,False,False,INCOMPLETE
KBS:UPCOM:BTB,BTB,UPCOM,C7_COMPLETE_EXPANSION,True,True,OBSERVED_ZERO_VOLUME,False,False,False,INCOMPLETE
KBS:UPCOM:BTD,BTD,UPCOM,C7_COMPLETE_EXPANSION,True,True,OBSERVED_ZERO_VOLUME,False,False,False,INCOMPLETE
KBS:UPCOM:BTG,BTG,UPCOM,C7_COMPLETE_EXPANSION,True,True,OBSERVED_ZERO_VOLUME,False,False,False,INCOMPLETE
KBS:UPCOM:BTN,BTN,UPCOM,C7_COMPLETE_EXPANSION,True,True,ACTIVE,True,False,False,INCOMPLETE
KBS:HOSE:BTP,BTP,HOSE,C7_COMPLETE_EXPANSION,True,True,ACTIVE,True,False,False,INCOMPLETE
KBS:HNX:BTS,BTS,HNX,C5_BASELINE_500,True,True,ACTIVE,True,False,False,INCOMPLETE
KBS:UPCOM:BTU,BTU,UPCOM,C5_BASELINE_500,True,True,OBSERVED_ZERO_VOLUME,False,False,False,INCOMPLETE
KBS:UPCOM:BTV,BTV,UPCOM,C7_COMPLETE_EXPANSION,True,True,OBSERVED_ZERO_VOLUME,False,False,False,INCOMPLETE
KBS:HNX:BTW,BTW,HNX,C5_BASELINE_500,True,True,OBSERVED_ZERO_VOLUME,False,False,False,INCOMPLETE
KBS:UPCOM:BVG,BVG,UPCOM,C5_BASELINE_500,True,True,ACTIVE,True,False,False,INCOMPLETE
KBS:HOSE:BVH,BVH,HOSE,C5_BASELINE_500,True,True,ACTIVE,True,False,False,INCOMPLETE
KBS:UPCOM:BVL,BVL,UPCOM,C7_COMPLETE_EXPANSION,True,True,OBSERVED_ZERO_VOLUME,False,False,False,INCOMPLETE
KBS:UPCOM:BVN,BVN,UPCOM,C7_COMPLETE_EXPANSION,True,True,OBSERVED_ZERO_VOLUME,False,False,False,INCOMPLETE
KBS:HNX:BVS,BVS,HNX,C7_COMPLETE_EXPANSION,True,True,ACTIVE,True,False,False,INCOMPLETE
KBS:UPCOM:BWA,BWA,UPCOM,C7_COMPLETE_EXPANSION,True,True,OBSERVED_ZERO_VOLUME,False,False,False,INCOMPLETE
KBS:UPCOM:BWS,BWS,UPCOM,C7_COMPLETE_EXPANSION,True,True,ACTIVE,True,False,False,INCOMPLETE
KBS:HNX:BXH,BXH,HNX,C7_COMPLETE_EXPANSION,True,True,OBSERVED_ZERO_VOLUME,False,False,False,INCOMPLETE
KBS:UPCOM:C22,C22,UPCOM,C7_COMPLETE_EXPANSION,True,True,ACTIVE,True,False,False,INCOMPLETE
KBS:HOSE:C32,C32,HOSE,C7_COMPLETE_EXPANSION,True,True,ACTIVE,True,False,False,INCOMPLETE
KBS:UPCOM:C4G,C4G,UPCOM,C5_BASELINE_500,True,True,ACTIVE,True,False,False,INCOMPLETE
KBS:HNX:C69,C69,HNX,C7_COMPLETE_EXPANSION,True,True,ACTIVE,True,False,False,INCOMPLETE
KBS:UPCOM:C92,C92,UPCOM,C5_BASELINE_500,True,True,ACTIVE,True,False,False,INCOMPLETE
KBS:UPCOM:CAD,CAD,UPCOM,C7_COMPLETE_EXPANSION,True,True,ACTIVE,True,False,False,INCOMPLETE
KBS:HNX:CAG,CAG,HNX,C5_BASELINE_500,True,True,ACTIVE,True,False,False,INCOMPLETE
KBS:HNX:CAN,CAN,HNX,C7_COMPLETE_EXPANSION,True,True,OBSERVED_ZERO_VOLUME,False,False,False,INCOMPLETE
KBS:HNX:CAP,CAP,HNX,C5_BASELINE_500,True,True,ACTIVE,True,False,False,INCOMPLETE
KBS:HNX:CAR,CAR,HNX,C5_BASELINE_500,True,True,OBSERVED_ZERO_VOLUME,False,False,False,INCOMPLETE
KBS:UPCOM:CAT,CAT,UPCOM,C5_BASELINE_500,True,True,ACTIVE,True,False,False,INCOMPLETE
KBS:UPCOM:CBI,CBI,UPCOM,C5_BASELINE_500,True,True,ACTIVE,True,False,False,INCOMPLETE
KBS:UPCOM:CBS,CBS,UPCOM,C5_BASELINE_500,True,True,ACTIVE,True,False,False,INCOMPLETE
KBS:UPCOM:CC1,CC1,UPCOM,C5_BASELINE_500,True,True,ACTIVE,True,False,False,INCOMPLETE
KBS:UPCOM:CCA,CCA,UPCOM,C7_COMPLETE_EXPANSION,True,True,OBSERVED_ZERO_VOLUME,False,False,False,INCOMPLETE
KBS:HOSE:CCI,CCI,HOSE,C7_COMPLETE_EXPANSION,True,True,ACTIVE,True,False,False,INCOMPLETE
KBS:HOSE:CCL,CCL,HOSE,C5_BASELINE_500,True,True,ACTIVE,True,False,False,INCOMPLETE
KBS:UPCOM:CCM,CCM,UPCOM,C7_COMPLETE_EXPANSION,True,True,OBSERVED_ZERO_VOLUME,False,False,False,INCOMPLETE
KBS:UPCOM:CCP,CCP,UPCOM,C7_COMPLETE_EXPANSION,True,True,OBSERVED_ZERO_VOLUME,False,False,False,INCOMPLETE
KBS:HNX:CCR,CCR,HNX,C7_COMPLETE_EXPANSION,True,True,OBSERVED_ZERO_VOLUME,False,False,False,INCOMPLETE
KBS:UPCOM:CCT,CCT,UPCOM,C7_COMPLETE_EXPANSION,True,True,ACTIVE,True,False,False,INCOMPLETE
KBS:UPCOM:CCV,CCV,UPCOM,C7_COMPLETE_EXPANSION,True,True,OBSERVED_ZERO_VOLUME,False,False,False,INCOMPLETE
KBS:HOSE:CDC,CDC,HOSE,C7_COMPLETE_EXPANSION,True,True,ACTIVE,True,False,False,INCOMPLETE
KBS:HNX:CDN,CDN,HNX,C5_BASELINE_500,True,True,ACTIVE,True,False,False,INCOMPLETE
KBS:UPCOM:CDP,CDP,UPCOM,C7_COMPLETE_EXPANSION,True,True,ACTIVE,True,False,False,INCOMPLETE
KBS:UPCOM:CDR,CDR,UPCOM,C5_BASELINE_500,True,True,ACTIVE,True,False,False,INCOMPLETE
KBS:UPCOM:CEN,CEN,UPCOM,C7_COMPLETE_EXPANSION,True,True,ACTIVE,True,False,False,INCOMPLETE
KBS:HNX:CEO,CEO,HNX,C5_BASELINE_500,True,True,ACTIVE,True,False,False,INCOMPLETE
KBS:HNX:CET,CET,HNX,C5_BASELINE_500,True,True,ACTIVE,True,False,False,INCOMPLETE
KBS:UPCOM:CFM,CFM,UPCOM,C7_COMPLETE_EXPANSION,True,True,OBSERVED_ZERO_VOLUME,False,False,False,INCOMPLETE
KBS:UPCOM:CFV,CFV,UPCOM,C7_COMPLETE_EXPANSION,True,True,OBSERVED_ZERO_VOLUME,False,False,False,INCOMPLETE
KBS:UPCOM:CH5,CH5,UPCOM,C7_COMPLETE_EXPANSION,True,True,OBSERVED_ZERO_VOLUME,False,False,False,INCOMPLETE
KBS:UPCOM:CHC,CHC,UPCOM,C7_COMPLETE_EXPANSION,True,True,OBSERVED_ZERO_VOLUME,False,False,False,INCOMPLETE
KBS:HOSE:CHP,CHP,HOSE,C5_BASELINE_500,True,True,ACTIVE,True,False,False,INCOMPLETE
KBS:UPCOM:CHS,CHS,UPCOM,C5_BASELINE_500,True,True,ACTIVE,True,False,False,INCOMPLETE
KBS:UPCOM:CI5,CI5,UPCOM,C5_BASELINE_500,True,True,OBSERVED_ZERO_VOLUME,False,False,False,INCOMPLETE
KBS:HNX:CIA,CIA,HNX,C7_COMPLETE_EXPANSION,True,True,ACTIVE,True,False,False,INCOMPLETE
KBS:UPCOM:CID,CID,UPCOM,C5_BASELINE_500,True,True,ACTIVE,True,False,False,INCOMPLETE
KBS:HOSE:CIG,CIG,HOSE,C7_COMPLETE_EXPANSION,True,True,ACTIVE,True,False,False,INCOMPLETE
KBS:HOSE:CII,CII,HOSE,C5_BASELINE_500,True,True,ACTIVE,True,False,False,INCOMPLETE
KBS:HNX:CJC,CJC,HNX,C7_COMPLETE_EXPANSION,True,True,OBSERVED_ZERO_VOLUME,False,False,False,INCOMPLETE
KBS:UPCOM:CK8,CK8,UPCOM,C7_COMPLETE_EXPANSION,True,True,OBSERVED_ZERO_VOLUME,False,False,False,INCOMPLETE
KBS:UPCOM:CKA,CKA,UPCOM,C5_BASELINE_500,True,True,ACTIVE,True,False,False,INCOMPLETE
KBS:UPCOM:CKD,CKD,UPCOM,C5_BASELINE_500,True,True,OBSERVED_ZERO_VOLUME,False,False,False,INCOMPLETE
KBS:HOSE:CKG,CKG,HOSE,C5_BASELINE_500,True,True,ACTIVE,True,False,False,INCOMPLETE
KBS:HNX:CKV,CKV,HNX,C7_COMPLETE_EXPANSION,True,True,OBSERVED_ZERO_VOLUME,False,False,False,INCOMPLETE
KBS:HOSE:CLC,CLC,HOSE,C5_BASELINE_500,True,True,OBSERVED_ZERO_VOLUME,False,False,False,INCOMPLETE
KBS:HNX:CLH,CLH,HNX,C5_BASELINE_500,True,True,ACTIVE,True,False,False,INCOMPLETE
KBS:HNX:CLM,CLM,HNX,C7_COMPLETE_EXPANSION,True,True,ACTIVE,True,False,False,INCOMPLETE
KBS:HOSE:CLW,CLW,HOSE,C5_BASELINE_500,True,True,ACTIVE,True,False,False,INCOMPLETE
KBS:UPCOM:CLX,CLX,UPCOM,C5_BASELINE_500,True,True,ACTIVE,True,False,False,INCOMPLETE
KBS:HNX:CMC,CMC,HNX,C5_BASELINE_500,True,True,OBSERVED_ZERO_VOLUME,False,False,False,INCOMPLETE
KBS:UPCOM:CMD,CMD,UPCOM,C5_BASELINE_500,True,True,OBSERVED_ZERO_VOLUME,False,False,False,INCOMPLETE
KBS:UPCOM:CMF,CMF,UPCOM,C5_BASELINE_500,True,True,ACTIVE,True,False,False,INCOMPLETE
KBS:UPCOM:CMI,CMI,UPCOM,C5_BASELINE_500,True,True,OBSERVED_ZERO_VOLUME,False,False,False,INCOMPLETE
KBS:UPCOM:CMK,CMK,UPCOM,C7_COMPLETE_EXPANSION,True,True,OBSERVED_ZERO_VOLUME,False,False,False,INCOMPLETE
KBS:UPCOM:CMM,CMM,UPCOM,C7_COMPLETE_EXPANSION,True,True,OBSERVED_ZERO_VOLUME,False,False,False,INCOMPLETE
KBS:UPCOM:CMN,CMN,UPCOM,C7_COMPLETE_EXPANSION,True,True,ACTIVE,True,False,False,INCOMPLETE
KBS:HNX:CMS,CMS,HNX,C7_COMPLETE_EXPANSION,True,True,ACTIVE,True,False,False,INCOMPLETE
KBS:UPCOM:CMT,CMT,UPCOM,C7_COMPLETE_EXPANSION,True,True,ACTIVE,True,False,False,INCOMPLETE
KBS:HOSE:CMV,CMV,HOSE,C7_COMPLETE_EXPANSION,True,True,OBSERVED_ZERO_VOLUME,False,False,False,INCOMPLETE
KBS:UPCOM:CMW,CMW,UPCOM,C7_COMPLETE_EXPANSION,True,True,ACTIVE,True,False,False,INCOMPLETE
KBS:HOSE:CMX,CMX,HOSE,C5_BASELINE_500,True,True,ACTIVE,True,False,False,INCOMPLETE
KBS:UPCOM:CNC,CNC,UPCOM,C5_BASELINE_500,True,True,ACTIVE,True,False,False,INCOMPLETE
KBS:HOSE:CNG,CNG,HOSE,C7_COMPLETE_EXPANSION,True,True,ACTIVE,True,False,False,INCOMPLETE
KBS:UPCOM:CNN,CNN,UPCOM,C5_BASELINE_500,True,True,OBSERVED_ZERO_VOLUME,False,False,False,INCOMPLETE
KBS:UPCOM:CNT,CNT,UPCOM,C5_BASELINE_500,True,True,ACTIVE,True,False,False,INCOMPLETE
KBS:HOSE:COM,COM,HOSE,C7_COMPLETE_EXPANSION,True,True,OBSERVED_ZERO_VOLUME,False,False,False,INCOMPLETE
KBS:UPCOM:CPA,CPA,UPCOM,C7_COMPLETE_EXPANSION,True,True,OBSERVED_ZERO_VOLUME,False,False,False,INCOMPLETE
KBS:HNX:CPC,CPC,HNX,C7_COMPLETE_EXPANSION,True,True,OBSERVED_ZERO_VOLUME,False,False,False,INCOMPLETE
KBS:UPCOM:CPI,CPI,UPCOM,C5_BASELINE_500,True,True,OBSERVED_ZERO_VOLUME,False,False,False,INCOMPLETE
KBS:UPCOM:CQN,CQN,UPCOM,C7_COMPLETE_EXPANSION,True,True,ACTIVE,True,False,False,INCOMPLETE
KBS:UPCOM:CQT,CQT,UPCOM,C5_BASELINE_500,True,True,OBSERVED_ZERO_VOLUME,False,False,False,INCOMPLETE
KBS:HOSE:CRC,CRC,HOSE,C7_COMPLETE_EXPANSION,True,True,ACTIVE,True,False,False,INCOMPLETE
KBS:HOSE:CRE,CRE,HOSE,C5_BASELINE_500,True,True,ACTIVE,True,False,False,INCOMPLETE
KBS:HNX:CSC,CSC,HNX,C7_COMPLETE_EXPANSION,True,True,ACTIVE,True,False,False,INCOMPLETE
KBS:HOSE:CSM,CSM,HOSE,C7_COMPLETE_EXPANSION,True,True,ACTIVE,True,False,False,INCOMPLETE
KBS:HNX:CST,CST,HNX,C7_COMPLETE_EXPANSION,True,True,ACTIVE,True,False,False,INCOMPLETE
KBS:HOSE:CSV,CSV,HOSE,C7_COMPLETE_EXPANSION,True,True,ACTIVE,True,False,False,INCOMPLETE
KBS:UPCOM:CT3,CT3,UPCOM,C7_COMPLETE_EXPANSION,True,True,ACTIVE,True,False,False,INCOMPLETE
KBS:HNX:CTB,CTB,HNX,C7_COMPLETE_EXPANSION,True,True,OBSERVED_ZERO_VOLUME,False,False,False,INCOMPLETE
KBS:HOSE:CTD,CTD,HOSE,C5_BASELINE_500,True,True,ACTIVE,True,False,False,INCOMPLETE
KBS:HOSE:CTF,CTF,HOSE,C7_COMPLETE_EXPANSION,True,True,ACTIVE,True,False,False,INCOMPLETE
KBS:HOSE:CTI,CTI,HOSE,C7_COMPLETE_EXPANSION,True,True,ACTIVE,True,False,False,INCOMPLETE
KBS:HNX:CTP,CTP,HNX,C7_COMPLETE_EXPANSION,True,True,ACTIVE,True,False,False,INCOMPLETE
KBS:HOSE:CTR,CTR,HOSE,C5_BASELINE_500,True,True,ACTIVE,True,False,False,INCOMPLETE
KBS:HOSE:CTS,CTS,HOSE,C5_BASELINE_500,True,True,ACTIVE,True,False,False,INCOMPLETE
KBS:HNX:CTT,CTT,HNX,C5_BASELINE_500,True,True,OBSERVED_ZERO_VOLUME,False,False,False,INCOMPLETE
KBS:UPCOM:CTW,CTW,UPCOM,C5_BASELINE_500,True,True,ACTIVE,True,False,False,INCOMPLETE
KBS:UPCOM:CVN,CVN,UPCOM,C5_BASELINE_500,True,True,ACTIVE,True,False,False,INCOMPLETE
KBS:HOSE:CVT,CVT,HOSE,C7_COMPLETE_EXPANSION,True,True,ACTIVE,True,False,False,INCOMPLETE
KBS:HNX:CX8,CX8,HNX,C7_COMPLETE_EXPANSION,True,True,OBSERVED_ZERO_VOLUME,False,False,False,INCOMPLETE
KBS:HNX:D11,D11,HNX,C7_COMPLETE_EXPANSION,True,True,OBSERVED_ZERO_VOLUME,False,False,False,INCOMPLETE
KBS:HOSE:D2D,D2D,HOSE,C7_COMPLETE_EXPANSION,True,True,ACTIVE,True,False,False,INCOMPLETE
KBS:HNX:DAD,DAD,HNX,C7_COMPLETE_EXPANSION,True,True,ACTIVE,True,False,False,INCOMPLETE
KBS:HNX:DAE,DAE,HNX,C7_COMPLETE_EXPANSION,True,True,OBSERVED_ZERO_VOLUME,False,False,False,INCOMPLETE
KBS:HOSE:DAH,DAH,HOSE,C5_BASELINE_500,True,True,ACTIVE,True,False,False,INCOMPLETE
KBS:UPCOM:DAS,DAS,UPCOM,C7_COMPLETE_EXPANSION,True,True,OBSERVED_ZERO_VOLUME,False,False,False,INCOMPLETE
KBS:HOSE:DBC,DBC,HOSE,C5_BASELINE_500,True,True,ACTIVE,True,False,False,INCOMPLETE
KBS:HOSE:DBD,DBD,HOSE,C7_COMPLETE_EXPANSION,True,True,ACTIVE,True,False,False,INCOMPLETE
KBS:UPCOM:DBM,DBM,UPCOM,C7_COMPLETE_EXPANSION,True,True,ACTIVE,True,False,False,INCOMPLETE
KBS:UPCOM:DC1,DC1,UPCOM,C5_BASELINE_500,True,True,ACTIVE,True,False,False,INCOMPLETE
KBS:HNX:DC2,DC2,HNX,C5_BASELINE_500,True,True,OBSERVED_ZERO_VOLUME,False,False,False,INCOMPLETE
KBS:HOSE:DC4,DC4,HOSE,C5_BASELINE_500,True,True,ACTIVE,True,False,False,INCOMPLETE
KBS:UPCOM:DCF,DCF,UPCOM,C7_COMPLETE_EXPANSION,True,True,OBSERVED_ZERO_VOLUME,False,False,False,INCOMPLETE
KBS:UPCOM:DCH,DCH,UPCOM,C7_COMPLETE_EXPANSION,True,True,OBSERVED_ZERO_VOLUME,False,False,False,INCOMPLETE
KBS:HOSE:DCL,DCL,HOSE,C5_BASELINE_500,True,True,ACTIVE,True,False,False,INCOMPLETE
KBS:HOSE:DCM,DCM,HOSE,C5_BASELINE_500,True,True,ACTIVE,True,False,False,INCOMPLETE
KBS:UPCOM:DCR,DCR,UPCOM,C7_COMPLETE_EXPANSION,True,True,OBSERVED_ZERO_VOLUME,False,False,False,INCOMPLETE
KBS:UPCOM:DCS,DCS,UPCOM,C7_COMPLETE_EXPANSION,True,True,ACTIVE,True,False,False,INCOMPLETE
KBS:UPCOM:DCT,DCT,UPCOM,C5_BASELINE_500,True,True,ACTIVE,True,False,False,INCOMPLETE
KBS:UPCOM:DDH,DDH,UPCOM,C5_BASELINE_500,True,True,OBSERVED_ZERO_VOLUME,False,False,False,INCOMPLETE
KBS:UPCOM:DDM,DDM,UPCOM,C7_COMPLETE_EXPANSION,True,True,ACTIVE,True,False,False,INCOMPLETE
KBS:UPCOM:DDN,DDN,UPCOM,C7_COMPLETE_EXPANSION,True,True,OBSERVED_ZERO_VOLUME,False,False,False,INCOMPLETE
KBS:UPCOM:DDV,DDV,UPCOM,C5_BASELINE_500,True,True,ACTIVE,True,False,False,INCOMPLETE
KBS:UPCOM:DFC,DFC,UPCOM,C7_COMPLETE_EXPANSION,True,True,ACTIVE,True,False,False,INCOMPLETE
KBS:HOSE:DGC,DGC,HOSE,C5_BASELINE_500,True,True,ACTIVE,True,False,False,INCOMPLETE
KBS:UPCOM:DGT,DGT,UPCOM,C7_COMPLETE_EXPANSION,True,True,ACTIVE,True,False,False,INCOMPLETE
KBS:HOSE:DGW,DGW,HOSE,C5_BASELINE_500,True,True,ACTIVE,True,False,False,INCOMPLETE
KBS:HOSE:DHA,DHA,HOSE,C7_COMPLETE_EXPANSION,True,True,ACTIVE,True,False,False,INCOMPLETE
KBS:UPCOM:DHB,DHB,UPCOM,C5_BASELINE_500,True,True,ACTIVE,True,False,False,INCOMPLETE
KBS:HOSE:DHC,DHC,HOSE,C7_COMPLETE_EXPANSION,True,True,ACTIVE,True,False,False,INCOMPLETE
KBS:UPCOM:DHD,DHD,UPCOM,C7_COMPLETE_EXPANSION,True,True,ACTIVE,True,False,False,INCOMPLETE
KBS:UPCOM:DHN,DHN,UPCOM,C7_COMPLETE_EXPANSION,True,True,ACTIVE,True,False,False,INCOMPLETE
KBS:HNX:DHP,DHP,HNX,C7_COMPLETE_EXPANSION,True,True,ACTIVE,True,False,False,INCOMPLETE
KBS:UPCOM:DIC,DIC,UPCOM,C7_COMPLETE_EXPANSION,True,True,ACTIVE,True,False,False,INCOMPLETE
KBS:UPCOM:DID,DID,UPCOM,C5_BASELINE_500,True,True,ACTIVE,True,False,False,INCOMPLETE
KBS:HNX:DIH,DIH,HNX,C7_COMPLETE_EXPANSION,True,True,ACTIVE,True,False,False,INCOMPLETE
KBS:UPCOM:DKC,DKC,UPCOM,C7_COMPLETE_EXPANSION,True,True,OBSERVED_ZERO_VOLUME,False,False,False,INCOMPLETE
KBS:HNX:DL1,DL1,HNX,C7_COMPLETE_EXPANSION,True,True,ACTIVE,True,False,False,INCOMPLETE
KBS:HOSE:DLG,DLG,HOSE,C7_COMPLETE_EXPANSION,True,True,ACTIVE,True,False,False,INCOMPLETE
KBS:UPCOM:DLR,DLR,UPCOM,C7_COMPLETE_EXPANSION,True,True,OBSERVED_ZERO_VOLUME,False,False,False,INCOMPLETE
KBS:UPCOM:DLT,DLT,UPCOM,C7_COMPLETE_EXPANSION,True,True,OBSERVED_ZERO_VOLUME,False,False,False,INCOMPLETE
KBS:UPCOM:DM7,DM7,UPCOM,C7_COMPLETE_EXPANSION,True,True,OBSERVED_ZERO_VOLUME,False,False,False,INCOMPLETE
KBS:HOSE:DMC,DMC,HOSE,C5_BASELINE_500,True,True,ACTIVE,True,False,False,INCOMPLETE
KBS:UPCOM:DNA,DNA,UPCOM,C5_BASELINE_500,True,True,OBSERVED_ZERO_VOLUME,False,False,False,INCOMPLETE
KBS:HNX:DNC,DNC,HNX,C5_BASELINE_500,True,True,ACTIVE,True,False,False,INCOMPLETE
KBS:UPCOM:DND,DND,UPCOM,C7_COMPLETE_EXPANSION,True,True,OBSERVED_ZERO_VOLUME,False,False,False,INCOMPLETE
KBS:UPCOM:DNE,DNE,UPCOM,C7_COMPLETE_EXPANSION,True,True,ACTIVE,True,False,False,INCOMPLETE
KBS:UPCOM:DNH,DNH,UPCOM,C5_BASELINE_500,True,True,OBSERVED_ZERO_VOLUME,False,False,False,INCOMPLETE
KBS:UPCOM:DNL,DNL,UPCOM,C5_BASELINE_500,True,True,OBSERVED_ZERO_VOLUME,False,False,False,INCOMPLETE
KBS:UPCOM:DNM,DNM,UPCOM,C7_COMPLETE_EXPANSION,True,True,OBSERVED_ZERO_VOLUME,False,False,False,INCOMPLETE
KBS:HNX:DNP,DNP,HNX,C7_COMPLETE_EXPANSION,True,True,ACTIVE,True,False,False,INCOMPLETE
KBS:UPCOM:DNT,DNT,UPCOM,C7_COMPLETE_EXPANSION,True,True,OBSERVED_ZERO_VOLUME,False,False,False,INCOMPLETE
KBS:UPCOM:DNW,DNW,UPCOM,C5_BASELINE_500,True,True,ACTIVE,True,False,False,INCOMPLETE
KBS:UPCOM:DOC,DOC,UPCOM,C7_COMPLETE_EXPANSION,True,True,OBSERVED_ZERO_VOLUME,False,False,False,INCOMPLETE
KBS:UPCOM:DOP,DOP,UPCOM,C7_COMPLETE_EXPANSION,True,True,OBSERVED_ZERO_VOLUME,False,False,False,INCOMPLETE
KBS:UPCOM:DP1,DP1,UPCOM,C5_BASELINE_500,True,True,ACTIVE,True,False,False,INCOMPLETE
KBS:HNX:DP3,DP3,HNX,C7_COMPLETE_EXPANSION,True,True,ACTIVE,True,False,False,INCOMPLETE
KBS:UPCOM:DPC,DPC,UPCOM,C5_BASELINE_500,True,True,ACTIVE,True,False,False,INCOMPLETE
KBS:HOSE:DPG,DPG,HOSE,C7_COMPLETE_EXPANSION,True,True,ACTIVE,True,False,False,INCOMPLETE
KBS:UPCOM:DPH,DPH,UPCOM,C7_COMPLETE_EXPANSION,True,True,OBSERVED_ZERO_VOLUME,False,False,False,INCOMPLETE
KBS:UPCOM:DPP,DPP,UPCOM,C7_COMPLETE_EXPANSION,True,True,OBSERVED_ZERO_VOLUME,False,False,False,INCOMPLETE
KBS:HOSE:DQC,DQC,HOSE,C7_COMPLETE_EXPANSION,True,True,ACTIVE,True,False,False,INCOMPLETE
KBS:HOSE:DRC,DRC,HOSE,C7_COMPLETE_EXPANSION,True,True,ACTIVE,True,False,False,INCOMPLETE
KBS:UPCOM:DRG,DRG,UPCOM,C7_COMPLETE_EXPANSION,True,True,OBSERVED_ZERO_VOLUME,False,False,False,INCOMPLETE
KBS:HOSE:DRH,DRH,HOSE,C7_COMPLETE_EXPANSION,True,True,ACTIVE,True,False,False,INCOMPLETE
KBS:UPCOM:DRI,DRI,UPCOM,C5_BASELINE_500,True,True,ACTIVE,True,False,False,INCOMPLETE
KBS:HNX:DS3,DS3,HNX,C5_BASELINE_500,True,True,OBSERVED_ZERO_VOLUME,False,False,False,INCOMPLETE
KBS:HOSE:DSC,DSC,HOSE,C7_COMPLETE_EXPANSION,True,True,ACTIVE,True,False,False,INCOMPLETE
KBS:UPCOM:DSD,DSD,UPCOM,C7_COMPLETE_EXPANSION,True,True,OBSERVED_ZERO_VOLUME,False,False,False,INCOMPLETE
KBS:UPCOM:DSG,DSG,UPCOM,C7_COMPLETE_EXPANSION,True,True,OBSERVED_ZERO_VOLUME,False,False,False,INCOMPLETE
KBS:HOSE:DSN,DSN,HOSE,C7_COMPLETE_EXPANSION,True,True,ACTIVE,True,False,False,INCOMPLETE
KBS:UPCOM:DSP,DSP,UPCOM,C7_COMPLETE_EXPANSION,True,True,OBSERVED_ZERO_VOLUME,False,False,False,INCOMPLETE
KBS:HNX:DST,DST,HNX,C7_COMPLETE_EXPANSION,True,True,ACTIVE,True,False,False,INCOMPLETE
KBS:HOSE:DTA,DTA,HOSE,C5_BASELINE_500,True,True,ACTIVE,True,False,False,INCOMPLETE
KBS:UPCOM:DTC,DTC,UPCOM,C5_BASELINE_500,True,True,OBSERVED_ZERO_VOLUME,False,False,False,INCOMPLETE
KBS:HNX:DTD,DTD,HNX,C7_COMPLETE_EXPANSION,True,True,ACTIVE,True,False,False,INCOMPLETE
KBS:UPCOM:DTH,DTH,UPCOM,C7_COMPLETE_EXPANSION,True,True,OBSERVED_ZERO_VOLUME,False,False,False,INCOMPLETE
KBS:UPCOM:DTI,DTI,UPCOM,C5_BASELINE_500,True,True,OBSERVED_ZERO_VOLUME,False,False,False,INCOMPLETE
KBS:HNX:DTK,DTK,HNX,C7_COMPLETE_EXPANSION,True,True,ACTIVE,True,False,False,INCOMPLETE
KBS:HOSE:DTL,DTL,HOSE,C7_COMPLETE_EXPANSION,True,True,OBSERVED_ZERO_VOLUME,False,False,False,INCOMPLETE
KBS:UPCOM:DTP,DTP,UPCOM,C7_COMPLETE_EXPANSION,True,True,ACTIVE,True,False,False,INCOMPLETE
KBS:HOSE:DTT,DTT,HOSE,C5_BASELINE_500,True,True,OBSERVED_ZERO_VOLUME,False,False,False,INCOMPLETE
KBS:UPCOM:DUS,DUS,UPCOM,C7_COMPLETE_EXPANSION,True,True,OBSERVED_ZERO_VOLUME,False,False,False,INCOMPLETE
KBS:UPCOM:DVC,DVC,UPCOM,C7_COMPLETE_EXPANSION,True,True,OBSERVED_ZERO_VOLUME,False,False,False,INCOMPLETE
KBS:UPCOM:DVG,DVG,UPCOM,C7_COMPLETE_EXPANSION,True,True,ACTIVE,True,False,False,INCOMPLETE
KBS:HNX:DVM,DVM,HNX,C7_COMPLETE_EXPANSION,True,True,ACTIVE,True,False,False,INCOMPLETE
KBS:HOSE:DVP,DVP,HOSE,C5_BASELINE_500,True,True,ACTIVE,True,False,False,INCOMPLETE
KBS:UPCOM:DVW,DVW,UPCOM,C7_COMPLETE_EXPANSION,True,True,OBSERVED_ZERO_VOLUME,False,False,False,INCOMPLETE
KBS:UPCOM:DWC,DWC,UPCOM,C7_COMPLETE_EXPANSION,True,True,OBSERVED_ZERO_VOLUME,False,False,False,INCOMPLETE
KBS:UPCOM:DWS,DWS,UPCOM,C5_BASELINE_500,True,True,OBSERVED_ZERO_VOLUME,False,False,False,INCOMPLETE
KBS:HOSE:DXG,DXG,HOSE,C7_COMPLETE_EXPANSION,True,True,ACTIVE,True,False,False,INCOMPLETE
KBS:UPCOM:DXL,DXL,UPCOM,C7_COMPLETE_EXPANSION,True,True,OBSERVED_ZERO_VOLUME,False,False,False,INCOMPLETE
KBS:HOSE:DXS,DXS,HOSE,C7_COMPLETE_EXPANSION,True,True,ACTIVE,True,False,False,INCOMPLETE
KBS:HOSE:DXV,DXV,HOSE,C7_COMPLETE_EXPANSION,True,True,ACTIVE,True,False,False,INCOMPLETE
KBS:UPCOM:E12,E12,UPCOM,C5_BASELINE_500,True,True,OBSERVED_ZERO_VOLUME,False,False,False,INCOMPLETE
KBS:UPCOM:E29,E29,UPCOM,C7_COMPLETE_EXPANSION,True,True,OBSERVED_ZERO_VOLUME,False,False,False,INCOMPLETE
KBS:HNX:EBS,EBS,HNX,C5_BASELINE_500,True,True,OBSERVED_ZERO_VOLUME,False,False,False,INCOMPLETE
KBS:HNX:ECI,ECI,HNX,C7_COMPLETE_EXPANSION,True,True,OBSERVED_ZERO_VOLUME,False,False,False,INCOMPLETE
KBS:HOSE:EIB,EIB,HOSE,C7_COMPLETE_EXPANSION,True,True,ACTIVE,True,False,False,INCOMPLETE
KBS:UPCOM:EIC,EIC,UPCOM,C5_BASELINE_500,True,True,ACTIVE,True,False,False,INCOMPLETE
KBS:HNX:EID,EID,HNX,C7_COMPLETE_EXPANSION,True,True,ACTIVE,True,False,False,INCOMPLETE
KBS:UPCOM:EIN,EIN,UPCOM,C7_COMPLETE_EXPANSION,True,True,ACTIVE,True,False,False,INCOMPLETE
KBS:HOSE:ELC,ELC,HOSE,C5_BASELINE_500,True,True,ACTIVE,True,False,False,INCOMPLETE
KBS:UPCOM:EMG,EMG,UPCOM,C7_COMPLETE_EXPANSION,True,True,OBSERVED_ZERO_VOLUME,False,False,False,INCOMPLETE
KBS:UPCOM:EMS,EMS,UPCOM,C7_COMPLETE_EXPANSION,True,True,ACTIVE,True,False,False,INCOMPLETE
KBS:HOSE:EVE,EVE,HOSE,C5_BASELINE_500,True,True,ACTIVE,True,False,False,INCOMPLETE
KBS:HOSE:EVF,EVF,HOSE,C5_BASELINE_500,True,True,ACTIVE,True,False,False,INCOMPLETE
KBS:HOSE:EVG,EVG,HOSE,C7_COMPLETE_EXPANSION,True,True,ACTIVE,True,False,False,INCOMPLETE
KBS:HNX:EVS,EVS,HNX,C5_BASELINE_500,True,True,ACTIVE,True,False,False,INCOMPLETE
KBS:UPCOM:FCC,FCC,UPCOM,C7_COMPLETE_EXPANSION,True,True,OBSERVED_ZERO_VOLUME,False,False,False,INCOMPLETE
KBS:HOSE:FCM,FCM,HOSE,C7_COMPLETE_EXPANSION,True,True,ACTIVE,True,False,False,INCOMPLETE
KBS:HOSE:FCN,FCN,HOSE,C7_COMPLETE_EXPANSION,True,True,ACTIVE,True,False,False,INCOMPLETE
KBS:UPCOM:FCS,FCS,UPCOM,C7_COMPLETE_EXPANSION,True,True,OBSERVED_ZERO_VOLUME,False,False,False,INCOMPLETE
KBS:HOSE:FDC,FDC,HOSE,C5_BASELINE_500,True,True,OBSERVED_ZERO_VOLUME,False,False,False,INCOMPLETE
KBS:UPCOM:FHN,FHN,UPCOM,C7_COMPLETE_EXPANSION,True,True,OBSERVED_ZERO_VOLUME,False,False,False,INCOMPLETE
KBS:UPCOM:FHS,FHS,UPCOM,C7_COMPLETE_EXPANSION,True,True,OBSERVED_ZERO_VOLUME,False,False,False,INCOMPLETE
KBS:UPCOM:FIC,FIC,UPCOM,C5_BASELINE_500,True,True,ACTIVE,True,False,False,INCOMPLETE
KBS:HNX:FID,FID,HNX,C5_BASELINE_500,True,True,ACTIVE,True,False,False,INCOMPLETE
KBS:HOSE:FIR,FIR,HOSE,C5_BASELINE_500,True,True,ACTIVE,True,False,False,INCOMPLETE
KBS:HOSE:FIT,FIT,HOSE,C5_BASELINE_500,True,True,ACTIVE,True,False,False,INCOMPLETE
KBS:HOSE:FMC,FMC,HOSE,C5_BASELINE_500,True,True,ACTIVE,True,False,False,INCOMPLETE
KBS:UPCOM:FOC,FOC,UPCOM,C5_BASELINE_500,True,True,ACTIVE,True,False,False,INCOMPLETE
KBS:UPCOM:FOX,FOX,UPCOM,C5_BASELINE_500,True,True,ACTIVE,True,False,False,INCOMPLETE
KBS:HOSE:FPT,FPT,HOSE,C5_BASELINE_500,True,True,ACTIVE,True,False,False,INCOMPLETE
KBS:UPCOM:FRC,FRC,UPCOM,C7_COMPLETE_EXPANSION,True,True,OBSERVED_ZERO_VOLUME,False,False,False,INCOMPLETE
KBS:UPCOM:FRM,FRM,UPCOM,C7_COMPLETE_EXPANSION,True,True,OBSERVED_ZERO_VOLUME,False,False,False,INCOMPLETE
KBS:HOSE:FRT,FRT,HOSE,C5_BASELINE_500,True,True,ACTIVE,True,False,False,INCOMPLETE
KBS:UPCOM:FT1,FT1,UPCOM,C7_COMPLETE_EXPANSION,True,True,ACTIVE,True,False,False,INCOMPLETE
KBS:UPCOM:FTI,FTI,UPCOM,C7_COMPLETE_EXPANSION,True,True,OBSERVED_ZERO_VOLUME,False,False,False,INCOMPLETE
KBS:UPCOM:FTM,FTM,UPCOM,C7_COMPLETE_EXPANSION,True,True,ACTIVE,True,False,False,INCOMPLETE
KBS:HOSE:FTS,FTS,HOSE,C7_COMPLETE_EXPANSION,True,True,ACTIVE,True,False,False,INCOMPLETE
KBS:UPCOM:G36,G36,UPCOM,C7_COMPLETE_EXPANSION,True,True,ACTIVE,True,False,False,INCOMPLETE
KBS:HOSE:GAS,GAS,HOSE,C5_BASELINE_500,True,True,ACTIVE,True,False,False,INCOMPLETE
KBS:UPCOM:GCB,GCB,UPCOM,C7_COMPLETE_EXPANSION,True,True,OBSERVED_ZERO_VOLUME,False,False,False,INCOMPLETE
KBS:UPCOM:GCF,GCF,UPCOM,C7_COMPLETE_EXPANSION,True,True,ACTIVE,True,False,False,INCOMPLETE
KBS:HOSE:GDT,GDT,HOSE,C5_BASELINE_500,True,True,ACTIVE,True,False,False,INCOMPLETE
KBS:HNX:GDW,GDW,HNX,C5_BASELINE_500,True,True,OBSERVED_ZERO_VOLUME,False,False,False,INCOMPLETE
KBS:HOSE:GEE,GEE,HOSE,C7_COMPLETE_EXPANSION,True,True,ACTIVE,True,False,False,INCOMPLETE
KBS:HOSE:GEG,GEG,HOSE,C5_BASELINE_500,True,True,ACTIVE,True,False,False,INCOMPLETE
KBS:UPCOM:GER,GER,UPCOM,C7_COMPLETE_EXPANSION,True,True,OBSERVED_ZERO_VOLUME,False,False,False,INCOMPLETE
KBS:UPCOM:GGG,GGG,UPCOM,C5_BASELINE_500,True,True,ACTIVE,True,False,False,INCOMPLETE
KBS:UPCOM:GH3,GH3,UPCOM,C7_COMPLETE_EXPANSION,True,True,OBSERVED_ZERO_VOLUME,False,False,False,INCOMPLETE
KBS:HOSE:GIL,GIL,HOSE,C7_COMPLETE_EXPANSION,True,True,ACTIVE,True,False,False,INCOMPLETE
KBS:HNX:GKM,GKM,HNX,C7_COMPLETE_EXPANSION,True,True,ACTIVE,True,False,False,INCOMPLETE
KBS:UPCOM:GLC,GLC,UPCOM,C7_COMPLETE_EXPANSION,True,True,OBSERVED_ZERO_VOLUME,False,False,False,INCOMPLETE
KBS:HNX:GLT,GLT,HNX,C7_COMPLETE_EXPANSION,True,True,OBSERVED_ZERO_VOLUME,False,False,False,INCOMPLETE
KBS:HNX:GMA,GMA,HNX,C7_COMPLETE_EXPANSION,True,True,OBSERVED_ZERO_VOLUME,False,False,False,INCOMPLETE
KBS:UPCOM:GMC,GMC,UPCOM,C7_COMPLETE_EXPANSION,True,True,OBSERVED_ZERO_VOLUME,False,False,False,INCOMPLETE
KBS:HOSE:GMD,GMD,HOSE,C5_BASELINE_500,True,True,ACTIVE,True,False,False,INCOMPLETE
KBS:HOSE:GMH,GMH,HOSE,C5_BASELINE_500,True,True,ACTIVE,True,False,False,INCOMPLETE
KBS:HNX:GMX,GMX,HNX,C7_COMPLETE_EXPANSION,True,True,ACTIVE,True,False,False,INCOMPLETE
KBS:UPCOM:GND,GND,UPCOM,C7_COMPLETE_EXPANSION,True,True,OBSERVED_ZERO_VOLUME,False,False,False,INCOMPLETE
KBS:UPCOM:GPC,GPC,UPCOM,C5_BASELINE_500,True,True,ACTIVE,True,False,False,INCOMPLETE
KBS:UPCOM:GSM,GSM,UPCOM,C5_BASELINE_500,True,True,ACTIVE,True,False,False,INCOMPLETE
KBS:HOSE:GTA,GTA,HOSE,C5_BASELINE_500,True,True,ACTIVE,True,False,False,INCOMPLETE
KBS:UPCOM:GTD,GTD,UPCOM,C7_COMPLETE_EXPANSION,True,True,OBSERVED_ZERO_VOLUME,False,False,False,INCOMPLETE
KBS:UPCOM:GTS,GTS,UPCOM,C7_COMPLETE_EXPANSION,True,True,OBSERVED_ZERO_VOLUME,False,False,False,INCOMPLETE
KBS:UPCOM:H11,H11,UPCOM,C5_BASELINE_500,True,True,ACTIVE,True,False,False,INCOMPLETE
KBS:UPCOM:HAC,HAC,UPCOM,C7_COMPLETE_EXPANSION,True,True,OBSERVED_ZERO_VOLUME,False,False,False,INCOMPLETE
KBS:HNX:HAD,HAD,HNX,C5_BASELINE_500,True,True,ACTIVE,True,False,False,INCOMPLETE
KBS:UPCOM:HAF,HAF,UPCOM,C5_BASELINE_500,True,True,OBSERVED_ZERO_VOLUME,False,False,False,INCOMPLETE
KBS:HOSE:HAG,HAG,HOSE,C7_COMPLETE_EXPANSION,True,True,ACTIVE,True,False,False,INCOMPLETE
KBS:UPCOM:HAM,HAM,UPCOM,C5_BASELINE_500,True,True,OBSERVED_ZERO_VOLUME,False,False,False,INCOMPLETE
KBS:UPCOM:HAN,HAN,UPCOM,C5_BASELINE_500,True,True,ACTIVE,True,False,False,INCOMPLETE
KBS:HOSE:HAP,HAP,HOSE,C7_COMPLETE_EXPANSION,True,True,ACTIVE,True,False,False,INCOMPLETE
KBS:HOSE:HAR,HAR,HOSE,C5_BASELINE_500,True,True,ACTIVE,True,False,False,INCOMPLETE
KBS:HOSE:HAS,HAS,HOSE,C5_BASELINE_500,True,True,ACTIVE,True,False,False,INCOMPLETE
KBS:HNX:HAT,HAT,HNX,C7_COMPLETE_EXPANSION,True,True,OBSERVED_ZERO_VOLUME,False,False,False,INCOMPLETE
KBS:HOSE:HAX,HAX,HOSE,C5_BASELINE_500,True,True,ACTIVE,True,False,False,INCOMPLETE
KBS:UPCOM:HBC,HBC,UPCOM,C7_COMPLETE_EXPANSION,True,True,ACTIVE,True,False,False,INCOMPLETE
KBS:UPCOM:HBD,HBD,UPCOM,C5_BASELINE_500,True,True,ACTIVE,True,False,False,INCOMPLETE
KBS:UPCOM:HBH,HBH,UPCOM,C5_BASELINE_500,True,True,ACTIVE,True,False,False,INCOMPLETE
KBS:HNX:HBS,HBS,HNX,C7_COMPLETE_EXPANSION,True,True,ACTIVE,True,False,False,INCOMPLETE
KBS:HNX:HCC,HCC,HNX,C7_COMPLETE_EXPANSION,True,True,ACTIVE,True,False,False,INCOMPLETE
KBS:HOSE:HCD,HCD,HOSE,C7_COMPLETE_EXPANSION,True,True,ACTIVE,True,False,False,INCOMPLETE
KBS:HOSE:HCM,HCM,HOSE,C5_BASELINE_500,True,True,ACTIVE,True,False,False,INCOMPLETE
KBS:UPCOM:HD6,HD6,UPCOM,C5_BASELINE_500,True,True,ACTIVE,True,False,False,INCOMPLETE
KBS:HNX:HDA,HDA,HNX,C5_BASELINE_500,True,True,ACTIVE,True,False,False,INCOMPLETE
KBS:HOSE:HDC,HDC,HOSE,C5_BASELINE_500,True,True,ACTIVE,True,False,False,INCOMPLETE
KBS:HOSE:HDG,HDG,HOSE,C7_COMPLETE_EXPANSION,True,True,ACTIVE,True,False,False,INCOMPLETE
KBS:UPCOM:HDW,HDW,UPCOM,C5_BASELINE_500,True,True,OBSERVED_ZERO_VOLUME,False,False,False,INCOMPLETE
KBS:UPCOM:HEJ,HEJ,UPCOM,C5_BASELINE_500,True,True,ACTIVE,True,False,False,INCOMPLETE
KBS:UPCOM:HEP,HEP,UPCOM,C5_BASELINE_500,True,True,ACTIVE,True,False,False,INCOMPLETE
KBS:UPCOM:HES,HES,UPCOM,C5_BASELINE_500,True,True,OBSERVED_ZERO_VOLUME,False,False,False,INCOMPLETE
KBS:HNX:HEV,HEV,HNX,C7_COMPLETE_EXPANSION,True,True,OBSERVED_ZERO_VOLUME,False,False,False,INCOMPLETE
KBS:HNX:HGM,HGM,HNX,C7_COMPLETE_EXPANSION,True,True,ACTIVE,True,False,False,INCOMPLETE
KBS:HNX:HHC,HHC,HNX,C7_COMPLETE_EXPANSION,True,True,OBSERVED_ZERO_VOLUME,False,False,False,INCOMPLETE
KBS:UPCOM:HHG,HHG,UPCOM,C5_BASELINE_500,True,True,ACTIVE,True,False,False,INCOMPLETE
KBS:HOSE:HHP,HHP,HOSE,C5_BASELINE_500,True,True,ACTIVE,True,False,False,INCOMPLETE
KBS:HOSE:HHV,HHV,HOSE,C5_BASELINE_500,True,True,ACTIVE,True,False,False,INCOMPLETE
KBS:HOSE:HID,HID,HOSE,C5_BASELINE_500,True,True,ACTIVE,True,False,False,INCOMPLETE
KBS:HOSE:HII,HII,HOSE,C7_COMPLETE_EXPANSION,True,True,ACTIVE,True,False,False,INCOMPLETE
KBS:HNX:HJS,HJS,HNX,C5_BASELINE_500,True,True,ACTIVE,True,False,False,INCOMPLETE
KBS:HNX:HKT,HKT,HNX,C7_COMPLETE_EXPANSION,True,True,ACTIVE,True,False,False,INCOMPLETE
KBS:UPCOM:HLB,HLB,UPCOM,C5_BASELINE_500,True,True,OBSERVED_ZERO_VOLUME,False,False,False,INCOMPLETE
KBS:HNX:HLC,HLC,HNX,C5_BASELINE_500,True,True,OBSERVED_ZERO_VOLUME,False,False,False,INCOMPLETE
KBS:HNX:HLD,HLD,HNX,C5_BASELINE_500,True,True,ACTIVE,True,False,False,INCOMPLETE
KBS:UPCOM:HLS,HLS,UPCOM,C5_BASELINE_500,True,True,OBSERVED_ZERO_VOLUME,False,False,False,INCOMPLETE
KBS:HOSE:HMC,HMC,HOSE,C7_COMPLETE_EXPANSION,True,True,ACTIVE,True,False,False,INCOMPLETE
KBS:HNX:HMH,HMH,HNX,C5_BASELINE_500,True,True,OBSERVED_ZERO_VOLUME,False,False,False,INCOMPLETE
KBS:HNX:HMR,HMR,HNX,C5_BASELINE_500,True,True,ACTIVE,True,False,False,INCOMPLETE
KBS:UPCOM:HND,HND,UPCOM,C5_BASELINE_500,True,True,ACTIVE,True,False,False,INCOMPLETE
KBS:UPCOM:HNF,HNF,UPCOM,C5_BASELINE_500,True,True,ACTIVE,True,False,False,INCOMPLETE
KBS:UPCOM:HNG,HNG,UPCOM,C5_BASELINE_500,True,True,ACTIVE,True,False,False,INCOMPLETE
KBS:UPCOM:HNM,HNM,UPCOM,C5_BASELINE_500,True,True,ACTIVE,True,False,False,INCOMPLETE
KBS:UPCOM:HPH,HPH,UPCOM,C5_BASELINE_500,True,True,ACTIVE,True,False,False,INCOMPLETE
KBS:UPCOM:HPT,HPT,UPCOM,C5_BASELINE_500,True,True,OBSERVED_ZERO_VOLUME,False,False,False,INCOMPLETE
KBS:HOSE:HPX,HPX,HOSE,C7_COMPLETE_EXPANSION,True,True,ACTIVE,True,False,False,INCOMPLETE
KBS:HOSE:HQC,HQC,HOSE,C5_BASELINE_500,True,True,ACTIVE,True,False,False,INCOMPLETE
KBS:HOSE:HRC,HRC,HOSE,C5_BASELINE_500,True,True,ACTIVE,True,False,False,INCOMPLETE
KBS:HOSE:HSG,HSG,HOSE,C7_COMPLETE_EXPANSION,True,True,ACTIVE,True,False,False,INCOMPLETE
KBS:HOSE:HSL,HSL,HOSE,C7_COMPLETE_EXPANSION,True,True,ACTIVE,True,False,False,INCOMPLETE
KBS:HNX:HTC,HTC,HNX,C7_COMPLETE_EXPANSION,True,True,OBSERVED_ZERO_VOLUME,False,False,False,INCOMPLETE
KBS:HOSE:HTG,HTG,HOSE,C5_BASELINE_500,True,True,ACTIVE,True,False,False,INCOMPLETE
KBS:HOSE:HTI,HTI,HOSE,C7_COMPLETE_EXPANSION,True,True,ACTIVE,True,False,False,INCOMPLETE
KBS:HOSE:HTL,HTL,HOSE,C7_COMPLETE_EXPANSION,True,True,OBSERVED_ZERO_VOLUME,False,False,False,INCOMPLETE
KBS:UPCOM:HTM,HTM,UPCOM,C5_BASELINE_500,True,True,ACTIVE,True,False,False,INCOMPLETE
KBS:HOSE:HTN,HTN,HOSE,C5_BASELINE_500,True,True,ACTIVE,True,False,False,INCOMPLETE
KBS:HOSE:HTV,HTV,HOSE,C5_BASELINE_500,True,True,ACTIVE,True,False,False,INCOMPLETE
KBS:HOSE:HU1,HU1,HOSE,C5_BASELINE_500,True,True,ACTIVE,True,False,False,INCOMPLETE
KBS:HOSE:HUB,HUB,HOSE,C5_BASELINE_500,True,True,ACTIVE,True,False,False,INCOMPLETE
KBS:HNX:HUT,HUT,HNX,C7_COMPLETE_EXPANSION,True,True,ACTIVE,True,False,False,INCOMPLETE
KBS:HOSE:HVN,HVN,HOSE,C7_COMPLETE_EXPANSION,True,True,ACTIVE,True,False,False,INCOMPLETE
KBS:HNX:HVT,HVT,HNX,C7_COMPLETE_EXPANSION,True,True,ACTIVE,True,False,False,INCOMPLETE
KBS:UPCOM:HWS,HWS,UPCOM,C5_BASELINE_500,True,True,ACTIVE,True,False,False,INCOMPLETE
KBS:HNX:ICG,ICG,HNX,C7_COMPLETE_EXPANSION,True,True,ACTIVE,True,False,False,INCOMPLETE
KBS:UPCOM:ICI,ICI,UPCOM,C5_BASELINE_500,True,True,OBSERVED_ZERO_VOLUME,False,False,False,INCOMPLETE
KBS:UPCOM:ICN,ICN,UPCOM,C5_BASELINE_500,True,True,OBSERVED_ZERO_VOLUME,False,False,False,INCOMPLETE
KBS:HOSE:ICT,ICT,HOSE,C7_COMPLETE_EXPANSION,True,True,ACTIVE,True,False,False,INCOMPLETE
KBS:HNX:IDC,IDC,HNX,C5_BASELINE_500,True,True,ACTIVE,True,False,False,INCOMPLETE
KBS:HNX:IDJ,IDJ,HNX,C7_COMPLETE_EXPANSION,True,True,ACTIVE,True,False,False,INCOMPLETE
KBS:HNX:IDV,IDV,HNX,C5_BASELINE_500,True,True,ACTIVE,True,False,False,INCOMPLETE
KBS:UPCOM:IFS,IFS,UPCOM,C5_BASELINE_500,True,True,OBSERVED_ZERO_VOLUME,False,False,False,INCOMPLETE
KBS:HOSE:IJC,IJC,HOSE,C7_COMPLETE_EXPANSION,True,True,ACTIVE,True,False,False,INCOMPLETE
KBS:UPCOM:ILA,ILA,UPCOM,C5_BASELINE_500,True,True,ACTIVE,True,False,False,INCOMPLETE
KBS:HOSE:ILB,ILB,HOSE,C7_COMPLETE_EXPANSION,True,True,ACTIVE,True,False,False,INCOMPLETE
KBS:UPCOM:ILC,ILC,UPCOM,C5_BASELINE_500,True,True,OBSERVED_ZERO_VOLUME,False,False,False,INCOMPLETE
KBS:UPCOM:ILS,ILS,UPCOM,C5_BASELINE_500,True,True,ACTIVE,True,False,False,INCOMPLETE
KBS:HNX:INC,INC,HNX,C7_COMPLETE_EXPANSION,True,True,OBSERVED_ZERO_VOLUME,False,False,False,INCOMPLETE
KBS:HNX:INN,INN,HNX,C5_BASELINE_500,True,True,ACTIVE,True,False,False,INCOMPLETE
KBS:HNX:IPA,IPA,HNX,C5_BASELINE_500,True,True,ACTIVE,True,False,False,INCOMPLETE
KBS:UPCOM:IST,IST,UPCOM,C5_BASELINE_500,True,True,ACTIVE,True,False,False,INCOMPLETE
KBS:HOSE:ITC,ITC,HOSE,C5_BASELINE_500,True,True,ACTIVE,True,False,False,INCOMPLETE
KBS:HOSE:ITD,ITD,HOSE,C5_BASELINE_500,True,True,ACTIVE,True,False,False,INCOMPLETE
KBS:HNX:IVS,IVS,HNX,C7_COMPLETE_EXPANSION,True,True,ACTIVE,True,False,False,INCOMPLETE
KBS:UPCOM:JOS,JOS,UPCOM,C5_BASELINE_500,True,True,ACTIVE,True,False,False,INCOMPLETE
KBS:HOSE:JVC,JVC,HOSE,C5_BASELINE_500,True,True,ACTIVE,True,False,False,INCOMPLETE
KBS:HOSE:KBC,KBC,HOSE,C5_BASELINE_500,True,True,ACTIVE,True,False,False,INCOMPLETE
KBS:HOSE:KDC,KDC,HOSE,C7_COMPLETE_EXPANSION,True,True,ACTIVE,True,False,False,INCOMPLETE
KBS:HOSE:KDH,KDH,HOSE,C5_BASELINE_500,True,True,ACTIVE,True,False,False,INCOMPLETE
KBS:HNX:KDM,KDM,HNX,C7_COMPLETE_EXPANSION,True,True,ACTIVE,True,False,False,INCOMPLETE
KBS:HOSE:KHG,KHG,HOSE,C7_COMPLETE_EXPANSION,True,True,ACTIVE,True,False,False,INCOMPLETE
KBS:HOSE:KHP,KHP,HOSE,C5_BASELINE_500,True,True,ACTIVE,True,False,False,INCOMPLETE
KBS:HNX:KHS,KHS,HNX,C5_BASELINE_500,True,True,ACTIVE,True,False,False,INCOMPLETE
KBS:UPCOM:KHW,KHW,UPCOM,C5_BASELINE_500,True,True,ACTIVE,True,False,False,INCOMPLETE
KBS:UPCOM:KIP,KIP,UPCOM,C5_BASELINE_500,True,True,OBSERVED_ZERO_VOLUME,False,False,False,INCOMPLETE
KBS:HNX:KKC,KKC,HNX,C5_BASELINE_500,True,True,OBSERVED_ZERO_VOLUME,False,False,False,INCOMPLETE
KBS:HOSE:KMR,KMR,HOSE,C5_BASELINE_500,True,True,ACTIVE,True,False,False,INCOMPLETE
KBS:HOSE:KOS,KOS,HOSE,C7_COMPLETE_EXPANSION,True,True,ACTIVE,True,False,False,INCOMPLETE
KBS:HOSE:KSB,KSB,HOSE,C5_BASELINE_500,True,True,ACTIVE,True,False,False,INCOMPLETE
KBS:HNX:KSD,KSD,HNX,C5_BASELINE_500,True,True,ACTIVE,True,False,False,INCOMPLETE
KBS:HNX:KSF,KSF,HNX,C7_COMPLETE_EXPANSION,True,True,ACTIVE,True,False,False,INCOMPLETE
KBS:HNX:KST,KST,HNX,C5_BASELINE_500,True,True,ACTIVE,True,False,False,INCOMPLETE
KBS:HNX:KSV,KSV,HNX,C7_COMPLETE_EXPANSION,True,True,ACTIVE,True,False,False,INCOMPLETE
KBS:HNX:KTS,KTS,HNX,C5_BASELINE_500,True,True,ACTIVE,True,False,False,INCOMPLETE
KBS:HOSE:L10,L10,HOSE,C5_BASELINE_500,True,True,ACTIVE,True,False,False,INCOMPLETE
KBS:HNX:L14,L14,HNX,C7_COMPLETE_EXPANSION,True,True,ACTIVE,True,False,False,INCOMPLETE
KBS:HNX:L18,L18,HNX,C5_BASELINE_500,True,True,ACTIVE,True,False,False,INCOMPLETE
KBS:UPCOM:L43,L43,UPCOM,C5_BASELINE_500,True,True,ACTIVE,True,False,False,INCOMPLETE
KBS:UPCOM:L62,L62,UPCOM,C5_BASELINE_500,True,True,ACTIVE,True,False,False,INCOMPLETE
KBS:UPCOM:L63,L63,UPCOM,C5_BASELINE_500,True,True,OBSERVED_ZERO_VOLUME,False,False,False,INCOMPLETE
KBS:HOSE:LAF,LAF,HOSE,C5_BASELINE_500,True,True,ACTIVE,True,False,False,INCOMPLETE
KBS:UPCOM:LAI,LAI,UPCOM,C5_BASELINE_500,True,True,ACTIVE,True,False,False,INCOMPLETE
KBS:HNX:LBE,LBE,HNX,C7_COMPLETE_EXPANSION,True,True,ACTIVE,True,False,False,INCOMPLETE
KBS:HOSE:LBM,LBM,HOSE,C7_COMPLETE_EXPANSION,True,True,ACTIVE,True,False,False,INCOMPLETE
KBS:HNX:LCD,LCD,HNX,C7_COMPLETE_EXPANSION,True,True,OBSERVED_ZERO_VOLUME,False,False,False,INCOMPLETE
KBS:HOSE:LCG,LCG,HOSE,C7_COMPLETE_EXPANSION,True,True,ACTIVE,True,False,False,INCOMPLETE
KBS:HOSE:LDG,LDG,HOSE,C5_BASELINE_500,True,True,ACTIVE,True,False,False,INCOMPLETE
KBS:HNX:LDP,LDP,HNX,C5_BASELINE_500,True,True,ACTIVE,True,False,False,INCOMPLETE
KBS:HOSE:LGL,LGL,HOSE,C5_BASELINE_500,True,True,ACTIVE,True,False,False,INCOMPLETE
KBS:HNX:LHC,LHC,HNX,C7_COMPLETE_EXPANSION,True,True,ACTIVE,True,False,False,INCOMPLETE
KBS:HOSE:LHG,LHG,HOSE,C5_BASELINE_500,True,True,ACTIVE,True,False,False,INCOMPLETE
KBS:UPCOM:LIC,LIC,UPCOM,C5_BASELINE_500,True,True,ACTIVE,True,False,False,INCOMPLETE
KBS:HNX:LIG,LIG,HNX,C7_COMPLETE_EXPANSION,True,True,ACTIVE,True,False,False,INCOMPLETE
KBS:HOSE:LIX,LIX,HOSE,C5_BASELINE_500,True,True,ACTIVE,True,False,False,INCOMPLETE
KBS:UPCOM:LLM,LLM,UPCOM,C5_BASELINE_500,True,True,ACTIVE,True,False,False,INCOMPLETE
KBS:HOSE:LM8,LM8,HOSE,C5_BASELINE_500,True,True,ACTIVE,True,False,False,INCOMPLETE
KBS:UPCOM:LMI,LMI,UPCOM,C5_BASELINE_500,True,True,OBSERVED_ZERO_VOLUME,False,False,False,INCOMPLETE
KBS:HOSE:LPB,LPB,HOSE,C5_BASELINE_500,True,True,ACTIVE,True,False,False,INCOMPLETE
KBS:HOSE:LSS,LSS,HOSE,C5_BASELINE_500,True,True,ACTIVE,True,False,False,INCOMPLETE
KBS:UPCOM:LTC,LTC,UPCOM,C5_BASELINE_500,True,True,OBSERVED_ZERO_VOLUME,False,False,False,INCOMPLETE
KBS:HNX:MAC,MAC,HNX,C5_BASELINE_500,True,True,ACTIVE,True,False,False,INCOMPLETE
KBS:HNX:MAS,MAS,HNX,C5_BASELINE_500,True,True,OBSERVED_ZERO_VOLUME,False,False,False,INCOMPLETE
KBS:HOSE:MBB,MBB,HOSE,C5_BASELINE_500,True,True,ACTIVE,True,False,False,INCOMPLETE
KBS:HNX:MBG,MBG,HNX,C7_COMPLETE_EXPANSION,True,True,ACTIVE,True,False,False,INCOMPLETE
KBS:HNX:MCC,MCC,HNX,C7_COMPLETE_EXPANSION,True,True,OBSERVED_ZERO_VOLUME,False,False,False,INCOMPLETE
KBS:HNX:MCF,MCF,HNX,C7_COMPLETE_EXPANSION,True,True,ACTIVE,True,False,False,INCOMPLETE
KBS:HOSE:MCM,MCM,HOSE,C5_BASELINE_500,True,True,ACTIVE,True,False,False,INCOMPLETE
KBS:HNX:MCO,MCO,HNX,C5_BASELINE_500,True,True,ACTIVE,True,False,False,INCOMPLETE
KBS:HOSE:MCP,MCP,HOSE,C5_BASELINE_500,True,True,ACTIVE,True,False,False,INCOMPLETE
KBS:HNX:MDC,MDC,HNX,C5_BASELINE_500,True,True,ACTIVE,True,False,False,INCOMPLETE
KBS:UPCOM:MDF,MDF,UPCOM,C5_BASELINE_500,True,True,OBSERVED_ZERO_VOLUME,False,False,False,INCOMPLETE
KBS:HOSE:MDG,MDG,HOSE,C7_COMPLETE_EXPANSION,True,True,ACTIVE,True,False,False,INCOMPLETE
KBS:UPCOM:MEC,MEC,UPCOM,C5_BASELINE_500,True,True,ACTIVE,True,False,False,INCOMPLETE
KBS:HNX:MED,MED,HNX,C7_COMPLETE_EXPANSION,True,True,OBSERVED_ZERO_VOLUME,False,False,False,INCOMPLETE
KBS:UPCOM:MFS,MFS,UPCOM,C5_BASELINE_500,True,True,ACTIVE,True,False,False,INCOMPLETE
KBS:UPCOM:MGC,MGC,UPCOM,C5_BASELINE_500,True,True,ACTIVE,True,False,False,INCOMPLETE
KBS:UPCOM:MGG,MGG,UPCOM,C5_BASELINE_500,True,True,OBSERVED_ZERO_VOLUME,False,False,False,INCOMPLETE
KBS:HOSE:MHC,MHC,HOSE,C7_COMPLETE_EXPANSION,True,True,ACTIVE,True,False,False,INCOMPLETE
KBS:HNX:MIC,MIC,HNX,C5_BASELINE_500,True,True,ACTIVE,True,False,False,INCOMPLETE
KBS:HOSE:MIG,MIG,HOSE,C7_COMPLETE_EXPANSION,True,True,ACTIVE,True,False,False,INCOMPLETE
KBS:HNX:MKV,MKV,HNX,C5_BASELINE_500,True,True,OBSERVED_ZERO_VOLUME,False,False,False,INCOMPLETE
KBS:UPCOM:MPC,MPC,UPCOM,C5_BASELINE_500,True,True,ACTIVE,True,False,False,INCOMPLETE
KBS:HOSE:MSB,MSB,HOSE,C7_COMPLETE_EXPANSION,True,True,ACTIVE,True,False,False,INCOMPLETE
KBS:HOSE:MSH,MSH,HOSE,C5_BASELINE_500,True,True,ACTIVE,True,False,False,INCOMPLETE
KBS:UPCOM:MSR,MSR,UPCOM,C5_BASELINE_500,True,True,ACTIVE,True,False,False,INCOMPLETE
KBS:HNX:MST,MST,HNX,C7_COMPLETE_EXPANSION,True,True,ACTIVE,True,False,False,INCOMPLETE
KBS:HNX:MVB,MVB,HNX,C5_BASELINE_500,True,True,OBSERVED_ZERO_VOLUME,False,False,False,INCOMPLETE
KBS:UPCOM:MVN,MVN,UPCOM,C5_BASELINE_500,True,True,ACTIVE,True,False,False,INCOMPLETE
KBS:HOSE:MWG,MWG,HOSE,C5_BASELINE_500,True,True,ACTIVE,True,False,False,INCOMPLETE
KBS:HOSE:NAB,NAB,HOSE,C7_COMPLETE_EXPANSION,True,True,ACTIVE,True,False,False,INCOMPLETE
KBS:HOSE:NAF,NAF,HOSE,C5_BASELINE_500,True,True,ACTIVE,True,False,False,INCOMPLETE
KBS:HNX:NAG,NAG,HNX,C7_COMPLETE_EXPANSION,True,True,ACTIVE,True,False,False,INCOMPLETE
KBS:HNX:NAP,NAP,HNX,C7_COMPLETE_EXPANSION,True,True,OBSERVED_ZERO_VOLUME,False,False,False,INCOMPLETE
KBS:UPCOM:NAU,NAU,UPCOM,C5_BASELINE_500,True,True,ACTIVE,True,False,False,INCOMPLETE
KBS:HOSE:NAV,NAV,HOSE,C5_BASELINE_500,True,True,ACTIVE,True,False,False,INCOMPLETE
KBS:HOSE:NBB,NBB,HOSE,C7_COMPLETE_EXPANSION,True,True,ACTIVE,True,False,False,INCOMPLETE
KBS:HNX:NBP,NBP,HNX,C7_COMPLETE_EXPANSION,True,True,ACTIVE,True,False,False,INCOMPLETE
KBS:UPCOM:NBT,NBT,UPCOM,C5_BASELINE_500,True,True,ACTIVE,True,False,False,INCOMPLETE
KBS:HNX:NBW,NBW,HNX,C7_COMPLETE_EXPANSION,True,True,OBSERVED_ZERO_VOLUME,False,False,False,INCOMPLETE
KBS:HOSE:NCT,NCT,HOSE,C7_COMPLETE_EXPANSION,True,True,ACTIVE,True,False,False,INCOMPLETE
KBS:UPCOM:ND2,ND2,UPCOM,C5_BASELINE_500,True,True,OBSERVED_ZERO_VOLUME,False,False,False,INCOMPLETE
KBS:HNX:NDN,NDN,HNX,C7_COMPLETE_EXPANSION,True,True,ACTIVE,True,False,False,INCOMPLETE
KBS:HNX:NET,NET,HNX,C7_COMPLETE_EXPANSION,True,True,ACTIVE,True,False,False,INCOMPLETE
KBS:HNX:NFC,NFC,HNX,C7_COMPLETE_EXPANSION,True,True,ACTIVE,True,False,False,INCOMPLETE
KBS:HOSE:NHA,NHA,HOSE,C7_COMPLETE_EXPANSION,True,True,ACTIVE,True,False,False,INCOMPLETE
KBS:HNX:NHC,NHC,HNX,C7_COMPLETE_EXPANSION,True,True,OBSERVED_ZERO_VOLUME,False,False,False,INCOMPLETE
KBS:HOSE:NHT,NHT,HOSE,C7_COMPLETE_EXPANSION,True,True,ACTIVE,True,False,False,INCOMPLETE
KBS:HOSE:NKG,NKG,HOSE,C7_COMPLETE_EXPANSION,True,True,ACTIVE,True,False,False,INCOMPLETE
KBS:HOSE:NLG,NLG,HOSE,C7_COMPLETE_EXPANSION,True,True,ACTIVE,True,False,False,INCOMPLETE
KBS:HOSE:NNC,NNC,HOSE,C5_BASELINE_500,True,True,ACTIVE,True,False,False,INCOMPLETE
KBS:HOSE:NO1,NO1,HOSE,C5_BASELINE_500,True,True,ACTIVE,True,False,False,INCOMPLETE
KBS:UPCOM:NOS,NOS,UPCOM,C5_BASELINE_500,True,True,OBSERVED_ZERO_VOLUME,False,False,False,INCOMPLETE
KBS:UPCOM:NQN,NQN,UPCOM,C5_BASELINE_500,True,True,OBSERVED_ZERO_VOLUME,False,False,False,INCOMPLETE
KBS:HNX:NRC,NRC,HNX,C7_COMPLETE_EXPANSION,True,True,ACTIVE,True,False,False,INCOMPLETE
KBS:HNX:NSH,NSH,HNX,C5_BASELINE_500,True,True,ACTIVE,True,False,False,INCOMPLETE
KBS:HNX:NST,NST,HNX,C5_BASELINE_500,True,True,ACTIVE,True,False,False,INCOMPLETE
KBS:HNX:NTH,NTH,HNX,C5_BASELINE_500,True,True,ACTIVE,True,False,False,INCOMPLETE
KBS:HOSE:NTL,NTL,HOSE,C7_COMPLETE_EXPANSION,True,True,ACTIVE,True,False,False,INCOMPLETE
KBS:HNX:NTP,NTP,HNX,C5_BASELINE_500,True,True,ACTIVE,True,False,False,INCOMPLETE
KBS:UPCOM:NTT,NTT,UPCOM,C5_BASELINE_500,True,True,OBSERVED_ZERO_VOLUME,False,False,False,INCOMPLETE
KBS:UPCOM:NTW,NTW,UPCOM,C5_BASELINE_500,True,True,ACTIVE,True,False,False,INCOMPLETE
KBS:UPCOM:NUE,NUE,UPCOM,C5_BASELINE_500,True,True,ACTIVE,True,False,False,INCOMPLETE
KBS:HNX:NVB,NVB,HNX,C7_COMPLETE_EXPANSION,True,True,ACTIVE,True,False,False,INCOMPLETE
KBS:HOSE:NVL,NVL,HOSE,C7_COMPLETE_EXPANSION,True,True,ACTIVE,True,False,False,INCOMPLETE
KBS:HOSE:NVT,NVT,HOSE,C7_COMPLETE_EXPANSION,True,True,ACTIVE,True,False,False,INCOMPLETE
KBS:HOSE:OCB,OCB,HOSE,C5_BASELINE_500,True,True,ACTIVE,True,False,False,INCOMPLETE
KBS:UPCOM:ODE,ODE,UPCOM,C5_BASELINE_500,True,True,ACTIVE,True,False,False,INCOMPLETE
KBS:HOSE:OGC,OGC,HOSE,C7_COMPLETE_EXPANSION,True,True,ACTIVE,True,False,False,INCOMPLETE
KBS:UPCOM:OIL,OIL,UPCOM,C5_BASELINE_500,True,True,ACTIVE,True,False,False,INCOMPLETE
KBS:HNX:ONE,ONE,HNX,C5_BASELINE_500,True,True,ACTIVE,True,False,False,INCOMPLETE
KBS:HOSE:OPC,OPC,HOSE,C7_COMPLETE_EXPANSION,True,True,OBSERVED_ZERO_VOLUME,False,False,False,INCOMPLETE
KBS:HOSE:ORS,ORS,HOSE,C7_COMPLETE_EXPANSION,True,True,ACTIVE,True,False,False,INCOMPLETE
KBS:HOSE:PAC,PAC,HOSE,C5_BASELINE_500,True,True,ACTIVE,True,False,False,INCOMPLETE
KBS:HOSE:PAN,PAN,HOSE,C7_COMPLETE_EXPANSION,True,True,ACTIVE,True,False,False,INCOMPLETE
KBS:HNX:PBP,PBP,HNX,C5_BASELINE_500,True,True,ACTIVE,True,False,False,INCOMPLETE
KBS:UPCOM:PCC,PCC,UPCOM,C5_BASELINE_500,True,True,OBSERVED_ZERO_VOLUME,False,False,False,INCOMPLETE
KBS:HNX:PCE,PCE,HNX,C5_BASELINE_500,True,True,ACTIVE,True,False,False,INCOMPLETE
KBS:UPCOM:PCF,PCF,UPCOM,C5_BASELINE_500,True,True,OBSERVED_ZERO_VOLUME,False,False,False,INCOMPLETE
KBS:UPCOM:PCG,PCG,UPCOM,C5_BASELINE_500,True,True,OBSERVED_ZERO_VOLUME,False,False,False,INCOMPLETE
KBS:HNX:PCH,PCH,HNX,C5_BASELINE_500,True,True,ACTIVE,True,False,False,INCOMPLETE
KBS:HNX:PCT,PCT,HNX,C7_COMPLETE_EXPANSION,True,True,OBSERVED_ZERO_VOLUME,False,False,False,INCOMPLETE
KBS:HNX:PDB,PDB,HNX,C7_COMPLETE_EXPANSION,True,True,ACTIVE,True,False,False,INCOMPLETE
KBS:HOSE:PDN,PDN,HOSE,C5_BASELINE_500,True,True,ACTIVE,True,False,False,INCOMPLETE
KBS:HOSE:PDR,PDR,HOSE,C7_COMPLETE_EXPANSION,True,True,ACTIVE,True,False,False,INCOMPLETE
KBS:HNX:PEN,PEN,HNX,C7_COMPLETE_EXPANSION,True,True,OBSERVED_ZERO_VOLUME,False,False,False,INCOMPLETE
KBS:UPCOM:PFL,PFL,UPCOM,C5_BASELINE_500,True,True,ACTIVE,True,False,False,INCOMPLETE
KBS:HOSE:PGC,PGC,HOSE,C7_COMPLETE_EXPANSION,True,True,ACTIVE,True,False,False,INCOMPLETE
KBS:HOSE:PGD,PGD,HOSE,C7_COMPLETE_EXPANSION,True,True,ACTIVE,True,False,False,INCOMPLETE
KBS:HOSE:PGI,PGI,HOSE,C5_BASELINE_500,True,True,OBSERVED_ZERO_VOLUME,False,False,False,INCOMPLETE
KBS:HNX:PGN,PGN,HNX,C7_COMPLETE_EXPANSION,True,True,ACTIVE,True,False,False,INCOMPLETE
KBS:HNX:PGS,PGS,HNX,C5_BASELINE_500,True,True,ACTIVE,True,False,False,INCOMPLETE
KBS:HNX:PGT,PGT,HNX,C7_COMPLETE_EXPANSION,True,True,ACTIVE,True,False,False,INCOMPLETE
KBS:HOSE:PGV,PGV,HOSE,C5_BASELINE_500,True,True,ACTIVE,True,False,False,INCOMPLETE
KBS:HNX:PHN,PHN,HNX,C5_BASELINE_500,True,True,OBSERVED_ZERO_VOLUME,False,False,False,INCOMPLETE
KBS:UPCOM:PHP,PHP,UPCOM,C5_BASELINE_500,True,True,ACTIVE,True,False,False,INCOMPLETE
KBS:HOSE:PHR,PHR,HOSE,C5_BASELINE_500,True,True,ACTIVE,True,False,False,INCOMPLETE
KBS:UPCOM:PHS,PHS,UPCOM,C5_BASELINE_500,True,True,OBSERVED_ZERO_VOLUME,False,False,False,INCOMPLETE
KBS:HNX:PIA,PIA,HNX,C5_BASELINE_500,True,True,ACTIVE,True,False,False,INCOMPLETE
KBS:HNX:PIC,PIC,HNX,C5_BASELINE_500,True,True,ACTIVE,True,False,False,INCOMPLETE
KBS:HOSE:PIT,PIT,HOSE,C5_BASELINE_500,True,True,ACTIVE,True,False,False,INCOMPLETE
KBS:HNX:PJC,PJC,HNX,C7_COMPLETE_EXPANSION,True,True,ACTIVE,True,False,False,INCOMPLETE
KBS:HOSE:PJT,PJT,HOSE,C7_COMPLETE_EXPANSION,True,True,OBSERVED_ZERO_VOLUME,False,False,False,INCOMPLETE
KBS:HNX:PLC,PLC,HNX,C7_COMPLETE_EXPANSION,True,True,ACTIVE,True,False,False,INCOMPLETE
KBS:HOSE:PLP,PLP,HOSE,C5_BASELINE_500,True,True,ACTIVE,True,False,False,INCOMPLETE
KBS:HOSE:PLX,PLX,HOSE,C5_BASELINE_500,True,True,ACTIVE,True,False,False,INCOMPLETE
KBS:HNX:PMB,PMB,HNX,C5_BASELINE_500,True,True,ACTIVE,True,False,False,INCOMPLETE
KBS:HNX:PMC,PMC,HNX,C7_COMPLETE_EXPANSION,True,True,ACTIVE,True,False,False,INCOMPLETE
KBS:HNX:PMP,PMP,HNX,C7_COMPLETE_EXPANSION,True,True,OBSERVED_ZERO_VOLUME,False,False,False,INCOMPLETE
KBS:HNX:PMS,PMS,HNX,C7_COMPLETE_EXPANSION,True,True,OBSERVED_ZERO_VOLUME,False,False,False,INCOMPLETE
KBS:HOSE:PNC,PNC,HOSE,C7_COMPLETE_EXPANSION,True,True,ACTIVE,True,False,False,INCOMPLETE
KBS:HOSE:PNJ,PNJ,HOSE,C5_BASELINE_500,True,True,ACTIVE,True,False,False,INCOMPLETE
KBS:UPCOM:POM,POM,UPCOM,C5_BASELINE_500,True,True,ACTIVE,True,False,False,INCOMPLETE
KBS:HNX:POT,POT,HNX,C7_COMPLETE_EXPANSION,True,True,OBSERVED_ZERO_VOLUME,False,False,False,INCOMPLETE
KBS:HNX:PPE,PPE,HNX,C5_BASELINE_500,True,True,OBSERVED_ZERO_VOLUME,False,False,False,INCOMPLETE
KBS:HNX:PPP,PPP,HNX,C5_BASELINE_500,True,True,ACTIVE,True,False,False,INCOMPLETE
KBS:HNX:PPS,PPS,HNX,C7_COMPLETE_EXPANSION,True,True,OBSERVED_ZERO_VOLUME,False,False,False,INCOMPLETE
KBS:HNX:PPT,PPT,HNX,C7_COMPLETE_EXPANSION,True,True,ACTIVE,True,False,False,INCOMPLETE
KBS:HNX:PPY,PPY,HNX,C7_COMPLETE_EXPANSION,True,True,ACTIVE,True,False,False,INCOMPLETE
KBS:HNX:PRC,PRC,HNX,C5_BASELINE_500,True,True,ACTIVE,True,False,False,INCOMPLETE
KBS:HNX:PRE,PRE,HNX,C7_COMPLETE_EXPANSION,True,True,ACTIVE,True,False,False,INCOMPLETE
KBS:HNX:PSD,PSD,HNX,C5_BASELINE_500,True,True,ACTIVE,True,False,False,INCOMPLETE
KBS:HNX:PSE,PSE,HNX,C7_COMPLETE_EXPANSION,True,True,OBSERVED_ZERO_VOLUME,False,False,False,INCOMPLETE
KBS:HNX:PSI,PSI,HNX,C5_BASELINE_500,True,True,ACTIVE,True,False,False,INCOMPLETE
KBS:HNX:PSW,PSW,HNX,C7_COMPLETE_EXPANSION,True,True,ACTIVE,True,False,False,INCOMPLETE
KBS:HOSE:PTB,PTB,HOSE,C7_COMPLETE_EXPANSION,True,True,ACTIVE,True,False,False,INCOMPLETE
KBS:HOSE:PTC,PTC,HOSE,C7_COMPLETE_EXPANSION,True,True,ACTIVE,True,False,False,INCOMPLETE
KBS:HNX:PTD,PTD,HNX,C5_BASELINE_500,True,True,ACTIVE,True,False,False,INCOMPLETE
KBS:HOSE:PTL,PTL,HOSE,C5_BASELINE_500,True,True,ACTIVE,True,False,False,INCOMPLETE
KBS:HNX:PTS,PTS,HNX,C7_COMPLETE_EXPANSION,True,True,OBSERVED_ZERO_VOLUME,False,False,False,INCOMPLETE
KBS:HNX:PTX,PTX,HNX,C7_COMPLETE_EXPANSION,True,True,OBSERVED_ZERO_VOLUME,False,False,False,INCOMPLETE
KBS:HNX:PV2,PV2,HNX,C5_BASELINE_500,True,True,ACTIVE,True,False,False,INCOMPLETE
KBS:HNX:PVB,PVB,HNX,C5_BASELINE_500,True,True,ACTIVE,True,False,False,INCOMPLETE
KBS:HNX:PVC,PVC,HNX,C7_COMPLETE_EXPANSION,True,True,ACTIVE,True,False,False,INCOMPLETE
KBS:UPCOM:PVE,PVE,UPCOM,C5_BASELINE_500,True,True,ACTIVE,True,False,False,INCOMPLETE
KBS:HNX:PVG,PVG,HNX,C5_BASELINE_500,True,True,ACTIVE,True,False,False,INCOMPLETE
KBS:HNX:PVI,PVI,HNX,C5_BASELINE_500,True,True,ACTIVE,True,False,False,INCOMPLETE
KBS:UPCOM:PVL,PVL,UPCOM,C5_BASELINE_500,True,True,ACTIVE,True,False,False,INCOMPLETE
KBS:HOSE:PVP,PVP,HOSE,C5_BASELINE_500,True,True,ACTIVE,True,False,False,INCOMPLETE
KBS:HOSE:PVT,PVT,HOSE,C7_COMPLETE_EXPANSION,True,True,ACTIVE,True,False,False,INCOMPLETE
KBS:UPCOM:PVX,PVX,UPCOM,C5_BASELINE_500,True,True,ACTIVE,True,False,False,INCOMPLETE
KBS:UPCOM:PWA,PWA,UPCOM,C5_BASELINE_500,True,True,ACTIVE,True,False,False,INCOMPLETE
KBS:UPCOM:PWS,PWS,UPCOM,C5_BASELINE_500,True,True,OBSERVED_ZERO_VOLUME,False,False,False,INCOMPLETE
KBS:UPCOM:PXA,PXA,UPCOM,C5_BASELINE_500,True,True,ACTIVE,True,False,False,INCOMPLETE
KBS:UPCOM:PXI,PXI,UPCOM,C5_BASELINE_500,True,True,ACTIVE,True,False,False,INCOMPLETE
KBS:UPCOM:PXM,PXM,UPCOM,C5_BASELINE_500,True,True,ACTIVE,True,False,False,INCOMPLETE
KBS:UPCOM:PXS,PXS,UPCOM,C5_BASELINE_500,True,True,ACTIVE,True,False,False,INCOMPLETE
KBS:UPCOM:QBS,QBS,UPCOM,C5_BASELINE_500,True,True,ACTIVE,True,False,False,INCOMPLETE
KBS:UPCOM:QCC,QCC,UPCOM,C5_BASELINE_500,True,True,OBSERVED_ZERO_VOLUME,False,False,False,INCOMPLETE
KBS:HOSE:QCG,QCG,HOSE,C5_BASELINE_500,True,True,ACTIVE,True,False,False,INCOMPLETE
KBS:UPCOM:QHW,QHW,UPCOM,C5_BASELINE_500,True,True,OBSERVED_ZERO_VOLUME,False,False,False,INCOMPLETE
KBS:UPCOM:QNC,QNC,UPCOM,C5_BASELINE_500,True,True,OBSERVED_ZERO_VOLUME,False,False,False,INCOMPLETE
KBS:UPCOM:QNS,QNS,UPCOM,C5_BASELINE_500,True,True,ACTIVE,True,False,False,INCOMPLETE
KBS:UPCOM:QNW,QNW,UPCOM,C5_BASELINE_500,True,True,ACTIVE,True,False,False,INCOMPLETE
KBS:UPCOM:QPH,QPH,UPCOM,C5_BASELINE_500,True,True,OBSERVED_ZERO_VOLUME,False,False,False,INCOMPLETE
KBS:UPCOM:QSP,QSP,UPCOM,C5_BASELINE_500,True,True,ACTIVE,True,False,False,INCOMPLETE
KBS:HNX:QST,QST,HNX,C7_COMPLETE_EXPANSION,True,True,ACTIVE,True,False,False,INCOMPLETE
KBS:HNX:QTC,QTC,HNX,C7_COMPLETE_EXPANSION,True,True,OBSERVED_ZERO_VOLUME,False,False,False,INCOMPLETE
KBS:HOSE:RAL,RAL,HOSE,C7_COMPLETE_EXPANSION,True,True,ACTIVE,True,False,False,INCOMPLETE
KBS:UPCOM:RIC,RIC,UPCOM,C5_BASELINE_500,True,True,ACTIVE,True,False,False,INCOMPLETE
KBS:HOSE:S4A,S4A,HOSE,C5_BASELINE_500,True,True,ACTIVE,True,False,False,INCOMPLETE
KBS:HNX:S55,S55,HNX,C5_BASELINE_500,True,True,ACTIVE,True,False,False,INCOMPLETE
KBS:UPCOM:S74,S74,UPCOM,C5_BASELINE_500,True,True,OBSERVED_ZERO_VOLUME,False,False,False,INCOMPLETE
KBS:HNX:S99,S99,HNX,C5_BASELINE_500,True,True,ACTIVE,True,False,False,INCOMPLETE
KBS:HOSE:SAB,SAB,HOSE,C5_BASELINE_500,True,True,ACTIVE,True,False,False,INCOMPLETE
KBS:HNX:SAF,SAF,HNX,C5_BASELINE_500,True,True,ACTIVE,True,False,False,INCOMPLETE
KBS:HOSE:SAM,SAM,HOSE,C7_COMPLETE_EXPANSION,True,True,ACTIVE,True,False,False,INCOMPLETE
KBS:HOSE:SAV,SAV,HOSE,C5_BASELINE_500,True,True,ACTIVE,True,False,False,INCOMPLETE
KBS:HOSE:SBA,SBA,HOSE,C7_COMPLETE_EXPANSION,True,True,ACTIVE,True,False,False,INCOMPLETE
KBS:UPCOM:SBD,SBD,UPCOM,C5_BASELINE_500,True,True,ACTIVE,True,False,False,INCOMPLETE
KBS:UPCOM:SBM,SBM,UPCOM,C5_BASELINE_500,True,True,OBSERVED_ZERO_VOLUME,False,False,False,INCOMPLETE
KBS:HOSE:SBV,SBV,HOSE,C5_BASELINE_500,True,True,ACTIVE,True,False,False,INCOMPLETE
KBS:HOSE:SC5,SC5,HOSE,C5_BASELINE_500,True,True,OBSERVED_ZERO_VOLUME,False,False,False,INCOMPLETE
KBS:UPCOM:SCD,SCD,UPCOM,C5_BASELINE_500,True,True,ACTIVE,True,False,False,INCOMPLETE
KBS:HNX:SCG,SCG,HNX,C7_COMPLETE_EXPANSION,True,True,ACTIVE,True,False,False,INCOMPLETE
KBS:HNX:SCI,SCI,HNX,C7_COMPLETE_EXPANSION,True,True,ACTIVE,True,False,False,INCOMPLETE
KBS:UPCOM:SCJ,SCJ,UPCOM,C5_BASELINE_500,True,True,ACTIVE,True,False,False,INCOMPLETE
KBS:UPCOM:SCL,SCL,UPCOM,C5_BASELINE_500,True,True,ACTIVE,True,False,False,INCOMPLETE
KBS:HOSE:SCR,SCR,HOSE,C7_COMPLETE_EXPANSION,True,True,ACTIVE,True,False,False,INCOMPLETE
KBS:HOSE:SCS,SCS,HOSE,C5_BASELINE_500,True,True,ACTIVE,True,False,False,INCOMPLETE
KBS:UPCOM:SD2,SD2,UPCOM,C5_BASELINE_500,True,True,OBSERVED_ZERO_VOLUME,False,False,False,INCOMPLETE
KBS:HNX:SD5,SD5,HNX,C5_BASELINE_500,True,True,ACTIVE,True,False,False,INCOMPLETE
KBS:UPCOM:SD7,SD7,UPCOM,C5_BASELINE_500,True,True,OBSERVED_ZERO_VOLUME,False,False,False,INCOMPLETE
KBS:HNX:SD9,SD9,HNX,C7_COMPLETE_EXPANSION,True,True,ACTIVE,True,False,False,INCOMPLETE
KBS:HNX:SDG,SDG,HNX,C7_COMPLETE_EXPANSION,True,True,ACTIVE,True,False,False,INCOMPLETE
KBS:HNX:SDN,SDN,HNX,C7_COMPLETE_EXPANSION,True,True,OBSERVED_ZERO_VOLUME,False,False,False,INCOMPLETE
KBS:UPCOM:SDP,SDP,UPCOM,C5_BASELINE_500,True,True,ACTIVE,True,False,False,INCOMPLETE
KBS:HNX:SDU,SDU,HNX,C7_COMPLETE_EXPANSION,True,True,OBSERVED_ZERO_VOLUME,False,False,False,INCOMPLETE
KBS:UPCOM:SEA,SEA,UPCOM,C5_BASELINE_500,True,True,ACTIVE,True,False,False,INCOMPLETE
KBS:HNX:SEB,SEB,HNX,C5_BASELINE_500,True,True,ACTIVE,True,False,False,INCOMPLETE
KBS:HNX:SED,SED,HNX,C5_BASELINE_500,True,True,ACTIVE,True,False,False,INCOMPLETE
KBS:HOSE:SFC,SFC,HOSE,C7_COMPLETE_EXPANSION,True,True,OBSERVED_ZERO_VOLUME,False,False,False,INCOMPLETE
KBS:HOSE:SFI,SFI,HOSE,C7_COMPLETE_EXPANSION,True,True,ACTIVE,True,False,False,INCOMPLETE
KBS:HNX:SFN,SFN,HNX,C7_COMPLETE_EXPANSION,True,True,OBSERVED_ZERO_VOLUME,False,False,False,INCOMPLETE
KBS:UPCOM:SGB,SGB,UPCOM,C5_BASELINE_500,True,True,ACTIVE,True,False,False,INCOMPLETE
KBS:HNX:SGC,SGC,HNX,C7_COMPLETE_EXPANSION,True,True,OBSERVED_ZERO_VOLUME,False,False,False,INCOMPLETE
KBS:HNX:SGD,SGD,HNX,C5_BASELINE_500,True,True,ACTIVE,True,False,False,INCOMPLETE
KBS:HNX:SGH,SGH,HNX,C7_COMPLETE_EXPANSION,True,True,OBSERVED_ZERO_VOLUME,False,False,False,INCOMPLETE
KBS:HOSE:SGR,SGR,HOSE,C7_COMPLETE_EXPANSION,True,True,ACTIVE,True,False,False,INCOMPLETE
KBS:UPCOM:SGS,SGS,UPCOM,C5_BASELINE_500,True,True,ACTIVE,True,False,False,INCOMPLETE
KBS:HOSE:SGT,SGT,HOSE,C7_COMPLETE_EXPANSION,True,True,ACTIVE,True,False,False,INCOMPLETE
KBS:HOSE:SHA,SHA,HOSE,C7_COMPLETE_EXPANSION,True,True,ACTIVE,True,False,False,INCOMPLETE
KBS:HOSE:SHB,SHB,HOSE,C5_BASELINE_500,True,True,ACTIVE,True,False,False,INCOMPLETE
KBS:HNX:SHE,SHE,HNX,C7_COMPLETE_EXPANSION,True,True,ACTIVE,True,False,False,INCOMPLETE
KBS:HOSE:SHI,SHI,HOSE,C5_BASELINE_500,True,True,ACTIVE,True,False,False,INCOMPLETE
KBS:HOSE:SHP,SHP,HOSE,C5_BASELINE_500,True,True,ACTIVE,True,False,False,INCOMPLETE
KBS:HNX:SHS,SHS,HNX,C7_COMPLETE_EXPANSION,True,True,ACTIVE,True,False,False,INCOMPLETE
KBS:UPCOM:SID,SID,UPCOM,C5_BASELINE_500,True,True,ACTIVE,True,False,False,INCOMPLETE
KBS:HOSE:SIP,SIP,HOSE,C5_BASELINE_500,True,True,ACTIVE,True,False,False,INCOMPLETE
KBS:HNX:SJ1,SJ1,HNX,C7_COMPLETE_EXPANSION,True,True,OBSERVED_ZERO_VOLUME,False,False,False,INCOMPLETE
KBS:HOSE:SJD,SJD,HOSE,C7_COMPLETE_EXPANSION,True,True,ACTIVE,True,False,False,INCOMPLETE
KBS:HNX:SJE,SJE,HNX,C5_BASELINE_500,True,True,ACTIVE,True,False,False,INCOMPLETE
KBS:UPCOM:SJG,SJG,UPCOM,C5_BASELINE_500,True,True,ACTIVE,True,False,False,INCOMPLETE
KBS:HOSE:SJS,SJS,HOSE,C7_COMPLETE_EXPANSION,True,True,ACTIVE,True,False,False,INCOMPLETE
KBS:UPCOM:SKV,SKV,UPCOM,C5_BASELINE_500,True,True,OBSERVED_ZERO_VOLUME,False,False,False,INCOMPLETE
KBS:HNX:SLS,SLS,HNX,C5_BASELINE_500,True,True,ACTIVE,True,False,False,INCOMPLETE
KBS:HOSE:SMA,SMA,HOSE,C7_COMPLETE_EXPANSION,True,True,ACTIVE,True,False,False,INCOMPLETE
KBS:HOSE:SMB,SMB,HOSE,C7_COMPLETE_EXPANSION,True,True,ACTIVE,True,False,False,INCOMPLETE
KBS:HOSE:SMC,SMC,HOSE,C7_COMPLETE_EXPANSION,True,True,ACTIVE,True,False,False,INCOMPLETE
KBS:HNX:SMN,SMN,HNX,C7_COMPLETE_EXPANSION,True,True,ACTIVE,True,False,False,INCOMPLETE
KBS:HOSE:SPM,SPM,HOSE,C7_COMPLETE_EXPANSION,True,True,ACTIVE,True,False,False,INCOMPLETE
KBS:HNX:SRA,SRA,HNX,C7_COMPLETE_EXPANSION,True,True,ACTIVE,True,False,False,INCOMPLETE
KBS:UPCOM:SRB,SRB,UPCOM,C5_BASELINE_500,True,True,ACTIVE,True,False,False,INCOMPLETE
KBS:HOSE:SRC,SRC,HOSE,C5_BASELINE_500,True,True,ACTIVE,True,False,False,INCOMPLETE
KBS:HOSE:SRF,SRF,HOSE,C7_COMPLETE_EXPANSION,True,True,ACTIVE,True,False,False,INCOMPLETE
KBS:HOSE:SSB,SSB,HOSE,C5_BASELINE_500,True,True,ACTIVE,True,False,False,INCOMPLETE
KBS:HOSE:SSC,SSC,HOSE,C5_BASELINE_500,True,True,ACTIVE,True,False,False,INCOMPLETE
KBS:UPCOM:SSG,SSG,UPCOM,C5_BASELINE_500,True,True,ACTIVE,True,False,False,INCOMPLETE
KBS:UPCOM:SSH,SSH,UPCOM,C5_BASELINE_500,True,True,OBSERVED_ZERO_VOLUME,False,False,False,INCOMPLETE
KBS:HOSE:STB,STB,HOSE,C7_COMPLETE_EXPANSION,True,True,ACTIVE,True,False,False,INCOMPLETE
KBS:HNX:STC,STC,HNX,C7_COMPLETE_EXPANSION,True,True,ACTIVE,True,False,False,INCOMPLETE
KBS:HOSE:STG,STG,HOSE,C7_COMPLETE_EXPANSION,True,True,OBSERVED_ZERO_VOLUME,False,False,False,INCOMPLETE
KBS:HOSE:STK,STK,HOSE,C5_BASELINE_500,True,True,ACTIVE,True,False,False,INCOMPLETE
KBS:HNX:STP,STP,HNX,C5_BASELINE_500,True,True,ACTIVE,True,False,False,INCOMPLETE
KBS:UPCOM:STT,STT,UPCOM,C5_BASELINE_500,True,True,ACTIVE,True,False,False,INCOMPLETE
KBS:HOSE:SVC,SVC,HOSE,C5_BASELINE_500,True,True,ACTIVE,True,False,False,INCOMPLETE
KBS:HNX:SVN,SVN,HNX,C5_BASELINE_500,True,True,ACTIVE,True,False,False,INCOMPLETE
KBS:HOSE:SVT,SVT,HOSE,C5_BASELINE_500,True,True,ACTIVE,True,False,False,INCOMPLETE
KBS:UPCOM:SWC,SWC,UPCOM,C5_BASELINE_500,True,True,ACTIVE,True,False,False,INCOMPLETE
KBS:HOSE:SZC,SZC,HOSE,C5_BASELINE_500,True,True,ACTIVE,True,False,False,INCOMPLETE
KBS:UPCOM:SZG,SZG,UPCOM,C5_BASELINE_500,True,True,OBSERVED_ZERO_VOLUME,False,False,False,INCOMPLETE
KBS:HOSE:SZL,SZL,HOSE,C7_COMPLETE_EXPANSION,True,True,ACTIVE,True,False,False,INCOMPLETE
KBS:HNX:TA9,TA9,HNX,C7_COMPLETE_EXPANSION,True,True,ACTIVE,True,False,False,INCOMPLETE
KBS:UPCOM:TAR,TAR,UPCOM,C5_BASELINE_500,True,True,ACTIVE,True,False,False,INCOMPLETE
KBS:HOSE:TCB,TCB,HOSE,C5_BASELINE_500,True,True,ACTIVE,True,False,False,INCOMPLETE
KBS:HOSE:TCI,TCI,HOSE,C7_COMPLETE_EXPANSION,True,True,ACTIVE,True,False,False,INCOMPLETE
KBS:HOSE:TCL,TCL,HOSE,C5_BASELINE_500,True,True,ACTIVE,True,False,False,INCOMPLETE
KBS:HOSE:TCM,TCM,HOSE,C7_COMPLETE_EXPANSION,True,True,ACTIVE,True,False,False,INCOMPLETE
KBS:HOSE:TCO,TCO,HOSE,C7_COMPLETE_EXPANSION,True,True,ACTIVE,True,False,False,INCOMPLETE
KBS:HOSE:TCR,TCR,HOSE,C5_BASELINE_500,True,True,OBSERVED_ZERO_VOLUME,False,False,False,INCOMPLETE
KBS:UPCOM:TDB,TDB,UPCOM,C5_BASELINE_500,True,True,OBSERVED_ZERO_VOLUME,False,False,False,INCOMPLETE
KBS:HOSE:TDC,TDC,HOSE,C7_COMPLETE_EXPANSION,True,True,ACTIVE,True,False,False,INCOMPLETE
KBS:HOSE:TDG,TDG,HOSE,C7_COMPLETE_EXPANSION,True,True,ACTIVE,True,False,False,INCOMPLETE
KBS:HOSE:TDP,TDP,HOSE,C5_BASELINE_500,True,True,ACTIVE,True,False,False,INCOMPLETE
KBS:UPCOM:TDS,TDS,UPCOM,C5_BASELINE_500,True,True,ACTIVE,True,False,False,INCOMPLETE
KBS:HNX:TDT,TDT,HNX,C5_BASELINE_500,True,True,ACTIVE,True,False,False,INCOMPLETE
KBS:HOSE:TDW,TDW,HOSE,C7_COMPLETE_EXPANSION,True,True,OBSERVED_ZERO_VOLUME,False,False,False,INCOMPLETE
KBS:UPCOM:TED,TED,UPCOM,C5_BASELINE_500,True,True,OBSERVED_ZERO_VOLUME,False,False,False,INCOMPLETE
KBS:HOSE:TEG,TEG,HOSE,C7_COMPLETE_EXPANSION,True,True,ACTIVE,True,False,False,INCOMPLETE
KBS:HNX:TET,TET,HNX,C7_COMPLETE_EXPANSION,True,True,OBSERVED_ZERO_VOLUME,False,False,False,INCOMPLETE
KBS:UPCOM:TGP,TGP,UPCOM,C5_BASELINE_500,True,True,ACTIVE,True,False,False,INCOMPLETE
KBS:HNX:THD,THD,HNX,C7_COMPLETE_EXPANSION,True,True,ACTIVE,True,False,False,INCOMPLETE
KBS:HOSE:THG,THG,HOSE,C5_BASELINE_500,True,True,ACTIVE,True,False,False,INCOMPLETE
KBS:HNX:THS,THS,HNX,C7_COMPLETE_EXPANSION,True,True,OBSERVED_ZERO_VOLUME,False,False,False,INCOMPLETE
KBS:HNX:THT,THT,HNX,C5_BASELINE_500,True,True,ACTIVE,True,False,False,INCOMPLETE
KBS:UPCOM:THW,THW,UPCOM,C5_BASELINE_500,True,True,ACTIVE,True,False,False,INCOMPLETE
KBS:HNX:TIG,TIG,HNX,C5_BASELINE_500,True,True,ACTIVE,True,False,False,INCOMPLETE
KBS:HOSE:TIP,TIP,HOSE,C7_COMPLETE_EXPANSION,True,True,ACTIVE,True,False,False,INCOMPLETE
KBS:UPCOM:TIS,TIS,UPCOM,C5_BASELINE_500,True,True,ACTIVE,True,False,False,INCOMPLETE
KBS:HOSE:TIX,TIX,HOSE,C5_BASELINE_500,True,True,OBSERVED_ZERO_VOLUME,False,False,False,INCOMPLETE
KBS:HNX:TKU,TKU,HNX,C5_BASELINE_500,True,True,OBSERVED_ZERO_VOLUME,False,False,False,INCOMPLETE
KBS:HOSE:TLG,TLG,HOSE,C7_COMPLETE_EXPANSION,True,True,ACTIVE,True,False,False,INCOMPLETE
KBS:HOSE:TLH,TLH,HOSE,C7_COMPLETE_EXPANSION,True,True,ACTIVE,True,False,False,INCOMPLETE
KBS:UPCOM:TLP,TLP,UPCOM,C5_BASELINE_500,True,True,ACTIVE,True,False,False,INCOMPLETE
KBS:HNX:TMB,TMB,HNX,C7_COMPLETE_EXPANSION,True,True,OBSERVED_ZERO_VOLUME,False,False,False,INCOMPLETE
KBS:HOSE:TMS,TMS,HOSE,C7_COMPLETE_EXPANSION,True,True,OBSERVED_ZERO_VOLUME,False,False,False,INCOMPLETE
KBS:HOSE:TMT,TMT,HOSE,C5_BASELINE_500,True,True,ACTIVE,True,False,False,INCOMPLETE
KBS:HNX:TMX,TMX,HNX,C5_BASELINE_500,True,True,OBSERVED_ZERO_VOLUME,False,False,False,INCOMPLETE
KBS:HOSE:TN1,TN1,HOSE,C5_BASELINE_500,True,True,ACTIVE,True,False,False,INCOMPLETE
KBS:HOSE:TNC,TNC,HOSE,C7_COMPLETE_EXPANSION,True,True,OBSERVED_ZERO_VOLUME,False,False,False,INCOMPLETE
KBS:HOSE:TNH,TNH,HOSE,C5_BASELINE_500,True,True,ACTIVE,True,False,False,INCOMPLETE
KBS:HOSE:TNI,TNI,HOSE,C5_BASELINE_500,True,True,ACTIVE,True,False,False,INCOMPLETE
KBS:HOSE:TNT,TNT,HOSE,C5_BASELINE_500,True,True,ACTIVE,True,False,False,INCOMPLETE
KBS:UPCOM:TNW,TNW,UPCOM,C5_BASELINE_500,True,True,ACTIVE,True,False,False,INCOMPLETE
KBS:UPCOM:TOS,TOS,UPCOM,C5_BASELINE_500,True,True,ACTIVE,True,False,False,INCOMPLETE
KBS:HNX:TOT,TOT,HNX,C7_COMPLETE_EXPANSION,True,True,ACTIVE,True,False,False,INCOMPLETE
KBS:UPCOM:TOW,TOW,UPCOM,C5_BASELINE_500,True,True,ACTIVE,True,False,False,INCOMPLETE
KBS:HOSE:TPB,TPB,HOSE,C5_BASELINE_500,True,True,ACTIVE,True,False,False,INCOMPLETE
KBS:HOSE:TRA,TRA,HOSE,C7_COMPLETE_EXPANSION,True,True,ACTIVE,True,False,False,INCOMPLETE
KBS:HOSE:TRC,TRC,HOSE,C5_BASELINE_500,True,True,ACTIVE,True,False,False,INCOMPLETE
KBS:UPCOM:TSD,TSD,UPCOM,C5_BASELINE_500,True,True,ACTIVE,True,False,False,INCOMPLETE
KBS:UPCOM:TST,TST,UPCOM,C5_BASELINE_500,True,True,OBSERVED_ZERO_VOLUME,False,False,False,INCOMPLETE
KBS:HNX:TTC,TTC,HNX,C7_COMPLETE_EXPANSION,True,True,ACTIVE,True,False,False,INCOMPLETE
KBS:UPCOM:TTD,TTD,UPCOM,C5_BASELINE_500,True,True,ACTIVE,True,False,False,INCOMPLETE
KBS:HOSE:TTE,TTE,HOSE,C7_COMPLETE_EXPANSION,True,True,OBSERVED_ZERO_VOLUME,False,False,False,INCOMPLETE
KBS:UPCOM:TTG,TTG,UPCOM,C5_BASELINE_500,True,True,ACTIVE,True,False,False,INCOMPLETE
KBS:HNX:TTH,TTH,HNX,C5_BASELINE_500,True,True,ACTIVE,True,False,False,INCOMPLETE
KBS:UPCOM:TTS,TTS,UPCOM,C5_BASELINE_500,True,True,OBSERVED_ZERO_VOLUME,False,False,False,INCOMPLETE
KBS:HNX:TTT,TTT,HNX,C5_BASELINE_500,True,True,OBSERVED_ZERO_VOLUME,False,False,False,INCOMPLETE
KBS:UPCOM:TUG,TUG,UPCOM,C5_BASELINE_500,True,True,OBSERVED_ZERO_VOLUME,False,False,False,INCOMPLETE
KBS:UPCOM:TV1,TV1,UPCOM,C5_BASELINE_500,True,True,ACTIVE,True,False,False,INCOMPLETE
KBS:HOSE:TV2,TV2,HOSE,C5_BASELINE_500,True,True,ACTIVE,True,False,False,INCOMPLETE
KBS:HNX:TV3,TV3,HNX,C5_BASELINE_500,True,True,ACTIVE,True,False,False,INCOMPLETE
KBS:HOSE:TVB,TVB,HOSE,C5_BASELINE_500,True,True,ACTIVE,True,False,False,INCOMPLETE
KBS:HNX:TVC,TVC,HNX,C7_COMPLETE_EXPANSION,True,True,ACTIVE,True,False,False,INCOMPLETE
KBS:HNX:TVD,TVD,HNX,C7_COMPLETE_EXPANSION,True,True,ACTIVE,True,False,False,INCOMPLETE
KBS:UPCOM:TVN,TVN,UPCOM,C5_BASELINE_500,True,True,ACTIVE,True,False,False,INCOMPLETE
KBS:HOSE:TVS,TVS,HOSE,C5_BASELINE_500,True,True,ACTIVE,True,False,False,INCOMPLETE
KBS:HOSE:TVT,TVT,HOSE,C5_BASELINE_500,True,True,ACTIVE,True,False,False,INCOMPLETE
KBS:UPCOM:UDC,UDC,UPCOM,C5_BASELINE_500,True,True,ACTIVE,True,False,False,INCOMPLETE
KBS:HOSE:UIC,UIC,HOSE,C5_BASELINE_500,True,True,ACTIVE,True,False,False,INCOMPLETE
KBS:HNX:UNI,UNI,HNX,C5_BASELINE_500,True,True,ACTIVE,True,False,False,INCOMPLETE
KBS:UPCOM:USC,USC,UPCOM,C5_BASELINE_500,True,True,OBSERVED_ZERO_VOLUME,False,False,False,INCOMPLETE
KBS:HNX:V12,V12,HNX,C5_BASELINE_500,True,True,OBSERVED_ZERO_VOLUME,False,False,False,INCOMPLETE
KBS:HNX:V21,V21,HNX,C5_BASELINE_500,True,True,OBSERVED_ZERO_VOLUME,False,False,False,INCOMPLETE
KBS:HOSE:VAB,VAB,HOSE,C5_BASELINE_500,True,True,ACTIVE,True,False,False,INCOMPLETE
KBS:UPCOM:VAV,VAV,UPCOM,C5_BASELINE_500,True,True,ACTIVE,True,False,False,INCOMPLETE
KBS:HNX:VBC,VBC,HNX,C7_COMPLETE_EXPANSION,True,True,OBSERVED_ZERO_VOLUME,False,False,False,INCOMPLETE
KBS:HNX:VC1,VC1,HNX,C7_COMPLETE_EXPANSION,True,True,ACTIVE,True,False,False,INCOMPLETE
KBS:HNX:VC7,VC7,HNX,C5_BASELINE_500,True,True,ACTIVE,True,False,False,INCOMPLETE
KBS:HNX:VC9,VC9,HNX,C5_BASELINE_500,True,True,ACTIVE,True,False,False,INCOMPLETE
KBS:HOSE:VCA,VCA,HOSE,C7_COMPLETE_EXPANSION,True,True,ACTIVE,True,False,False,INCOMPLETE
KBS:HNX:VCC,VCC,HNX,C7_COMPLETE_EXPANSION,True,True,ACTIVE,True,False,False,INCOMPLETE
KBS:HOSE:VCG,VCG,HOSE,C5_BASELINE_500,True,True,ACTIVE,True,False,False,INCOMPLETE
KBS:HNX:VCM,VCM,HNX,C7_COMPLETE_EXPANSION,True,True,OBSERVED_ZERO_VOLUME,False,False,False,INCOMPLETE
KBS:UPCOM:VCP,VCP,UPCOM,C5_BASELINE_500,True,True,ACTIVE,True,False,False,INCOMPLETE
KBS:UPCOM:VCR,VCR,UPCOM,C5_BASELINE_500,True,True,OBSERVED_ZERO_VOLUME,False,False,False,INCOMPLETE
KBS:HNX:VCS,VCS,HNX,C5_BASELINE_500,True,True,ACTIVE,True,False,False,INCOMPLETE
KBS:HNX:VDL,VDL,HNX,C7_COMPLETE_EXPANSION,True,True,OBSERVED_ZERO_VOLUME,False,False,False,INCOMPLETE
KBS:UPCOM:VDN,VDN,UPCOM,C5_BASELINE_500,True,True,OBSERVED_ZERO_VOLUME,False,False,False,INCOMPLETE
KBS:HOSE:VDS,VDS,HOSE,C5_BASELINE_500,True,True,ACTIVE,True,False,False,INCOMPLETE
KBS:HNX:VE3,VE3,HNX,C5_BASELINE_500,True,True,ACTIVE,True,False,False,INCOMPLETE
KBS:UPCOM:VEA,VEA,UPCOM,C5_BASELINE_500,True,True,ACTIVE,True,False,False,INCOMPLETE
KBS:HOSE:VFG,VFG,HOSE,C5_BASELINE_500,True,True,ACTIVE,True,False,False,INCOMPLETE
KBS:HNX:VFS,VFS,HNX,C5_BASELINE_500,True,True,ACTIVE,True,False,False,INCOMPLETE
KBS:HOSE:VGC,VGC,HOSE,C5_BASELINE_500,True,True,ACTIVE,True,False,False,INCOMPLETE
KBS:UPCOM:VGG,VGG,UPCOM,C5_BASELINE_500,True,True,ACTIVE,True,False,False,INCOMPLETE
KBS:UPCOM:VGI,VGI,UPCOM,C5_BASELINE_500,True,True,ACTIVE,True,False,False,INCOMPLETE
KBS:HNX:VGP,VGP,HNX,C5_BASELINE_500,True,True,ACTIVE,True,False,False,INCOMPLETE
KBS:HNX:VGS,VGS,HNX,C7_COMPLETE_EXPANSION,True,True,ACTIVE,True,False,False,INCOMPLETE
KBS:UPCOM:VGT,VGT,UPCOM,C5_BASELINE_500,True,True,ACTIVE,True,False,False,INCOMPLETE
KBS:HOSE:VHC,VHC,HOSE,C5_BASELINE_500,True,True,ACTIVE,True,False,False,INCOMPLETE
KBS:HNX:VHE,VHE,HNX,C5_BASELINE_500,True,True,ACTIVE,True,False,False,INCOMPLETE
KBS:UPCOM:VHG,VHG,UPCOM,C5_BASELINE_500,True,True,ACTIVE,True,False,False,INCOMPLETE
KBS:HNX:VHL,VHL,HNX,C7_COMPLETE_EXPANSION,True,True,OBSERVED_ZERO_VOLUME,False,False,False,INCOMPLETE
KBS:HOSE:VHM,VHM,HOSE,C5_BASELINE_500,True,True,ACTIVE,True,False,False,INCOMPLETE
KBS:HOSE:VID,VID,HOSE,C5_BASELINE_500,True,True,ACTIVE,True,False,False,INCOMPLETE
KBS:HNX:VIG,VIG,HNX,C5_BASELINE_500,True,True,ACTIVE,True,False,False,INCOMPLETE
KBS:UPCOM:VIM,VIM,UPCOM,C5_BASELINE_500,True,True,OBSERVED_ZERO_VOLUME,False,False,False,INCOMPLETE
KBS:UPCOM:VIN,VIN,UPCOM,C5_BASELINE_500,True,True,OBSERVED_ZERO_VOLUME,False,False,False,INCOMPLETE
KBS:HOSE:VIP,VIP,HOSE,C7_COMPLETE_EXPANSION,True,True,ACTIVE,True,False,False,INCOMPLETE
KBS:HNX:VIT,VIT,HNX,C7_COMPLETE_EXPANSION,True,True,ACTIVE,True,False,False,INCOMPLETE
KBS:UPCOM:VIW,VIW,UPCOM,C5_BASELINE_500,True,True,ACTIVE,True,False,False,INCOMPLETE
KBS:HOSE:VIX,VIX,HOSE,C5_BASELINE_500,True,True,ACTIVE,True,False,False,INCOMPLETE
KBS:HOSE:VJC,VJC,HOSE,C5_BASELINE_500,True,True,ACTIVE,True,False,False,INCOMPLETE
KBS:UPCOM:VKC,VKC,UPCOM,C5_BASELINE_500,True,True,ACTIVE,True,False,False,INCOMPLETE
KBS:UPCOM:VLG,VLG,UPCOM,C5_BASELINE_500,True,True,ACTIVE,True,False,False,INCOMPLETE
KBS:UPCOM:VLW,VLW,UPCOM,C5_BASELINE_500,True,True,ACTIVE,True,False,False,INCOMPLETE
KBS:HNX:VMC,VMC,HNX,C5_BASELINE_500,True,True,ACTIVE,True,False,False,INCOMPLETE
KBS:HOSE:VMD,VMD,HOSE,C5_BASELINE_500,True,True,ACTIVE,True,False,False,INCOMPLETE
KBS:UPCOM:VNB,VNB,UPCOM,C5_BASELINE_500,True,True,ACTIVE,True,False,False,INCOMPLETE
KBS:HOSE:VND,VND,HOSE,C5_BASELINE_500,True,True,ACTIVE,True,False,False,INCOMPLETE
KBS:HNX:VNF,VNF,HNX,C7_COMPLETE_EXPANSION,True,True,ACTIVE,True,False,False,INCOMPLETE
KBS:HOSE:VNG,VNG,HOSE,C7_COMPLETE_EXPANSION,True,True,ACTIVE,True,False,False,INCOMPLETE
KBS:HNX:VNT,VNT,HNX,C5_BASELINE_500,True,True,OBSERVED_ZERO_VOLUME,False,False,False,INCOMPLETE
KBS:UPCOM:VNZ,VNZ,UPCOM,C5_BASELINE_500,True,True,ACTIVE,True,False,False,INCOMPLETE
KBS:HOSE:VOS,VOS,HOSE,C7_COMPLETE_EXPANSION,True,True,ACTIVE,True,False,False,INCOMPLETE
KBS:HOSE:VPB,VPB,HOSE,C7_COMPLETE_EXPANSION,True,True,ACTIVE,True,False,False,INCOMPLETE
KBS:HOSE:VPG,VPG,HOSE,C5_BASELINE_500,True,True,ACTIVE,True,False,False,INCOMPLETE
KBS:UPCOM:VPR,VPR,UPCOM,C5_BASELINE_500,True,True,ACTIVE,True,False,False,INCOMPLETE
KBS:HOSE:VPS,VPS,HOSE,C7_COMPLETE_EXPANSION,True,True,ACTIVE,True,False,False,INCOMPLETE
KBS:HNX:VSA,VSA,HNX,C5_BASELINE_500,True,True,ACTIVE,True,False,False,INCOMPLETE
KBS:HOSE:VSC,VSC,HOSE,C7_COMPLETE_EXPANSION,True,True,ACTIVE,True,False,False,INCOMPLETE
KBS:UPCOM:VSE,VSE,UPCOM,C5_BASELINE_500,True,True,OBSERVED_ZERO_VOLUME,False,False,False,INCOMPLETE
KBS:HOSE:VSH,VSH,HOSE,C7_COMPLETE_EXPANSION,True,True,ACTIVE,True,False,False,INCOMPLETE
KBS:HOSE:VSI,VSI,HOSE,C5_BASELINE_500,True,True,OBSERVED_ZERO_VOLUME,False,False,False,INCOMPLETE
KBS:UPCOM:VST,VST,UPCOM,C5_BASELINE_500,True,True,ACTIVE,True,False,False,INCOMPLETE
KBS:HNX:VTC,VTC,HNX,C5_BASELINE_500,True,True,ACTIVE,True,False,False,INCOMPLETE
KBS:HNX:VTH,VTH,HNX,C5_BASELINE_500,True,True,ACTIVE,True,False,False,INCOMPLETE
KBS:UPCOM:VTK,VTK,UPCOM,C5_BASELINE_500,True,True,ACTIVE,True,False,False,INCOMPLETE
KBS:HOSE:VTO,VTO,HOSE,C7_COMPLETE_EXPANSION,True,True,ACTIVE,True,False,False,INCOMPLETE
KBS:HOSE:VTP,VTP,HOSE,C7_COMPLETE_EXPANSION,True,True,ACTIVE,True,False,False,INCOMPLETE
KBS:HNX:VTV,VTV,HNX,C5_BASELINE_500,True,True,ACTIVE,True,False,False,INCOMPLETE
KBS:HNX:VTZ,VTZ,HNX,C5_BASELINE_500,True,True,ACTIVE,True,False,False,INCOMPLETE
KBS:UPCOM:VW3,VW3,UPCOM,C5_BASELINE_500,True,True,OBSERVED_ZERO_VOLUME,False,False,False,INCOMPLETE
KBS:UPCOM:WSB,WSB,UPCOM,C5_BASELINE_500,True,True,OBSERVED_ZERO_VOLUME,False,False,False,INCOMPLETE
KBS:HNX:WSS,WSS,HNX,C5_BASELINE_500,True,True,ACTIVE,True,False,False,INCOMPLETE
KBS:HNX:X20,X20,HNX,C5_BASELINE_500,True,True,OBSERVED_ZERO_VOLUME,False,False,False,INCOMPLETE
KBS:UPCOM:XMC,XMC,UPCOM,C5_BASELINE_500,True,True,ACTIVE,True,False,False,INCOMPLETE
KBS:UPCOM:XMD,XMD,UPCOM,C5_BASELINE_500,True,True,OBSERVED_ZERO_VOLUME,False,False,False,INCOMPLETE
KBS:UPCOM:XMP,XMP,UPCOM,C5_BASELINE_500,True,True,ACTIVE,True,False,False,INCOMPLETE
