selection_order,priority_rank,security_id,current_ticker,current_exchange,priority_score,priority_tier,wave,listing_date,identity_status,historical_identity_intervals,target_start,target_end,history_target_reason,required_edge_case,known_evidence_tags,selection_reason,research_eligibility_effect
1,1,KBS:HOSE:BCM,BCM,HOSE,100.0,HIGH,1,2018-02-21,VERIFIED_TRANSFER,"[{""effective_from"":""2018-07-10"",""effective_to"":""2020-08-30"",""evidence_id"":""EV-BCM-001"",""exchange"":""UPCOM"",""ticker"":""BCM""},{""effective_from"":""2020-08-31"",""effective_to"":null,""evidence_id"":""EV-BCM-001"",""exchange"":""HOSE"",""ticker"":""BCM""}]",2018-02-21,2026-09-23,IDENTITY_BOUNDARY,YES,EXCHANGE_TRANSFER_IDENTITY;REPRESENTATIVE_PILOT_EVIDENCE,PRIOR_REPRESENTATIVE_PILOT;REQUIRED_EDGE_CASE,NONE_ACQUISITION_ORDER_ONLY
2,2,KBS:HOSE:CTR,CTR,HOSE,100.0,HIGH,1,2017-10-31,VERIFIED_TRANSFER,"[{""effective_from"":""2018-12-06"",""effective_to"":""2022-02-22"",""evidence_id"":""EV-CTR-001"",""exchange"":""UPCOM"",""ticker"":""CTR""},{""effective_from"":""2022-02-23"",""effective_to"":null,""evidence_id"":""EV-CTR-001"",""exchange"":""HOSE"",""ticker"":""CTR""}]",2017-10-31,2026-09-23,IDENTITY_BOUNDARY,YES,EXCHANGE_TRANSFER_IDENTITY;REPRESENTATIVE_PILOT_EVIDENCE,PRIOR_REPRESENTATIVE_PILOT;REQUIRED_EDGE_CASE,NONE_ACQUISITION_ORDER_ONLY
3,3,KBS:HOSE:FPT,FPT,HOSE,100.0,HIGH,1,2006-12-13,VERIFIED_LISTING_SNAPSHOT,"[{""effective_from"":""2006-12-13"",""effective_to"":null,""evidence_id"":""REPRESENTATIVE_PILOT_LISTING_DATE"",""exchange"":""HOSE"",""ticker"":""FPT""}]",2011-09-23,2026-09-23,MAX_15Y_BOUNDARY,YES,CAFEF_EXISTING_EVIDENCE;CORPORATE_ACTION_WINDOW;REPRESENTATIVE_PILOT_EVIDENCE,PRIOR_REPRESENTATIVE_PILOT;EXISTING_CAFEF_EVIDENCE;REQUIRED_EDGE_CASE,NONE_ACQUISITION_ORDER_ONLY
4,4,VCI:3478,VNM,HOSE,100.0,HIGH,1,2006-01-19,VERIFIED_LISTING_SNAPSHOT,"[{""effective_from"":""2006-01-19"",""effective_to"":null,""evidence_id"":""REPRESENTATIVE_PILOT_LISTING_DATE"",""exchange"":""HOSE"",""ticker"":""VNM""}]",2011-09-23,2026-09-23,MAX_15Y_BOUNDARY,YES,CAFEF_EXISTING_EVIDENCE;REPRESENTATIVE_PILOT_EVIDENCE,PRIOR_REPRESENTATIVE_PILOT;EXISTING_CAFEF_EVIDENCE;REQUIRED_EDGE_CASE,NONE_ACQUISITION_ORDER_ONLY
5,5,KBS:HOSE:ANV,ANV,HOSE,95.0,HIGH,1,2007-12-07,VERIFIED_LISTING_SNAPSHOT,"[{""effective_from"":""2007-12-07"",""effective_to"":null,""evidence_id"":""REPRESENTATIVE_PILOT_LISTING_DATE"",""exchange"":""HOSE"",""ticker"":""ANV""}]",2011-09-23,2026-09-23,MAX_15Y_BOUNDARY,NO,REPRESENTATIVE_PILOT_EVIDENCE,PRIOR_REPRESENTATIVE_PILOT,NONE_ACQUISITION_ORDER_ONLY
6,6,KBS:HOSE:BVH,BVH,HOSE,95.0,HIGH,1,2009-06-25,VERIFIED_LISTING_SNAPSHOT,"[{""effective_from"":""2009-06-25"",""effective_to"":null,""evidence_id"":""REPRESENTATIVE_PILOT_LISTING_DATE"",""exchange"":""HOSE"",""ticker"":""BVH""}]",2011-09-23,2026-09-23,MAX_15Y_BOUNDARY,NO,REPRESENTATIVE_PILOT_EVIDENCE,PRIOR_REPRESENTATIVE_PILOT,NONE_ACQUISITION_ORDER_ONLY
7,7,KBS:HOSE:CII,CII,HOSE,95.0,HIGH,1,2006-05-18,VERIFIED_LISTING_SNAPSHOT,"[{""effective_from"":""2006-05-18"",""effective_to"":null,""evidence_id"":""REPRESENTATIVE_PILOT_LISTING_DATE"",""exchange"":""HOSE"",""ticker"":""CII""}]",2011-09-23,2026-09-23,MAX_15Y_BOUNDARY,NO,REPRESENTATIVE_PILOT_EVIDENCE,PRIOR_REPRESENTATIVE_PILOT,NONE_ACQUISITION_ORDER_ONLY
8,8,KBS:HOSE:DCM,DCM,HOSE,95.0,HIGH,1,2015-03-31,VERIFIED_LISTING_SNAPSHOT,"[{""effective_from"":""2015-03-31"",""effective_to"":null,""evidence_id"":""REPRESENTATIVE_PILOT_LISTING_DATE"",""exchange"":""HOSE"",""ticker"":""DCM""}]",2015-03-31,2026-09-23,LISTING_BOUNDARY,NO,REPRESENTATIVE_PILOT_EVIDENCE,PRIOR_REPRESENTATIVE_PILOT,NONE_ACQUISITION_ORDER_ONLY
9,9,KBS:HOSE:DGC,DGC,HOSE,95.0,HIGH,1,2014-08-26,VERIFIED_LISTING_SNAPSHOT,"[{""effective_from"":""2014-08-26"",""effective_to"":null,""evidence_id"":""REPRESENTATIVE_PILOT_LISTING_DATE"",""exchange"":""HOSE"",""ticker"":""DGC""}]",2014-08-26,2026-09-23,LISTING_BOUNDARY,NO,REPRESENTATIVE_PILOT_EVIDENCE,PRIOR_REPRESENTATIVE_PILOT,NONE_ACQUISITION_ORDER_ONLY
10,10,KBS:HOSE:DGW,DGW,HOSE,95.0,HIGH,1,2015-08-03,VERIFIED_LISTING_SNAPSHOT,"[{""effective_from"":""2015-08-03"",""effective_to"":null,""evidence_id"":""REPRESENTATIVE_PILOT_LISTING_DATE"",""exchange"":""HOSE"",""ticker"":""DGW""}]",2015-08-03,2026-09-23,LISTING_BOUNDARY,NO,REPRESENTATIVE_PILOT_EVIDENCE,PRIOR_REPRESENTATIVE_PILOT,NONE_ACQUISITION_ORDER_ONLY
11,11,KBS:HOSE:FRT,FRT,HOSE,95.0,HIGH,1,2018-04-26,VERIFIED_LISTING_SNAPSHOT,"[{""effective_from"":""2018-04-26"",""effective_to"":null,""evidence_id"":""REPRESENTATIVE_PILOT_LISTING_DATE"",""exchange"":""HOSE"",""ticker"":""FRT""}]",2018-04-26,2026-09-23,LISTING_BOUNDARY,NO,REPRESENTATIVE_PILOT_EVIDENCE,PRIOR_REPRESENTATIVE_PILOT,NONE_ACQUISITION_ORDER_ONLY
12,12,KBS:HOSE:GAS,GAS,HOSE,95.0,HIGH,1,2012-05-21,VERIFIED_LISTING_SNAPSHOT,"[{""effective_from"":""2012-05-21"",""effective_to"":null,""evidence_id"":""REPRESENTATIVE_PILOT_LISTING_DATE"",""exchange"":""HOSE"",""ticker"":""GAS""}]",2012-05-21,2026-09-23,LISTING_BOUNDARY,NO,REPRESENTATIVE_PILOT_EVIDENCE,PRIOR_REPRESENTATIVE_PILOT,NONE_ACQUISITION_ORDER_ONLY
13,13,KBS:HOSE:GMD,GMD,HOSE,95.0,HIGH,1,2002-04-22,VERIFIED_LISTING_SNAPSHOT,"[{""effective_from"":""2002-04-22"",""effective_to"":null,""evidence_id"":""REPRESENTATIVE_PILOT_LISTING_DATE"",""exchange"":""HOSE"",""ticker"":""GMD""}]",2011-09-23,2026-09-23,MAX_15Y_BOUNDARY,NO,REPRESENTATIVE_PILOT_EVIDENCE,PRIOR_REPRESENTATIVE_PILOT,NONE_ACQUISITION_ORDER_ONLY
14,14,KBS:HOSE:HCM,HCM,HOSE,95.0,HIGH,1,2009-05-19,VERIFIED_LISTING_SNAPSHOT,"[{""effective_from"":""2009-05-19"",""effective_to"":null,""evidence_id"":""REPRESENTATIVE_PILOT_LISTING_DATE"",""exchange"":""HOSE"",""ticker"":""HCM""}]",2011-09-23,2026-09-23,MAX_15Y_BOUNDARY,NO,REPRESENTATIVE_PILOT_EVIDENCE,PRIOR_REPRESENTATIVE_PILOT,NONE_ACQUISITION_ORDER_ONLY
15,15,KBS:HOSE:KDH,KDH,HOSE,95.0,HIGH,1,2010-02-01,VERIFIED_LISTING_SNAPSHOT,"[{""effective_from"":""2010-02-01"",""effective_to"":null,""evidence_id"":""REPRESENTATIVE_PILOT_LISTING_DATE"",""exchange"":""HOSE"",""ticker"":""KDH""}]",2011-09-23,2026-09-23,MAX_15Y_BOUNDARY,NO,REPRESENTATIVE_PILOT_EVIDENCE,PRIOR_REPRESENTATIVE_PILOT,NONE_ACQUISITION_ORDER_ONLY
16,16,KBS:HOSE:MBB,MBB,HOSE,95.0,HIGH,1,2011-11-01,VERIFIED_LISTING_SNAPSHOT,"[{""effective_from"":""2011-11-01"",""effective_to"":null,""evidence_id"":""REPRESENTATIVE_PILOT_LISTING_DATE"",""exchange"":""HOSE"",""ticker"":""MBB""}]",2011-11-01,2026-09-23,LISTING_BOUNDARY,NO,REPRESENTATIVE_PILOT_EVIDENCE,PRIOR_REPRESENTATIVE_PILOT,NONE_ACQUISITION_ORDER_ONLY
17,17,KBS:HOSE:MWG,MWG,HOSE,95.0,HIGH,1,2014-07-14,VERIFIED_LISTING_SNAPSHOT,"[{""effective_from"":""2014-07-14"",""effective_to"":null,""evidence_id"":""REPRESENTATIVE_PILOT_LISTING_DATE"",""exchange"":""HOSE"",""ticker"":""MWG""}]",2014-07-14,2026-09-23,LISTING_BOUNDARY,NO,REPRESENTATIVE_PILOT_EVIDENCE,PRIOR_REPRESENTATIVE_PILOT,NONE_ACQUISITION_ORDER_ONLY
18,18,KBS:HOSE:PLX,PLX,HOSE,95.0,HIGH,1,2017-04-21,VERIFIED_LISTING_SNAPSHOT,"[{""effective_from"":""2017-04-21"",""effective_to"":null,""evidence_id"":""REPRESENTATIVE_PILOT_LISTING_DATE"",""exchange"":""HOSE"",""ticker"":""PLX""}]",2017-04-21,2026-09-23,LISTING_BOUNDARY,NO,REPRESENTATIVE_PILOT_EVIDENCE,PRIOR_REPRESENTATIVE_PILOT,NONE_ACQUISITION_ORDER_ONLY
19,19,KBS:HOSE:PNJ,PNJ,HOSE,95.0,HIGH,1,2009-03-23,VERIFIED_LISTING_SNAPSHOT,"[{""effective_from"":""2009-03-23"",""effective_to"":null,""evidence_id"":""REPRESENTATIVE_PILOT_LISTING_DATE"",""exchange"":""HOSE"",""ticker"":""PNJ""}]",2011-09-23,2026-09-23,MAX_15Y_BOUNDARY,NO,REPRESENTATIVE_PILOT_EVIDENCE,PRIOR_REPRESENTATIVE_PILOT,NONE_ACQUISITION_ORDER_ONLY
20,20,KBS:HOSE:VHC,VHC,HOSE,95.0,HIGH,1,2007-12-24,VERIFIED_LISTING_SNAPSHOT,"[{""effective_from"":""2007-12-24"",""effective_to"":null,""evidence_id"":""REPRESENTATIVE_PILOT_LISTING_DATE"",""exchange"":""HOSE"",""ticker"":""VHC""}]",2011-09-23,2026-09-23,MAX_15Y_BOUNDARY,NO,REPRESENTATIVE_PILOT_EVIDENCE,PRIOR_REPRESENTATIVE_PILOT,NONE_ACQUISITION_ORDER_ONLY
21,21,VCI:1391,CTG,HOSE,95.0,HIGH,1,2009-07-16,VERIFIED_LISTING_SNAPSHOT,"[{""effective_from"":""2009-07-16"",""effective_to"":null,""evidence_id"":""REPRESENTATIVE_PILOT_LISTING_DATE"",""exchange"":""HOSE"",""ticker"":""CTG""}]",2011-09-23,2026-09-23,MAX_15Y_BOUNDARY,NO,REPRESENTATIVE_PILOT_EVIDENCE,PRIOR_REPRESENTATIVE_PILOT,NONE_ACQUISITION_ORDER_ONLY
22,22,VCI:177,BID,HOSE,95.0,HIGH,1,2014-01-24,VERIFIED_LISTING_SNAPSHOT,"[{""effective_from"":""2014-01-24"",""effective_to"":null,""evidence_id"":""REPRESENTATIVE_PILOT_LISTING_DATE"",""exchange"":""HOSE"",""ticker"":""BID""}]",2014-01-24,2026-09-23,LISTING_BOUNDARY,NO,REPRESENTATIVE_PILOT_EVIDENCE,PRIOR_REPRESENTATIVE_PILOT,NONE_ACQUISITION_ORDER_ONLY
23,23,VCI:1992,DHG,HOSE,95.0,HIGH,1,2006-12-21,VERIFIED_LISTING_SNAPSHOT,"[{""effective_from"":""2006-12-21"",""effective_to"":null,""evidence_id"":""REPRESENTATIVE_PILOT_LISTING_DATE"",""exchange"":""HOSE"",""ticker"":""DHG""}]",2011-09-23,2026-09-23,MAX_15Y_BOUNDARY,NO,REPRESENTATIVE_PILOT_EVIDENCE,PRIOR_REPRESENTATIVE_PILOT,NONE_ACQUISITION_ORDER_ONLY
24,24,VCI:2035,DPM,HOSE,95.0,HIGH,1,2007-11-05,VERIFIED_LISTING_SNAPSHOT,"[{""effective_from"":""2007-11-05"",""effective_to"":null,""evidence_id"":""REPRESENTATIVE_PILOT_LISTING_DATE"",""exchange"":""HOSE"",""ticker"":""DPM""}]",2011-09-23,2026-09-23,MAX_15Y_BOUNDARY,NO,REPRESENTATIVE_PILOT_EVIDENCE,PRIOR_REPRESENTATIVE_PILOT,NONE_ACQUISITION_ORDER_ONLY
25,25,VCI:211,BMP,HOSE,95.0,HIGH,1,2006-07-11,VERIFIED_LISTING_SNAPSHOT,"[{""effective_from"":""2006-07-11"",""effective_to"":null,""evidence_id"":""REPRESENTATIVE_PILOT_LISTING_DATE"",""exchange"":""HOSE"",""ticker"":""BMP""}]",2011-09-23,2026-09-23,MAX_15Y_BOUNDARY,NO,REPRESENTATIVE_PILOT_EVIDENCE,PRIOR_REPRESENTATIVE_PILOT,NONE_ACQUISITION_ORDER_ONLY
26,26,VCI:2212,GEX,HOSE,95.0,HIGH,1,2015-10-26,VERIFIED_LISTING_SNAPSHOT,"[{""effective_from"":""2015-10-26"",""effective_to"":null,""evidence_id"":""REPRESENTATIVE_PILOT_LISTING_DATE"",""exchange"":""HOSE"",""ticker"":""GEX""}]",2015-10-26,2026-09-23,LISTING_BOUNDARY,NO,REPRESENTATIVE_PILOT_EVIDENCE,PRIOR_REPRESENTATIVE_PILOT,NONE_ACQUISITION_ORDER_ONLY
27,27,VCI:2239,GVR,HOSE,95.0,HIGH,1,2018-03-21,VERIFIED_LISTING_SNAPSHOT,"[{""effective_from"":""2018-03-21"",""effective_to"":null,""evidence_id"":""REPRESENTATIVE_PILOT_LISTING_DATE"",""exchange"":""HOSE"",""ticker"":""GVR""}]",2018-03-21,2026-09-23,LISTING_BOUNDARY,NO,REPRESENTATIVE_PILOT_EVIDENCE,PRIOR_REPRESENTATIVE_PILOT,NONE_ACQUISITION_ORDER_ONLY
28,28,VCI:2246,HAH,HOSE,95.0,HIGH,1,2015-03-11,VERIFIED_LISTING_SNAPSHOT,"[{""effective_from"":""2015-03-11"",""effective_to"":null,""evidence_id"":""REPRESENTATIVE_PILOT_LISTING_DATE"",""exchange"":""HOSE"",""ticker"":""HAH""}]",2015-03-11,2026-09-23,LISTING_BOUNDARY,NO,REPRESENTATIVE_PILOT_EVIDENCE,PRIOR_REPRESENTATIVE_PILOT,NONE_ACQUISITION_ORDER_ONLY
29,29,VCI:2273,HDB,HOSE,95.0,HIGH,1,2018-01-05,VERIFIED_LISTING_SNAPSHOT,"[{""effective_from"":""2018-01-05"",""effective_to"":null,""evidence_id"":""REPRESENTATIVE_PILOT_LISTING_DATE"",""exchange"":""HOSE"",""ticker"":""HDB""}]",2018-01-05,2026-09-23,LISTING_BOUNDARY,NO,REPRESENTATIVE_PILOT_EVIDENCE,PRIOR_REPRESENTATIVE_PILOT,NONE_ACQUISITION_ORDER_ONLY
30,30,VCI:2353,HPG,HOSE,95.0,HIGH,1,2007-11-15,VERIFIED_LISTING_SNAPSHOT,"[{""effective_from"":""2007-11-15"",""effective_to"":null,""evidence_id"":""REPRESENTATIVE_PILOT_LISTING_DATE"",""exchange"":""HOSE"",""ticker"":""HPG""}]",2011-09-23,2026-09-23,MAX_15Y_BOUNDARY,NO,REPRESENTATIVE_PILOT_EVIDENCE,PRIOR_REPRESENTATIVE_PILOT,NONE_ACQUISITION_ORDER_ONLY
31,31,VCI:2423,IMP,HOSE,95.0,HIGH,1,2006-12-04,VERIFIED_LISTING_SNAPSHOT,"[{""effective_from"":""2006-12-04"",""effective_to"":null,""evidence_id"":""REPRESENTATIVE_PILOT_LISTING_DATE"",""exchange"":""HOSE"",""ticker"":""IMP""}]",2011-09-23,2026-09-23,MAX_15Y_BOUNDARY,NO,REPRESENTATIVE_PILOT_EVIDENCE,PRIOR_REPRESENTATIVE_PILOT,NONE_ACQUISITION_ORDER_ONLY
32,32,VCI:2625,MSN,HOSE,95.0,HIGH,1,2009-11-05,VERIFIED_LISTING_SNAPSHOT,"[{""effective_from"":""2009-11-05"",""effective_to"":null,""evidence_id"":""REPRESENTATIVE_PILOT_LISTING_DATE"",""exchange"":""HOSE"",""ticker"":""MSN""}]",2011-09-23,2026-09-23,MAX_15Y_BOUNDARY,NO,REPRESENTATIVE_PILOT_EVIDENCE,PRIOR_REPRESENTATIVE_PILOT,NONE_ACQUISITION_ORDER_ONLY
33,33,VCI:2729,NT2,HOSE,95.0,HIGH,1,2010-01-22,VERIFIED_LISTING_SNAPSHOT,"[{""effective_from"":""2010-01-22"",""effective_to"":null,""evidence_id"":""REPRESENTATIVE_PILOT_LISTING_DATE"",""exchange"":""HOSE"",""ticker"":""NT2""}]",2011-09-23,2026-09-23,MAX_15Y_BOUNDARY,NO,REPRESENTATIVE_PILOT_EVIDENCE,PRIOR_REPRESENTATIVE_PILOT,NONE_ACQUISITION_ORDER_ONLY
34,34,VCI:2833,POW,HOSE,95.0,HIGH,1,2018-03-06,VERIFIED_LISTING_SNAPSHOT,"[{""effective_from"":""2018-03-06"",""effective_to"":null,""evidence_id"":""REPRESENTATIVE_PILOT_LISTING_DATE"",""exchange"":""HOSE"",""ticker"":""POW""}]",2018-03-06,2026-09-23,LISTING_BOUNDARY,NO,REPRESENTATIVE_PILOT_EVIDENCE,PRIOR_REPRESENTATIVE_PILOT,NONE_ACQUISITION_ORDER_ONLY
35,35,VCI:2878,PVD,HOSE,95.0,HIGH,1,2006-12-05,VERIFIED_LISTING_SNAPSHOT,"[{""effective_from"":""2006-12-05"",""effective_to"":null,""evidence_id"":""REPRESENTATIVE_PILOT_LISTING_DATE"",""exchange"":""HOSE"",""ticker"":""PVD""}]",2011-09-23,2026-09-23,MAX_15Y_BOUNDARY,NO,REPRESENTATIVE_PILOT_EVIDENCE,PRIOR_REPRESENTATIVE_PILOT,NONE_ACQUISITION_ORDER_ONLY
36,36,VCI:2929,REE,HOSE,95.0,HIGH,1,2000-07-28,VERIFIED_LISTING_SNAPSHOT,"[{""effective_from"":""2000-07-28"",""effective_to"":null,""evidence_id"":""REPRESENTATIVE_PILOT_LISTING_DATE"",""exchange"":""HOSE"",""ticker"":""REE""}]",2011-09-23,2026-09-23,MAX_15Y_BOUNDARY,NO,REPRESENTATIVE_PILOT_EVIDENCE,PRIOR_REPRESENTATIVE_PILOT,NONE_ACQUISITION_ORDER_ONLY
37,37,VCI:3084,SSI,HOSE,95.0,HIGH,1,2006-12-15,VERIFIED_LISTING_SNAPSHOT,"[{""effective_from"":""2006-12-15"",""effective_to"":null,""evidence_id"":""REPRESENTATIVE_PILOT_LISTING_DATE"",""exchange"":""HOSE"",""ticker"":""SSI""}]",2011-09-23,2026-09-23,MAX_15Y_BOUNDARY,NO,REPRESENTATIVE_PILOT_EVIDENCE,PRIOR_REPRESENTATIVE_PILOT,NONE_ACQUISITION_ORDER_ONLY
38,38,VCI:43,AAA,HOSE,95.0,HIGH,1,2016-11-25,VERIFIED_LISTING_SNAPSHOT,"[{""effective_from"":""2016-11-25"",""effective_to"":null,""evidence_id"":""REPRESENTATIVE_PILOT_LISTING_DATE"",""exchange"":""HOSE"",""ticker"":""AAA""}]",2016-11-25,2026-09-23,LISTING_BOUNDARY,NO,REPRESENTATIVE_PILOT_EVIDENCE,PRIOR_REPRESENTATIVE_PILOT,NONE_ACQUISITION_ORDER_ONLY
39,39,VCI:57,ACB,HOSE,95.0,HIGH,1,2006-11-21,VERIFIED_LISTING_SNAPSHOT,"[{""effective_from"":""2006-11-21"",""effective_to"":null,""evidence_id"":""REPRESENTATIVE_PILOT_LISTING_DATE"",""exchange"":""HOSE"",""ticker"":""ACB""}]",2011-09-23,2026-09-23,MAX_15Y_BOUNDARY,NO,REPRESENTATIVE_PILOT_EVIDENCE,PRIOR_REPRESENTATIVE_PILOT,NONE_ACQUISITION_ORDER_ONLY
40,40,VCI:828,CMG,HOSE,95.0,HIGH,1,2010-01-22,VERIFIED_LISTING_SNAPSHOT,"[{""effective_from"":""2010-01-22"",""effective_to"":null,""evidence_id"":""REPRESENTATIVE_PILOT_LISTING_DATE"",""exchange"":""HOSE"",""ticker"":""CMG""}]",2011-09-23,2026-09-23,MAX_15Y_BOUNDARY,NO,REPRESENTATIVE_PILOT_EVIDENCE,PRIOR_REPRESENTATIVE_PILOT,NONE_ACQUISITION_ORDER_ONLY
41,41,VCI:2888,PVS,HNX,90.0,HIGH,1,2007-09-20,VERIFIED_LISTING_SNAPSHOT,"[{""effective_from"":""2007-09-20"",""effective_to"":null,""evidence_id"":""REPRESENTATIVE_PILOT_LISTING_DATE"",""exchange"":""HNX"",""ticker"":""PVS""}]",2011-09-23,2026-09-23,MAX_15Y_BOUNDARY,YES,CAFEF_EXISTING_EVIDENCE;REPRESENTATIVE_PILOT_EVIDENCE,PRIOR_REPRESENTATIVE_PILOT;EXISTING_CAFEF_EVIDENCE;REQUIRED_EDGE_CASE,NONE_ACQUISITION_ORDER_ONLY
42,42,KBS:HNX:IDC,IDC,HNX,85.0,HIGH,1,2017-11-24,VERIFIED_LISTING_SNAPSHOT,"[{""effective_from"":""2017-11-24"",""effective_to"":null,""evidence_id"":""REPRESENTATIVE_PILOT_LISTING_DATE"",""exchange"":""HNX"",""ticker"":""IDC""}]",2017-11-24,2026-09-23,LISTING_BOUNDARY,NO,REPRESENTATIVE_PILOT_EVIDENCE,PRIOR_REPRESENTATIVE_PILOT,NONE_ACQUISITION_ORDER_ONLY
43,43,KBS:HNX:NTP,NTP,HNX,85.0,HIGH,1,2006-12-11,VERIFIED_LISTING_SNAPSHOT,"[{""effective_from"":""2006-12-11"",""effective_to"":null,""evidence_id"":""REPRESENTATIVE_PILOT_LISTING_DATE"",""exchange"":""HNX"",""ticker"":""NTP""}]",2011-09-23,2026-09-23,MAX_15Y_BOUNDARY,NO,REPRESENTATIVE_PILOT_EVIDENCE,PRIOR_REPRESENTATIVE_PILOT,NONE_ACQUISITION_ORDER_ONLY
44,44,KBS:HNX:PVI,PVI,HNX,85.0,HIGH,1,2007-08-10,VERIFIED_LISTING_SNAPSHOT,"[{""effective_from"":""2007-08-10"",""effective_to"":null,""evidence_id"":""REPRESENTATIVE_PILOT_LISTING_DATE"",""exchange"":""HNX"",""ticker"":""PVI""}]",2011-09-23,2026-09-23,MAX_15Y_BOUNDARY,NO,REPRESENTATIVE_PILOT_EVIDENCE,PRIOR_REPRESENTATIVE_PILOT,NONE_ACQUISITION_ORDER_ONLY
45,45,KBS:HNX:VCS,VCS,HNX,85.0,HIGH,1,2007-12-17,VERIFIED_LISTING_SNAPSHOT,"[{""effective_from"":""2007-12-17"",""effective_to"":null,""evidence_id"":""REPRESENTATIVE_PILOT_LISTING_DATE"",""exchange"":""HNX"",""ticker"":""VCS""}]",2011-09-23,2026-09-23,MAX_15Y_BOUNDARY,NO,REPRESENTATIVE_PILOT_EVIDENCE,PRIOR_REPRESENTATIVE_PILOT,NONE_ACQUISITION_ORDER_ONLY
46,46,VCI:148,BCC,HNX,85.0,HIGH,1,2006-11-24,VERIFIED_LISTING_SNAPSHOT,"[{""effective_from"":""2006-11-24"",""effective_to"":null,""evidence_id"":""REPRESENTATIVE_PILOT_LISTING_DATE"",""exchange"":""HNX"",""ticker"":""BCC""}]",2011-09-23,2026-09-23,MAX_15Y_BOUNDARY,NO,REPRESENTATIVE_PILOT_EVIDENCE,PRIOR_REPRESENTATIVE_PILOT,NONE_ACQUISITION_ORDER_ONLY
47,47,VCI:2503,LAS,HNX,85.0,HIGH,1,2012-03-01,VERIFIED_LISTING_SNAPSHOT,"[{""effective_from"":""2012-03-01"",""effective_to"":null,""evidence_id"":""REPRESENTATIVE_PILOT_LISTING_DATE"",""exchange"":""HNX"",""ticker"":""LAS""}]",2012-03-01,2026-09-23,LISTING_BOUNDARY,NO,REPRESENTATIVE_PILOT_EVIDENCE,PRIOR_REPRESENTATIVE_PILOT,NONE_ACQUISITION_ORDER_ONLY
48,48,VCI:3219,TNG,HNX,85.0,HIGH,1,2007-11-22,VERIFIED_LISTING_SNAPSHOT,"[{""effective_from"":""2007-11-22"",""effective_to"":null,""evidence_id"":""REPRESENTATIVE_PILOT_LISTING_DATE"",""exchange"":""HNX"",""ticker"":""TNG""}]",2011-09-23,2026-09-23,MAX_15Y_BOUNDARY,NO,REPRESENTATIVE_PILOT_EVIDENCE,PRIOR_REPRESENTATIVE_PILOT,NONE_ACQUISITION_ORDER_ONLY
49,49,KBS:HOSE:KHP,KHP,HOSE,82.5,HIGH,1,,PROVISIONAL_CURRENT_UNIVERSE,[],2011-09-23,2026-09-23,PARTIAL_IDENTITY_UNRESOLVED,YES,CAFEF_EXISTING_EVIDENCE;CORPORATE_ACTION_WINDOW;KNOWN_KBS_MISSING_SESSION;KNOWN_PRICE_BASIS_DIFFERENCE,EXISTING_CAFEF_EVIDENCE;REQUIRED_EDGE_CASE,NONE_ACQUISITION_ORDER_ONLY
50,50,KBS:UPCOM:ACV,ACV,UPCOM,80.0,HIGH,1,2016-11-21,VERIFIED_LISTING_SNAPSHOT,"[{""effective_from"":""2016-11-21"",""effective_to"":null,""evidence_id"":""REPRESENTATIVE_PILOT_LISTING_DATE"",""exchange"":""UPCOM"",""ticker"":""ACV""}]",2016-11-21,2026-09-23,LISTING_BOUNDARY,YES,CAFEF_EXISTING_EVIDENCE;REPRESENTATIVE_PILOT_EVIDENCE,PRIOR_REPRESENTATIVE_PILOT;EXISTING_CAFEF_EVIDENCE;REQUIRED_EDGE_CASE,NONE_ACQUISITION_ORDER_ONLY
51,51,KBS:UPCOM:MPC,MPC,UPCOM,75.0,HIGH,1,2017-10-16,VERIFIED_LISTING_SNAPSHOT,"[{""effective_from"":""2017-10-16"",""effective_to"":null,""evidence_id"":""REPRESENTATIVE_PILOT_LISTING_DATE"",""exchange"":""UPCOM"",""ticker"":""MPC""}]",2017-10-16,2026-09-23,LISTING_BOUNDARY,NO,REPRESENTATIVE_PILOT_EVIDENCE,PRIOR_REPRESENTATIVE_PILOT,NONE_ACQUISITION_ORDER_ONLY
52,52,KBS:UPCOM:OIL,OIL,UPCOM,75.0,HIGH,1,2018-03-07,VERIFIED_LISTING_SNAPSHOT,"[{""effective_from"":""2018-03-07"",""effective_to"":null,""evidence_id"":""REPRESENTATIVE_PILOT_LISTING_DATE"",""exchange"":""UPCOM"",""ticker"":""OIL""}]",2018-03-07,2026-09-23,LISTING_BOUNDARY,NO,REPRESENTATIVE_PILOT_EVIDENCE,PRIOR_REPRESENTATIVE_PILOT,NONE_ACQUISITION_ORDER_ONLY
53,53,KBS:UPCOM:QNS,QNS,UPCOM,75.0,HIGH,1,2016-12-20,VERIFIED_LISTING_SNAPSHOT,"[{""effective_from"":""2016-12-20"",""effective_to"":null,""evidence_id"":""REPRESENTATIVE_PILOT_LISTING_DATE"",""exchange"":""UPCOM"",""ticker"":""QNS""}]",2016-12-20,2026-09-23,LISTING_BOUNDARY,NO,REPRESENTATIVE_PILOT_EVIDENCE,PRIOR_REPRESENTATIVE_PILOT,NONE_ACQUISITION_ORDER_ONLY
54,54,KBS:UPCOM:VEA,VEA,UPCOM,75.0,HIGH,1,2018-07-02,VERIFIED_LISTING_SNAPSHOT,"[{""effective_from"":""2018-07-02"",""effective_to"":null,""evidence_id"":""REPRESENTATIVE_PILOT_LISTING_DATE"",""exchange"":""UPCOM"",""ticker"":""VEA""}]",2018-07-02,2026-09-23,LISTING_BOUNDARY,NO,REPRESENTATIVE_PILOT_EVIDENCE,PRIOR_REPRESENTATIVE_PILOT,NONE_ACQUISITION_ORDER_ONLY
55,55,KBS:UPCOM:VGI,VGI,UPCOM,75.0,HIGH,1,2018-09-25,VERIFIED_LISTING_SNAPSHOT,"[{""effective_from"":""2018-09-25"",""effective_to"":null,""evidence_id"":""REPRESENTATIVE_PILOT_LISTING_DATE"",""exchange"":""UPCOM"",""ticker"":""VGI""}]",2018-09-25,2026-09-23,LISTING_BOUNDARY,NO,REPRESENTATIVE_PILOT_EVIDENCE,PRIOR_REPRESENTATIVE_PILOT,NONE_ACQUISITION_ORDER_ONLY
56,56,VCI:2950,SAS,UPCOM,75.0,HIGH,1,2015-04-16,VERIFIED_LISTING_SNAPSHOT,"[{""effective_from"":""2015-04-16"",""effective_to"":null,""evidence_id"":""REPRESENTATIVE_PILOT_LISTING_DATE"",""exchange"":""UPCOM"",""ticker"":""SAS""}]",2015-04-16,2026-09-23,LISTING_BOUNDARY,NO,REPRESENTATIVE_PILOT_EVIDENCE,PRIOR_REPRESENTATIVE_PILOT,NONE_ACQUISITION_ORDER_ONLY
57,57,PLAN_INPUT_UNRESOLVED:VCB,VCB,HOSE,67.5,MEDIUM,2,,PLAN_INPUT_UNRESOLVED,[],2011-09-23,2026-09-23,PARTIAL_IDENTITY_UNRESOLVED,YES,CAFEF_EXISTING_EVIDENCE;IDENTITY_INPUT_UNRESOLVED,EXISTING_CAFEF_EVIDENCE;REQUIRED_EDGE_CASE,NONE_ACQUISITION_ORDER_ONLY
58,58,KBS:HOSE:LPB,LPB,HOSE,62.5,MEDIUM,2,,VERIFIED_TRANSFER,"[{""effective_from"":""2017-10-05"",""effective_to"":""2020-11-08"",""evidence_id"":""EV-LPB-001"",""exchange"":""UPCOM"",""ticker"":""LPB""},{""effective_from"":""2020-11-09"",""effective_to"":null,""evidence_id"":""EV-LPB-001"",""exchange"":""HOSE"",""ticker"":""LPB""}]",2017-10-05,2026-09-23,IDENTITY_BOUNDARY,YES,EXCHANGE_TRANSFER_IDENTITY,REQUIRED_EDGE_CASE,NONE_ACQUISITION_ORDER_ONLY
59,59,KBS:HOSE:SHB,SHB,HOSE,62.5,MEDIUM,2,,VERIFIED_TRANSFER,"[{""effective_from"":""2009-04-20"",""effective_to"":""2021-10-10"",""evidence_id"":""EV-SHB-001"",""exchange"":""HNX"",""ticker"":""SHB""},{""effective_from"":""2021-10-11"",""effective_to"":null,""evidence_id"":""EV-SHB-001"",""exchange"":""HOSE"",""ticker"":""SHB""}]",2011-09-23,2026-09-23,MAX_15Y_BOUNDARY,YES,EXCHANGE_TRANSFER_IDENTITY,REQUIRED_EDGE_CASE,NONE_ACQUISITION_ORDER_ONLY
60,60,KBS:HOSE:VCG,VCG,HOSE,62.5,MEDIUM,2,,VERIFIED_TRANSFER,"[{""effective_from"":""2008-09-05"",""effective_to"":""2022-01-13"",""evidence_id"":""EV-VCG-001"",""exchange"":""HNX"",""ticker"":""VCG""},{""effective_from"":""2022-01-14"",""effective_to"":null,""evidence_id"":""EV-VCG-001"",""exchange"":""HOSE"",""ticker"":""VCG""}]",2011-09-23,2026-09-23,MAX_15Y_BOUNDARY,YES,EXCHANGE_TRANSFER_IDENTITY,REQUIRED_EDGE_CASE,NONE_ACQUISITION_ORDER_ONLY
61,61,KBS:UPCOM:HND,HND,UPCOM,62.5,MEDIUM,2,,PROVISIONAL_CURRENT_UNIVERSE,[],2011-09-23,2026-09-23,PARTIAL_IDENTITY_UNRESOLVED,YES,CAFEF_EXISTING_EVIDENCE;KNOWN_KBS_MISSING_SESSION;PROVIDER_HISTORY_BOUNDARY_CASE,EXISTING_CAFEF_EVIDENCE;REQUIRED_EDGE_CASE,NONE_ACQUISITION_ORDER_ONLY
62,62,KBS:HOSE:NO1,NO1,HOSE,52.5,NORMAL,3,,PROVISIONAL_CURRENT_UNIVERSE,[],2011-09-23,2026-09-23,PARTIAL_IDENTITY_UNRESOLVED,YES,KNOWN_KBS_MISSING_SESSION;PROVIDER_HISTORY_BOUNDARY_CASE,REQUIRED_EDGE_CASE,NONE_ACQUISITION_ORDER_ONLY
63,63,KBS:HOSE:STK,STK,HOSE,52.5,NORMAL,3,,PROVISIONAL_CURRENT_UNIVERSE,[],2011-09-23,2026-09-23,PARTIAL_IDENTITY_UNRESOLVED,YES,KNOWN_KBS_MISSING_SESSION,REQUIRED_EDGE_CASE,NONE_ACQUISITION_ORDER_ONLY
64,64,KBS:HOSE:TVB,TVB,HOSE,52.5,NORMAL,3,,PROVISIONAL_CURRENT_UNIVERSE,[],2011-09-23,2026-09-23,PARTIAL_IDENTITY_UNRESOLVED,YES,KNOWN_KBS_MISSING_SESSION;PROVIDER_HISTORY_BOUNDARY_CASE,REQUIRED_EDGE_CASE,NONE_ACQUISITION_ORDER_ONLY
65,65,KBS:HNX:IDV,IDV,HNX,42.5,NORMAL,3,,PROVISIONAL_CURRENT_UNIVERSE,[],2011-09-23,2026-09-23,PARTIAL_IDENTITY_UNRESOLVED,YES,CORPORATE_ACTION_WINDOW;KNOWN_KBS_MISSING_SESSION;KNOWN_PRICE_BASIS_DIFFERENCE;PROVIDER_HISTORY_BOUNDARY_CASE,REQUIRED_EDGE_CASE,NONE_ACQUISITION_ORDER_ONLY
66,198,KBS:UPCOM:DDH,DDH,UPCOM,32.5,NORMAL,3,,PROVISIONAL_CURRENT_UNIVERSE,[],2011-09-23,2026-09-23,PARTIAL_IDENTITY_UNRESOLVED,YES,KNOWN_KBS_MISSING_SESSION;PROVIDER_HISTORY_BOUNDARY_CASE,REQUIRED_EDGE_CASE,NONE_ACQUISITION_ORDER_ONLY
67,199,KBS:UPCOM:HLS,HLS,UPCOM,32.5,NORMAL,3,,PROVISIONAL_CURRENT_UNIVERSE,[],2011-09-23,2026-09-23,PARTIAL_IDENTITY_UNRESOLVED,YES,KNOWN_KBS_MISSING_SESSION;PROVIDER_HISTORY_BOUNDARY_CASE,REQUIRED_EDGE_CASE,NONE_ACQUISITION_ORDER_ONLY
68,200,KBS:UPCOM:POM,POM,UPCOM,32.5,NORMAL,3,,PROVISIONAL_CURRENT_UNIVERSE,[],2011-09-23,2026-09-23,PARTIAL_IDENTITY_UNRESOLVED,YES,KNOWN_KBS_MISSING_SESSION;PROVIDER_HISTORY_BOUNDARY_CASE,REQUIRED_EDGE_CASE,NONE_ACQUISITION_ORDER_ONLY
69,201,KBS:UPCOM:SGB,SGB,UPCOM,32.5,NORMAL,3,,PROVISIONAL_CURRENT_UNIVERSE,[],2011-09-23,2026-09-23,PARTIAL_IDENTITY_UNRESOLVED,YES,KNOWN_KBS_MISSING_SESSION;PROVIDER_HISTORY_BOUNDARY_CASE,REQUIRED_EDGE_CASE,NONE_ACQUISITION_ORDER_ONLY
70,202,KBS:UPCOM:UDC,UDC,UPCOM,32.5,NORMAL,3,,PROVISIONAL_CURRENT_UNIVERSE,[],2011-09-23,2026-09-23,PARTIAL_IDENTITY_UNRESOLVED,YES,CORPORATE_ACTION_WINDOW;KNOWN_KBS_MISSING_SESSION;KNOWN_PRICE_BASIS_DIFFERENCE,REQUIRED_EDGE_CASE,NONE_ACQUISITION_ORDER_ONLY
71,203,KBS:UPCOM:VNZ,VNZ,UPCOM,32.5,NORMAL,3,,PROVISIONAL_CURRENT_UNIVERSE,[],2011-09-23,2026-09-23,PARTIAL_IDENTITY_UNRESOLVED,YES,KNOWN_KBS_MISSING_SESSION;PROVIDER_HISTORY_BOUNDARY_CASE,REQUIRED_EDGE_CASE,NONE_ACQUISITION_ORDER_ONLY
