security_id,current_ticker,current_exchange,company_name,sector,listing_date,identity_status,historical_identity_intervals,candidate_sources,known_evidence_tags,required_edge_case,plan_input_status,priority_rank,priority_score,priority_tier
KBS:HOSE:BCM,BCM,HOSE,Tập đoàn Đầu tư và Phát triển Công nghiệp Becamex - CTCP,Real Estate,2018-02-21,VERIFIED_TRANSFER,"[{""effective_from"":""2018-07-10"",""effective_to"":""2020-08-30"",""evidence_id"":""EV-BCM-001"",""exchange"":""UPCOM"",""ticker"":""BCM""},{""effective_from"":""2020-08-31"",""effective_to"":null,""evidence_id"":""EV-BCM-001"",""exchange"":""HOSE"",""ticker"":""BCM""}]",A6_VERIFIED_TRANSFER;CURRENT_500;REPRESENTATIVE_PILOT_55,EXCHANGE_TRANSFER_IDENTITY;REPRESENTATIVE_PILOT_EVIDENCE,YES,OFFLINE_EVIDENCE_AVAILABLE,1,100.0,HIGH
KBS:HOSE:CTR,CTR,HOSE,Tổng Công ty cổ phần Công trình Viettel,Construction & Materials,2017-10-31,VERIFIED_TRANSFER,"[{""effective_from"":""2018-12-06"",""effective_to"":""2022-02-22"",""evidence_id"":""EV-CTR-001"",""exchange"":""UPCOM"",""ticker"":""CTR""},{""effective_from"":""2022-02-23"",""effective_to"":null,""evidence_id"":""EV-CTR-001"",""exchange"":""HOSE"",""ticker"":""CTR""}]",A6_VERIFIED_TRANSFER;CURRENT_500;REPRESENTATIVE_PILOT_55,EXCHANGE_TRANSFER_IDENTITY;REPRESENTATIVE_PILOT_EVIDENCE,YES,OFFLINE_EVIDENCE_AVAILABLE,2,100.0,HIGH
KBS:HOSE:FPT,FPT,HOSE,CTCP FPT,Technology,2006-12-13,VERIFIED_LISTING_SNAPSHOT,"[{""effective_from"":""2006-12-13"",""effective_to"":null,""evidence_id"":""REPRESENTATIVE_PILOT_LISTING_DATE"",""exchange"":""HOSE"",""ticker"":""FPT""}]",A5_R1_1_CAFEF_EVIDENCE;CURRENT_500;REPRESENTATIVE_PILOT_55,CAFEF_EXISTING_EVIDENCE;CORPORATE_ACTION_WINDOW;REPRESENTATIVE_PILOT_EVIDENCE,YES,OFFLINE_EVIDENCE_AVAILABLE,3,100.0,HIGH
VCI:3478,VNM,HOSE,,Food & Beverage,2006-01-19,VERIFIED_LISTING_SNAPSHOT,"[{""effective_from"":""2006-01-19"",""effective_to"":null,""evidence_id"":""REPRESENTATIVE_PILOT_LISTING_DATE"",""exchange"":""HOSE"",""ticker"":""VNM""}]",A5_R1_1_CAFEF_EVIDENCE;REPRESENTATIVE_PILOT_55,CAFEF_EXISTING_EVIDENCE;REPRESENTATIVE_PILOT_EVIDENCE,YES,OFFLINE_EVIDENCE_AVAILABLE,4,100.0,HIGH
KBS:HOSE:ANV,ANV,HOSE,CTCP Nam Việt,Food & Beverage,2007-12-07,VERIFIED_LISTING_SNAPSHOT,"[{""effective_from"":""2007-12-07"",""effective_to"":null,""evidence_id"":""REPRESENTATIVE_PILOT_LISTING_DATE"",""exchange"":""HOSE"",""ticker"":""ANV""}]",CURRENT_500;REPRESENTATIVE_PILOT_55,REPRESENTATIVE_PILOT_EVIDENCE,NO,OFFLINE_EVIDENCE_AVAILABLE,5,95.0,HIGH
KBS:HOSE:BVH,BVH,HOSE,Tập đoàn Bảo Việt,Insurance,2009-06-25,VERIFIED_LISTING_SNAPSHOT,"[{""effective_from"":""2009-06-25"",""effective_to"":null,""evidence_id"":""REPRESENTATIVE_PILOT_LISTING_DATE"",""exchange"":""HOSE"",""ticker"":""BVH""}]",CURRENT_500;REPRESENTATIVE_PILOT_55,REPRESENTATIVE_PILOT_EVIDENCE,NO,OFFLINE_EVIDENCE_AVAILABLE,6,95.0,HIGH
KBS:HOSE:CII,CII,HOSE,CTCP Đầu tư Hạ tầng Kỹ thuật Thành phố Hồ Chí Minh,Construction & Materials,2006-05-18,VERIFIED_LISTING_SNAPSHOT,"[{""effective_from"":""2006-05-18"",""effective_to"":null,""evidence_id"":""REPRESENTATIVE_PILOT_LISTING_DATE"",""exchange"":""HOSE"",""ticker"":""CII""}]",CURRENT_500;REPRESENTATIVE_PILOT_55,REPRESENTATIVE_PILOT_EVIDENCE,NO,OFFLINE_EVIDENCE_AVAILABLE,7,95.0,HIGH
KBS:HOSE:DCM,DCM,HOSE,CTCP - Tổng công ty Phân bón Dầu khí Cà Mau,Chemicals,2015-03-31,VERIFIED_LISTING_SNAPSHOT,"[{""effective_from"":""2015-03-31"",""effective_to"":null,""evidence_id"":""REPRESENTATIVE_PILOT_LISTING_DATE"",""exchange"":""HOSE"",""ticker"":""DCM""}]",CURRENT_500;REPRESENTATIVE_PILOT_55,REPRESENTATIVE_PILOT_EVIDENCE,NO,OFFLINE_EVIDENCE_AVAILABLE,8,95.0,HIGH
KBS:HOSE:DGC,DGC,HOSE,CTCP Tập đoàn Hóa chất Đức Giang,Chemicals,2014-08-26,VERIFIED_LISTING_SNAPSHOT,"[{""effective_from"":""2014-08-26"",""effective_to"":null,""evidence_id"":""REPRESENTATIVE_PILOT_LISTING_DATE"",""exchange"":""HOSE"",""ticker"":""DGC""}]",CURRENT_500;REPRESENTATIVE_PILOT_55,REPRESENTATIVE_PILOT_EVIDENCE,NO,OFFLINE_EVIDENCE_AVAILABLE,9,95.0,HIGH
KBS:HOSE:DGW,DGW,HOSE,CTCP Thế Giới Số,Retail,2015-08-03,VERIFIED_LISTING_SNAPSHOT,"[{""effective_from"":""2015-08-03"",""effective_to"":null,""evidence_id"":""REPRESENTATIVE_PILOT_LISTING_DATE"",""exchange"":""HOSE"",""ticker"":""DGW""}]",CURRENT_500;REPRESENTATIVE_PILOT_55,REPRESENTATIVE_PILOT_EVIDENCE,NO,OFFLINE_EVIDENCE_AVAILABLE,10,95.0,HIGH
KBS:HOSE:FRT,FRT,HOSE,CTCP Bán lẻ Kỹ thuật số FPT,Retail,2018-04-26,VERIFIED_LISTING_SNAPSHOT,"[{""effective_from"":""2018-04-26"",""effective_to"":null,""evidence_id"":""REPRESENTATIVE_PILOT_LISTING_DATE"",""exchange"":""HOSE"",""ticker"":""FRT""}]",CURRENT_500;REPRESENTATIVE_PILOT_55,REPRESENTATIVE_PILOT_EVIDENCE,NO,OFFLINE_EVIDENCE_AVAILABLE,11,95.0,HIGH
KBS:HOSE:GAS,GAS,HOSE,Tổng Công ty Khí Việt Nam - CTCP,Utilities,2012-05-21,VERIFIED_LISTING_SNAPSHOT,"[{""effective_from"":""2012-05-21"",""effective_to"":null,""evidence_id"":""REPRESENTATIVE_PILOT_LISTING_DATE"",""exchange"":""HOSE"",""ticker"":""GAS""}]",CURRENT_500;REPRESENTATIVE_PILOT_55,REPRESENTATIVE_PILOT_EVIDENCE,NO,OFFLINE_EVIDENCE_AVAILABLE,12,95.0,HIGH
KBS:HOSE:GMD,GMD,HOSE,CTCP Tập đoàn Gemadept,Industrial Goods & Services,2002-04-22,VERIFIED_LISTING_SNAPSHOT,"[{""effective_from"":""2002-04-22"",""effective_to"":null,""evidence_id"":""REPRESENTATIVE_PILOT_LISTING_DATE"",""exchange"":""HOSE"",""ticker"":""GMD""}]",CURRENT_500;REPRESENTATIVE_PILOT_55,REPRESENTATIVE_PILOT_EVIDENCE,NO,OFFLINE_EVIDENCE_AVAILABLE,13,95.0,HIGH
KBS:HOSE:HCM,HCM,HOSE,CTCP Chứng khoán Thành phố Hồ Chí Minh,Financial Services,2009-05-19,VERIFIED_LISTING_SNAPSHOT,"[{""effective_from"":""2009-05-19"",""effective_to"":null,""evidence_id"":""REPRESENTATIVE_PILOT_LISTING_DATE"",""exchange"":""HOSE"",""ticker"":""HCM""}]",CURRENT_500;REPRESENTATIVE_PILOT_55,REPRESENTATIVE_PILOT_EVIDENCE,NO,OFFLINE_EVIDENCE_AVAILABLE,14,95.0,HIGH
KBS:HOSE:KDH,KDH,HOSE,CTCP Đầu tư và Kinh doanh Nhà Khang Điền,Real Estate,2010-02-01,VERIFIED_LISTING_SNAPSHOT,"[{""effective_from"":""2010-02-01"",""effective_to"":null,""evidence_id"":""REPRESENTATIVE_PILOT_LISTING_DATE"",""exchange"":""HOSE"",""ticker"":""KDH""}]",CURRENT_500;REPRESENTATIVE_PILOT_55,REPRESENTATIVE_PILOT_EVIDENCE,NO,OFFLINE_EVIDENCE_AVAILABLE,15,95.0,HIGH
KBS:HOSE:MBB,MBB,HOSE,Ngân hàng TMCP Quân đội,Banks,2011-11-01,VERIFIED_LISTING_SNAPSHOT,"[{""effective_from"":""2011-11-01"",""effective_to"":null,""evidence_id"":""REPRESENTATIVE_PILOT_LISTING_DATE"",""exchange"":""HOSE"",""ticker"":""MBB""}]",CURRENT_500;REPRESENTATIVE_PILOT_55,REPRESENTATIVE_PILOT_EVIDENCE,NO,OFFLINE_EVIDENCE_AVAILABLE,16,95.0,HIGH
KBS:HOSE:MWG,MWG,HOSE,CTCP Đầu tư Thế giới Di động,Retail,2014-07-14,VERIFIED_LISTING_SNAPSHOT,"[{""effective_from"":""2014-07-14"",""effective_to"":null,""evidence_id"":""REPRESENTATIVE_PILOT_LISTING_DATE"",""exchange"":""HOSE"",""ticker"":""MWG""}]",CURRENT_500;REPRESENTATIVE_PILOT_55,REPRESENTATIVE_PILOT_EVIDENCE,NO,OFFLINE_EVIDENCE_AVAILABLE,17,95.0,HIGH
KBS:HOSE:PLX,PLX,HOSE,Tập đoàn Xăng Dầu Việt Nam,Oil & Gas,2017-04-21,VERIFIED_LISTING_SNAPSHOT,"[{""effective_from"":""2017-04-21"",""effective_to"":null,""evidence_id"":""REPRESENTATIVE_PILOT_LISTING_DATE"",""exchange"":""HOSE"",""ticker"":""PLX""}]",CURRENT_500;REPRESENTATIVE_PILOT_55,REPRESENTATIVE_PILOT_EVIDENCE,NO,OFFLINE_EVIDENCE_AVAILABLE,18,95.0,HIGH
KBS:HOSE:PNJ,PNJ,HOSE,CTCP Vàng bạc Đá quý Phú Nhuận,Personal & Household Goods,2009-03-23,VERIFIED_LISTING_SNAPSHOT,"[{""effective_from"":""2009-03-23"",""effective_to"":null,""evidence_id"":""REPRESENTATIVE_PILOT_LISTING_DATE"",""exchange"":""HOSE"",""ticker"":""PNJ""}]",CURRENT_500;REPRESENTATIVE_PILOT_55,REPRESENTATIVE_PILOT_EVIDENCE,NO,OFFLINE_EVIDENCE_AVAILABLE,19,95.0,HIGH
KBS:HOSE:VHC,VHC,HOSE,CTCP Vĩnh Hoàn,Food & Beverage,2007-12-24,VERIFIED_LISTING_SNAPSHOT,"[{""effective_from"":""2007-12-24"",""effective_to"":null,""evidence_id"":""REPRESENTATIVE_PILOT_LISTING_DATE"",""exchange"":""HOSE"",""ticker"":""VHC""}]",CURRENT_500;REPRESENTATIVE_PILOT_55,REPRESENTATIVE_PILOT_EVIDENCE,NO,OFFLINE_EVIDENCE_AVAILABLE,20,95.0,HIGH
VCI:1391,CTG,HOSE,,Banks,2009-07-16,VERIFIED_LISTING_SNAPSHOT,"[{""effective_from"":""2009-07-16"",""effective_to"":null,""evidence_id"":""REPRESENTATIVE_PILOT_LISTING_DATE"",""exchange"":""HOSE"",""ticker"":""CTG""}]",REPRESENTATIVE_PILOT_55,REPRESENTATIVE_PILOT_EVIDENCE,NO,OFFLINE_EVIDENCE_AVAILABLE,21,95.0,HIGH
VCI:177,BID,HOSE,,Banks,2014-01-24,VERIFIED_LISTING_SNAPSHOT,"[{""effective_from"":""2014-01-24"",""effective_to"":null,""evidence_id"":""REPRESENTATIVE_PILOT_LISTING_DATE"",""exchange"":""HOSE"",""ticker"":""BID""}]",REPRESENTATIVE_PILOT_55,REPRESENTATIVE_PILOT_EVIDENCE,NO,OFFLINE_EVIDENCE_AVAILABLE,22,95.0,HIGH
VCI:1992,DHG,HOSE,,Health Care,2006-12-21,VERIFIED_LISTING_SNAPSHOT,"[{""effective_from"":""2006-12-21"",""effective_to"":null,""evidence_id"":""REPRESENTATIVE_PILOT_LISTING_DATE"",""exchange"":""HOSE"",""ticker"":""DHG""}]",REPRESENTATIVE_PILOT_55,REPRESENTATIVE_PILOT_EVIDENCE,NO,OFFLINE_EVIDENCE_AVAILABLE,23,95.0,HIGH
VCI:2035,DPM,HOSE,,Chemicals,2007-11-05,VERIFIED_LISTING_SNAPSHOT,"[{""effective_from"":""2007-11-05"",""effective_to"":null,""evidence_id"":""REPRESENTATIVE_PILOT_LISTING_DATE"",""exchange"":""HOSE"",""ticker"":""DPM""}]",REPRESENTATIVE_PILOT_55,REPRESENTATIVE_PILOT_EVIDENCE,NO,OFFLINE_EVIDENCE_AVAILABLE,24,95.0,HIGH
VCI:211,BMP,HOSE,,Construction & Materials,2006-07-11,VERIFIED_LISTING_SNAPSHOT,"[{""effective_from"":""2006-07-11"",""effective_to"":null,""evidence_id"":""REPRESENTATIVE_PILOT_LISTING_DATE"",""exchange"":""HOSE"",""ticker"":""BMP""}]",REPRESENTATIVE_PILOT_55,REPRESENTATIVE_PILOT_EVIDENCE,NO,OFFLINE_EVIDENCE_AVAILABLE,25,95.0,HIGH
VCI:2212,GEX,HOSE,,Industrial Goods & Services,2015-10-26,VERIFIED_LISTING_SNAPSHOT,"[{""effective_from"":""2015-10-26"",""effective_to"":null,""evidence_id"":""REPRESENTATIVE_PILOT_LISTING_DATE"",""exchange"":""HOSE"",""ticker"":""GEX""}]",REPRESENTATIVE_PILOT_55,REPRESENTATIVE_PILOT_EVIDENCE,NO,OFFLINE_EVIDENCE_AVAILABLE,26,95.0,HIGH
VCI:2239,GVR,HOSE,,Chemicals,2018-03-21,VERIFIED_LISTING_SNAPSHOT,"[{""effective_from"":""2018-03-21"",""effective_to"":null,""evidence_id"":""REPRESENTATIVE_PILOT_LISTING_DATE"",""exchange"":""HOSE"",""ticker"":""GVR""}]",REPRESENTATIVE_PILOT_55,REPRESENTATIVE_PILOT_EVIDENCE,NO,OFFLINE_EVIDENCE_AVAILABLE,27,95.0,HIGH
VCI:2246,HAH,HOSE,,Industrial Goods & Services,2015-03-11,VERIFIED_LISTING_SNAPSHOT,"[{""effective_from"":""2015-03-11"",""effective_to"":null,""evidence_id"":""REPRESENTATIVE_PILOT_LISTING_DATE"",""exchange"":""HOSE"",""ticker"":""HAH""}]",REPRESENTATIVE_PILOT_55,REPRESENTATIVE_PILOT_EVIDENCE,NO,OFFLINE_EVIDENCE_AVAILABLE,28,95.0,HIGH
VCI:2273,HDB,HOSE,,Banks,2018-01-05,VERIFIED_LISTING_SNAPSHOT,"[{""effective_from"":""2018-01-05"",""effective_to"":null,""evidence_id"":""REPRESENTATIVE_PILOT_LISTING_DATE"",""exchange"":""HOSE"",""ticker"":""HDB""}]",REPRESENTATIVE_PILOT_55,REPRESENTATIVE_PILOT_EVIDENCE,NO,OFFLINE_EVIDENCE_AVAILABLE,29,95.0,HIGH
VCI:2353,HPG,HOSE,,Basic Resources,2007-11-15,VERIFIED_LISTING_SNAPSHOT,"[{""effective_from"":""2007-11-15"",""effective_to"":null,""evidence_id"":""REPRESENTATIVE_PILOT_LISTING_DATE"",""exchange"":""HOSE"",""ticker"":""HPG""}]",REPRESENTATIVE_PILOT_55,REPRESENTATIVE_PILOT_EVIDENCE,NO,OFFLINE_EVIDENCE_AVAILABLE,30,95.0,HIGH
VCI:2423,IMP,HOSE,,Health Care,2006-12-04,VERIFIED_LISTING_SNAPSHOT,"[{""effective_from"":""2006-12-04"",""effective_to"":null,""evidence_id"":""REPRESENTATIVE_PILOT_LISTING_DATE"",""exchange"":""HOSE"",""ticker"":""IMP""}]",REPRESENTATIVE_PILOT_55,REPRESENTATIVE_PILOT_EVIDENCE,NO,OFFLINE_EVIDENCE_AVAILABLE,31,95.0,HIGH
VCI:2625,MSN,HOSE,,Food & Beverage,2009-11-05,VERIFIED_LISTING_SNAPSHOT,"[{""effective_from"":""2009-11-05"",""effective_to"":null,""evidence_id"":""REPRESENTATIVE_PILOT_LISTING_DATE"",""exchange"":""HOSE"",""ticker"":""MSN""}]",REPRESENTATIVE_PILOT_55,REPRESENTATIVE_PILOT_EVIDENCE,NO,OFFLINE_EVIDENCE_AVAILABLE,32,95.0,HIGH
VCI:2729,NT2,HOSE,,Utilities,2010-01-22,VERIFIED_LISTING_SNAPSHOT,"[{""effective_from"":""2010-01-22"",""effective_to"":null,""evidence_id"":""REPRESENTATIVE_PILOT_LISTING_DATE"",""exchange"":""HOSE"",""ticker"":""NT2""}]",REPRESENTATIVE_PILOT_55,REPRESENTATIVE_PILOT_EVIDENCE,NO,OFFLINE_EVIDENCE_AVAILABLE,33,95.0,HIGH
VCI:2833,POW,HOSE,,Utilities,2018-03-06,VERIFIED_LISTING_SNAPSHOT,"[{""effective_from"":""2018-03-06"",""effective_to"":null,""evidence_id"":""REPRESENTATIVE_PILOT_LISTING_DATE"",""exchange"":""HOSE"",""ticker"":""POW""}]",REPRESENTATIVE_PILOT_55,REPRESENTATIVE_PILOT_EVIDENCE,NO,OFFLINE_EVIDENCE_AVAILABLE,34,95.0,HIGH
VCI:2878,PVD,HOSE,,Oil & Gas,2006-12-05,VERIFIED_LISTING_SNAPSHOT,"[{""effective_from"":""2006-12-05"",""effective_to"":null,""evidence_id"":""REPRESENTATIVE_PILOT_LISTING_DATE"",""exchange"":""HOSE"",""ticker"":""PVD""}]",REPRESENTATIVE_PILOT_55,REPRESENTATIVE_PILOT_EVIDENCE,NO,OFFLINE_EVIDENCE_AVAILABLE,35,95.0,HIGH
VCI:2929,REE,HOSE,,Utilities,2000-07-28,VERIFIED_LISTING_SNAPSHOT,"[{""effective_from"":""2000-07-28"",""effective_to"":null,""evidence_id"":""REPRESENTATIVE_PILOT_LISTING_DATE"",""exchange"":""HOSE"",""ticker"":""REE""}]",REPRESENTATIVE_PILOT_55,REPRESENTATIVE_PILOT_EVIDENCE,NO,OFFLINE_EVIDENCE_AVAILABLE,36,95.0,HIGH
VCI:3084,SSI,HOSE,,Financial Services,2006-12-15,VERIFIED_LISTING_SNAPSHOT,"[{""effective_from"":""2006-12-15"",""effective_to"":null,""evidence_id"":""REPRESENTATIVE_PILOT_LISTING_DATE"",""exchange"":""HOSE"",""ticker"":""SSI""}]",REPRESENTATIVE_PILOT_55,REPRESENTATIVE_PILOT_EVIDENCE,NO,OFFLINE_EVIDENCE_AVAILABLE,37,95.0,HIGH
VCI:43,AAA,HOSE,,Chemicals,2016-11-25,VERIFIED_LISTING_SNAPSHOT,"[{""effective_from"":""2016-11-25"",""effective_to"":null,""evidence_id"":""REPRESENTATIVE_PILOT_LISTING_DATE"",""exchange"":""HOSE"",""ticker"":""AAA""}]",REPRESENTATIVE_PILOT_55,REPRESENTATIVE_PILOT_EVIDENCE,NO,OFFLINE_EVIDENCE_AVAILABLE,38,95.0,HIGH
VCI:57,ACB,HOSE,,Banks,2006-11-21,VERIFIED_LISTING_SNAPSHOT,"[{""effective_from"":""2006-11-21"",""effective_to"":null,""evidence_id"":""REPRESENTATIVE_PILOT_LISTING_DATE"",""exchange"":""HOSE"",""ticker"":""ACB""}]",REPRESENTATIVE_PILOT_55,REPRESENTATIVE_PILOT_EVIDENCE,NO,OFFLINE_EVIDENCE_AVAILABLE,39,95.0,HIGH
VCI:828,CMG,HOSE,,Technology,2010-01-22,VERIFIED_LISTING_SNAPSHOT,"[{""effective_from"":""2010-01-22"",""effective_to"":null,""evidence_id"":""REPRESENTATIVE_PILOT_LISTING_DATE"",""exchange"":""HOSE"",""ticker"":""CMG""}]",REPRESENTATIVE_PILOT_55,REPRESENTATIVE_PILOT_EVIDENCE,NO,OFFLINE_EVIDENCE_AVAILABLE,40,95.0,HIGH
VCI:2888,PVS,HNX,,Oil & Gas,2007-09-20,VERIFIED_LISTING_SNAPSHOT,"[{""effective_from"":""2007-09-20"",""effective_to"":null,""evidence_id"":""REPRESENTATIVE_PILOT_LISTING_DATE"",""exchange"":""HNX"",""ticker"":""PVS""}]",A5_R1_1_CAFEF_EVIDENCE;REPRESENTATIVE_PILOT_55,CAFEF_EXISTING_EVIDENCE;REPRESENTATIVE_PILOT_EVIDENCE,YES,OFFLINE_EVIDENCE_AVAILABLE,41,90.0,HIGH
KBS:HNX:IDC,IDC,HNX,Tổng Công ty IDICO - CTCP,Real Estate,2017-11-24,VERIFIED_LISTING_SNAPSHOT,"[{""effective_from"":""2017-11-24"",""effective_to"":null,""evidence_id"":""REPRESENTATIVE_PILOT_LISTING_DATE"",""exchange"":""HNX"",""ticker"":""IDC""}]",CURRENT_500;REPRESENTATIVE_PILOT_55,REPRESENTATIVE_PILOT_EVIDENCE,NO,OFFLINE_EVIDENCE_AVAILABLE,42,85.0,HIGH
KBS:HNX:NTP,NTP,HNX,CTCP Nhựa Thiếu niên Tiền Phong,Construction & Materials,2006-12-11,VERIFIED_LISTING_SNAPSHOT,"[{""effective_from"":""2006-12-11"",""effective_to"":null,""evidence_id"":""REPRESENTATIVE_PILOT_LISTING_DATE"",""exchange"":""HNX"",""ticker"":""NTP""}]",CURRENT_500;REPRESENTATIVE_PILOT_55,REPRESENTATIVE_PILOT_EVIDENCE,NO,OFFLINE_EVIDENCE_AVAILABLE,43,85.0,HIGH
KBS:HNX:PVI,PVI,HNX,CTCP PVI,Insurance,2007-08-10,VERIFIED_LISTING_SNAPSHOT,"[{""effective_from"":""2007-08-10"",""effective_to"":null,""evidence_id"":""REPRESENTATIVE_PILOT_LISTING_DATE"",""exchange"":""HNX"",""ticker"":""PVI""}]",CURRENT_500;REPRESENTATIVE_PILOT_55,REPRESENTATIVE_PILOT_EVIDENCE,NO,OFFLINE_EVIDENCE_AVAILABLE,44,85.0,HIGH
KBS:HNX:VCS,VCS,HNX,CTCP Vicostone,Construction & Materials,2007-12-17,VERIFIED_LISTING_SNAPSHOT,"[{""effective_from"":""2007-12-17"",""effective_to"":null,""evidence_id"":""REPRESENTATIVE_PILOT_LISTING_DATE"",""exchange"":""HNX"",""ticker"":""VCS""}]",CURRENT_500;REPRESENTATIVE_PILOT_55,REPRESENTATIVE_PILOT_EVIDENCE,NO,OFFLINE_EVIDENCE_AVAILABLE,45,85.0,HIGH
VCI:148,BCC,HNX,,Construction & Materials,2006-11-24,VERIFIED_LISTING_SNAPSHOT,"[{""effective_from"":""2006-11-24"",""effective_to"":null,""evidence_id"":""REPRESENTATIVE_PILOT_LISTING_DATE"",""exchange"":""HNX"",""ticker"":""BCC""}]",REPRESENTATIVE_PILOT_55,REPRESENTATIVE_PILOT_EVIDENCE,NO,OFFLINE_EVIDENCE_AVAILABLE,46,85.0,HIGH
VCI:2503,LAS,HNX,,Chemicals,2012-03-01,VERIFIED_LISTING_SNAPSHOT,"[{""effective_from"":""2012-03-01"",""effective_to"":null,""evidence_id"":""REPRESENTATIVE_PILOT_LISTING_DATE"",""exchange"":""HNX"",""ticker"":""LAS""}]",REPRESENTATIVE_PILOT_55,REPRESENTATIVE_PILOT_EVIDENCE,NO,OFFLINE_EVIDENCE_AVAILABLE,47,85.0,HIGH
VCI:3219,TNG,HNX,,Personal & Household Goods,2007-11-22,VERIFIED_LISTING_SNAPSHOT,"[{""effective_from"":""2007-11-22"",""effective_to"":null,""evidence_id"":""REPRESENTATIVE_PILOT_LISTING_DATE"",""exchange"":""HNX"",""ticker"":""TNG""}]",REPRESENTATIVE_PILOT_55,REPRESENTATIVE_PILOT_EVIDENCE,NO,OFFLINE_EVIDENCE_AVAILABLE,48,85.0,HIGH
KBS:HOSE:KHP,KHP,HOSE,CTCP Điện lực Khánh Hòa,SIGNAL_UNAVAILABLE,,PROVISIONAL_CURRENT_UNIVERSE,[],A5_R1_1_CAFEF_EVIDENCE;CURRENT_500,CAFEF_EXISTING_EVIDENCE;CORPORATE_ACTION_WINDOW;KNOWN_KBS_MISSING_SESSION;KNOWN_PRICE_BASIS_DIFFERENCE,YES,PARTIAL_IDENTITY_UNRESOLVED,49,82.5,HIGH
KBS:UPCOM:ACV,ACV,UPCOM,Tổng Công ty Cảng Hàng không Việt Nam - CTCP,Industrial Goods & Services,2016-11-21,VERIFIED_LISTING_SNAPSHOT,"[{""effective_from"":""2016-11-21"",""effective_to"":null,""evidence_id"":""REPRESENTATIVE_PILOT_LISTING_DATE"",""exchange"":""UPCOM"",""ticker"":""ACV""}]",A5_R1_1_CAFEF_EVIDENCE;CURRENT_500;REPRESENTATIVE_PILOT_55,CAFEF_EXISTING_EVIDENCE;REPRESENTATIVE_PILOT_EVIDENCE,YES,OFFLINE_EVIDENCE_AVAILABLE,50,80.0,HIGH
KBS:UPCOM:MPC,MPC,UPCOM,CTCP Tập đoàn Thủy sản Minh Phú,Food & Beverage,2017-10-16,VERIFIED_LISTING_SNAPSHOT,"[{""effective_from"":""2017-10-16"",""effective_to"":null,""evidence_id"":""REPRESENTATIVE_PILOT_LISTING_DATE"",""exchange"":""UPCOM"",""ticker"":""MPC""}]",CURRENT_500;REPRESENTATIVE_PILOT_55,REPRESENTATIVE_PILOT_EVIDENCE,NO,OFFLINE_EVIDENCE_AVAILABLE,51,75.0,HIGH
KBS:UPCOM:OIL,OIL,UPCOM,Tổng Công ty Dầu Việt Nam - CTCP,Oil & Gas,2018-03-07,VERIFIED_LISTING_SNAPSHOT,"[{""effective_from"":""2018-03-07"",""effective_to"":null,""evidence_id"":""REPRESENTATIVE_PILOT_LISTING_DATE"",""exchange"":""UPCOM"",""ticker"":""OIL""}]",CURRENT_500;REPRESENTATIVE_PILOT_55,REPRESENTATIVE_PILOT_EVIDENCE,NO,OFFLINE_EVIDENCE_AVAILABLE,52,75.0,HIGH
KBS:UPCOM:QNS,QNS,UPCOM,CTCP Đường Quảng Ngãi,Food & Beverage,2016-12-20,VERIFIED_LISTING_SNAPSHOT,"[{""effective_from"":""2016-12-20"",""effective_to"":null,""evidence_id"":""REPRESENTATIVE_PILOT_LISTING_DATE"",""exchange"":""UPCOM"",""ticker"":""QNS""}]",CURRENT_500;REPRESENTATIVE_PILOT_55,REPRESENTATIVE_PILOT_EVIDENCE,NO,OFFLINE_EVIDENCE_AVAILABLE,53,75.0,HIGH
KBS:UPCOM:VEA,VEA,UPCOM,Tổng Công ty Máy động lực và Máy nông nghiệp Việt Nam – CTCP,Industrial Goods & Services,2018-07-02,VERIFIED_LISTING_SNAPSHOT,"[{""effective_from"":""2018-07-02"",""effective_to"":null,""evidence_id"":""REPRESENTATIVE_PILOT_LISTING_DATE"",""exchange"":""UPCOM"",""ticker"":""VEA""}]",CURRENT_500;REPRESENTATIVE_PILOT_55,REPRESENTATIVE_PILOT_EVIDENCE,NO,OFFLINE_EVIDENCE_AVAILABLE,54,75.0,HIGH
KBS:UPCOM:VGI,VGI,UPCOM,Tổng Công ty cổ phần Đầu tư Quốc tế Viettel,Telecommunications,2018-09-25,VERIFIED_LISTING_SNAPSHOT,"[{""effective_from"":""2018-09-25"",""effective_to"":null,""evidence_id"":""REPRESENTATIVE_PILOT_LISTING_DATE"",""exchange"":""UPCOM"",""ticker"":""VGI""}]",CURRENT_500;REPRESENTATIVE_PILOT_55,REPRESENTATIVE_PILOT_EVIDENCE,NO,OFFLINE_EVIDENCE_AVAILABLE,55,75.0,HIGH
VCI:2950,SAS,UPCOM,,Retail,2015-04-16,VERIFIED_LISTING_SNAPSHOT,"[{""effective_from"":""2015-04-16"",""effective_to"":null,""evidence_id"":""REPRESENTATIVE_PILOT_LISTING_DATE"",""exchange"":""UPCOM"",""ticker"":""SAS""}]",REPRESENTATIVE_PILOT_55,REPRESENTATIVE_PILOT_EVIDENCE,NO,OFFLINE_EVIDENCE_AVAILABLE,56,75.0,HIGH
PLAN_INPUT_UNRESOLVED:VCB,VCB,HOSE,,SIGNAL_UNAVAILABLE,,PLAN_INPUT_UNRESOLVED,[],A5_R1_1_CAFEF_EVIDENCE,CAFEF_EXISTING_EVIDENCE;IDENTITY_INPUT_UNRESOLVED,YES,PLAN_INPUT_UNRESOLVED,57,67.5,MEDIUM
KBS:HOSE:LPB,LPB,HOSE,Ngân hàng TMCP Lộc Phát Việt Nam,SIGNAL_UNAVAILABLE,,VERIFIED_TRANSFER,"[{""effective_from"":""2017-10-05"",""effective_to"":""2020-11-08"",""evidence_id"":""EV-LPB-001"",""exchange"":""UPCOM"",""ticker"":""LPB""},{""effective_from"":""2020-11-09"",""effective_to"":null,""evidence_id"":""EV-LPB-001"",""exchange"":""HOSE"",""ticker"":""LPB""}]",A6_VERIFIED_TRANSFER;CURRENT_500,EXCHANGE_TRANSFER_IDENTITY,YES,OFFLINE_EVIDENCE_AVAILABLE,58,62.5,MEDIUM
KBS:HOSE:SHB,SHB,HOSE,Ngân hàng TMCP Sài Gòn - Hà Nội,SIGNAL_UNAVAILABLE,,VERIFIED_TRANSFER,"[{""effective_from"":""2009-04-20"",""effective_to"":""2021-10-10"",""evidence_id"":""EV-SHB-001"",""exchange"":""HNX"",""ticker"":""SHB""},{""effective_from"":""2021-10-11"",""effective_to"":null,""evidence_id"":""EV-SHB-001"",""exchange"":""HOSE"",""ticker"":""SHB""}]",A6_VERIFIED_TRANSFER;CURRENT_500,EXCHANGE_TRANSFER_IDENTITY,YES,OFFLINE_EVIDENCE_AVAILABLE,59,62.5,MEDIUM
KBS:HOSE:VCG,VCG,HOSE,Tổng Công ty cổ phần Xuất nhập khẩu và Xây dựng Việt Nam,SIGNAL_UNAVAILABLE,,VERIFIED_TRANSFER,"[{""effective_from"":""2008-09-05"",""effective_to"":""2022-01-13"",""evidence_id"":""EV-VCG-001"",""exchange"":""HNX"",""ticker"":""VCG""},{""effective_from"":""2022-01-14"",""effective_to"":null,""evidence_id"":""EV-VCG-001"",""exchange"":""HOSE"",""ticker"":""VCG""}]",A6_VERIFIED_TRANSFER;CURRENT_500,EXCHANGE_TRANSFER_IDENTITY,YES,OFFLINE_EVIDENCE_AVAILABLE,60,62.5,MEDIUM
KBS:UPCOM:HND,HND,UPCOM,CTCP Nhiệt điện Hải Phòng,SIGNAL_UNAVAILABLE,,PROVISIONAL_CURRENT_UNIVERSE,[],A5_R1_1_CAFEF_EVIDENCE;CURRENT_500,CAFEF_EXISTING_EVIDENCE;KNOWN_KBS_MISSING_SESSION;PROVIDER_HISTORY_BOUNDARY_CASE,YES,PARTIAL_IDENTITY_UNRESOLVED,61,62.5,MEDIUM
KBS:HOSE:NO1,NO1,HOSE,CTCP Tập đoàn 911,SIGNAL_UNAVAILABLE,,PROVISIONAL_CURRENT_UNIVERSE,[],CURRENT_500,KNOWN_KBS_MISSING_SESSION;PROVIDER_HISTORY_BOUNDARY_CASE,YES,PARTIAL_IDENTITY_UNRESOLVED,62,52.5,NORMAL
KBS:HOSE:STK,STK,HOSE,CTCP Sợi Thế Kỷ,SIGNAL_UNAVAILABLE,,PROVISIONAL_CURRENT_UNIVERSE,[],CURRENT_500,KNOWN_KBS_MISSING_SESSION,YES,PARTIAL_IDENTITY_UNRESOLVED,63,52.5,NORMAL
KBS:HOSE:TVB,TVB,HOSE,CTCP Chứng khoán T-Cap,SIGNAL_UNAVAILABLE,,PROVISIONAL_CURRENT_UNIVERSE,[],CURRENT_500,KNOWN_KBS_MISSING_SESSION;PROVIDER_HISTORY_BOUNDARY_CASE,YES,PARTIAL_IDENTITY_UNRESOLVED,64,52.5,NORMAL
KBS:HNX:IDV,IDV,HNX,CTCP Phát triển Hạ tầng Vĩnh Phúc,SIGNAL_UNAVAILABLE,,PROVISIONAL_CURRENT_UNIVERSE,[],CURRENT_500,CORPORATE_ACTION_WINDOW;KNOWN_KBS_MISSING_SESSION;KNOWN_PRICE_BASIS_DIFFERENCE;PROVIDER_HISTORY_BOUNDARY_CASE,YES,PARTIAL_IDENTITY_UNRESOLVED,65,42.5,NORMAL
KBS:HOSE:AAM,AAM,HOSE,CTCP Thủy sản MeKong,SIGNAL_UNAVAILABLE,,PROVISIONAL_CURRENT_UNIVERSE,[],CURRENT_500,,NO,PARTIAL_IDENTITY_UNRESOLVED,66,40.0,NORMAL
KBS:HOSE:ACC,ACC,HOSE,CTCP Đầu tư và Xây dựng Bình Dương ACC,SIGNAL_UNAVAILABLE,,PROVISIONAL_CURRENT_UNIVERSE,[],CURRENT_500,,NO,PARTIAL_IDENTITY_UNRESOLVED,67,40.0,NORMAL
KBS:HOSE:ACL,ACL,HOSE,CTCP Xuất nhập khẩu Thủy sản Cửu Long An Giang,SIGNAL_UNAVAILABLE,,PROVISIONAL_CURRENT_UNIVERSE,[],CURRENT_500,,NO,PARTIAL_IDENTITY_UNRESOLVED,68,40.0,NORMAL
KBS:HOSE:ADS,ADS,HOSE,CTCP Damsan,SIGNAL_UNAVAILABLE,,PROVISIONAL_CURRENT_UNIVERSE,[],CURRENT_500,,NO,PARTIAL_IDENTITY_UNRESOLVED,69,40.0,NORMAL
KBS:HOSE:AGR,AGR,HOSE,CTCP Chứng khoán Agribank,SIGNAL_UNAVAILABLE,,PROVISIONAL_CURRENT_UNIVERSE,[],CURRENT_500,,NO,PARTIAL_IDENTITY_UNRESOLVED,70,40.0,NORMAL
KBS:HOSE:AST,AST,HOSE,CTCP Dịch vụ Hàng không Taseco,SIGNAL_UNAVAILABLE,,PROVISIONAL_CURRENT_UNIVERSE,[],CURRENT_500,,NO,PARTIAL_IDENTITY_UNRESOLVED,71,40.0,NORMAL
KBS:HOSE:BCE,BCE,HOSE,CTCP Xây dựng và Giao thông Bình Dương,SIGNAL_UNAVAILABLE,,PROVISIONAL_CURRENT_UNIVERSE,[],CURRENT_500,,NO,PARTIAL_IDENTITY_UNRESOLVED,72,40.0,NORMAL
KBS:HOSE:BFC,BFC,HOSE,CTCP Phân bón Bình Điền,SIGNAL_UNAVAILABLE,,PROVISIONAL_CURRENT_UNIVERSE,[],CURRENT_500,,NO,PARTIAL_IDENTITY_UNRESOLVED,73,40.0,NORMAL
KBS:HOSE:BKG,BKG,HOSE,CTCP Đầu tư BKG Việt Nam,SIGNAL_UNAVAILABLE,,PROVISIONAL_CURRENT_UNIVERSE,[],CURRENT_500,,NO,PARTIAL_IDENTITY_UNRESOLVED,74,40.0,NORMAL
KBS:HOSE:CCL,CCL,HOSE,CTCP Đầu tư và Phát triển Đô thị Dầu khí Cửu Long,SIGNAL_UNAVAILABLE,,PROVISIONAL_CURRENT_UNIVERSE,[],CURRENT_500,,NO,PARTIAL_IDENTITY_UNRESOLVED,75,40.0,NORMAL
KBS:HOSE:CHP,CHP,HOSE,CTCP Thủy điện Miền Trung,SIGNAL_UNAVAILABLE,,PROVISIONAL_CURRENT_UNIVERSE,[],CURRENT_500,,NO,PARTIAL_IDENTITY_UNRESOLVED,76,40.0,NORMAL
KBS:HOSE:CKG,CKG,HOSE,CTCP Tập đoàn CIC,SIGNAL_UNAVAILABLE,,PROVISIONAL_CURRENT_UNIVERSE,[],CURRENT_500,,NO,PARTIAL_IDENTITY_UNRESOLVED,77,40.0,NORMAL
KBS:HOSE:CLC,CLC,HOSE,CTCP Cát Lợi,SIGNAL_UNAVAILABLE,,PROVISIONAL_CURRENT_UNIVERSE,[],CURRENT_500,,NO,PARTIAL_IDENTITY_UNRESOLVED,78,40.0,NORMAL
KBS:HOSE:CLW,CLW,HOSE,CTCP Cấp nước Chợ Lớn,SIGNAL_UNAVAILABLE,,PROVISIONAL_CURRENT_UNIVERSE,[],CURRENT_500,,NO,PARTIAL_IDENTITY_UNRESOLVED,79,40.0,NORMAL
KBS:HOSE:CMX,CMX,HOSE,CTCP Camimex Group,SIGNAL_UNAVAILABLE,,PROVISIONAL_CURRENT_UNIVERSE,[],CURRENT_500,,NO,PARTIAL_IDENTITY_UNRESOLVED,80,40.0,NORMAL
KBS:HOSE:CRE,CRE,HOSE,CTCP Bất động sản Thế Kỷ,SIGNAL_UNAVAILABLE,,PROVISIONAL_CURRENT_UNIVERSE,[],CURRENT_500,,NO,PARTIAL_IDENTITY_UNRESOLVED,81,40.0,NORMAL
KBS:HOSE:CTD,CTD,HOSE,CTCP Xây dựng Coteccons,SIGNAL_UNAVAILABLE,,PROVISIONAL_CURRENT_UNIVERSE,[],CURRENT_500,,NO,PARTIAL_IDENTITY_UNRESOLVED,82,40.0,NORMAL
KBS:HOSE:CTS,CTS,HOSE,CTCP Chứng khoán VietinBank,SIGNAL_UNAVAILABLE,,PROVISIONAL_CURRENT_UNIVERSE,[],CURRENT_500,,NO,PARTIAL_IDENTITY_UNRESOLVED,83,40.0,NORMAL
KBS:HOSE:DAH,DAH,HOSE,CTCP Tập đoàn Khách sạn Đông Á,SIGNAL_UNAVAILABLE,,PROVISIONAL_CURRENT_UNIVERSE,[],CURRENT_500,,NO,PARTIAL_IDENTITY_UNRESOLVED,84,40.0,NORMAL
KBS:HOSE:DBC,DBC,HOSE,CTCP Tập đoàn Dabaco Việt Nam,SIGNAL_UNAVAILABLE,,PROVISIONAL_CURRENT_UNIVERSE,[],CURRENT_500,,NO,PARTIAL_IDENTITY_UNRESOLVED,85,40.0,NORMAL
KBS:HOSE:DC4,DC4,HOSE,CTCP DICERA Holdings,SIGNAL_UNAVAILABLE,,PROVISIONAL_CURRENT_UNIVERSE,[],CURRENT_500,,NO,PARTIAL_IDENTITY_UNRESOLVED,86,40.0,NORMAL
KBS:HOSE:DCL,DCL,HOSE,CTCP Dược phẩm Cửu Long,SIGNAL_UNAVAILABLE,,PROVISIONAL_CURRENT_UNIVERSE,[],CURRENT_500,,NO,PARTIAL_IDENTITY_UNRESOLVED,87,40.0,NORMAL
KBS:HOSE:DMC,DMC,HOSE,CTCP Xuất nhập khẩu Y Tế DOMESCO,SIGNAL_UNAVAILABLE,,PROVISIONAL_CURRENT_UNIVERSE,[],CURRENT_500,,NO,PARTIAL_IDENTITY_UNRESOLVED,88,40.0,NORMAL
KBS:HOSE:DTA,DTA,HOSE,CTCP Đệ Tam,SIGNAL_UNAVAILABLE,,PROVISIONAL_CURRENT_UNIVERSE,[],CURRENT_500,,NO,PARTIAL_IDENTITY_UNRESOLVED,89,40.0,NORMAL
KBS:HOSE:DTT,DTT,HOSE,CTCP Kỹ nghệ Đô Thành,SIGNAL_UNAVAILABLE,,PROVISIONAL_CURRENT_UNIVERSE,[],CURRENT_500,,NO,PARTIAL_IDENTITY_UNRESOLVED,90,40.0,NORMAL
KBS:HOSE:DVP,DVP,HOSE,CTCP Đầu tư và Phát triển Cảng Đình Vũ,SIGNAL_UNAVAILABLE,,PROVISIONAL_CURRENT_UNIVERSE,[],CURRENT_500,,NO,PARTIAL_IDENTITY_UNRESOLVED,91,40.0,NORMAL
KBS:HOSE:ELC,ELC,HOSE,CTCP Công Nghệ - Viễn Thông Elcom,SIGNAL_UNAVAILABLE,,PROVISIONAL_CURRENT_UNIVERSE,[],CURRENT_500,,NO,PARTIAL_IDENTITY_UNRESOLVED,92,40.0,NORMAL
KBS:HOSE:EVE,EVE,HOSE,CTCP Everpia,SIGNAL_UNAVAILABLE,,PROVISIONAL_CURRENT_UNIVERSE,[],CURRENT_500,,NO,PARTIAL_IDENTITY_UNRESOLVED,93,40.0,NORMAL
KBS:HOSE:EVF,EVF,HOSE,Công ty Tài chính Tổng hợp Cổ phần Điện lực,SIGNAL_UNAVAILABLE,,PROVISIONAL_CURRENT_UNIVERSE,[],CURRENT_500,,NO,PARTIAL_IDENTITY_UNRESOLVED,94,40.0,NORMAL
KBS:HOSE:FDC,FDC,HOSE,CTCP Ngoại thương và Phát triển Đầu tư Thành phố Hồ Chí Minh,SIGNAL_UNAVAILABLE,,PROVISIONAL_CURRENT_UNIVERSE,[],CURRENT_500,,NO,PARTIAL_IDENTITY_UNRESOLVED,95,40.0,NORMAL
KBS:HOSE:FIR,FIR,HOSE,CTCP Địa ốc First Real,SIGNAL_UNAVAILABLE,,PROVISIONAL_CURRENT_UNIVERSE,[],CURRENT_500,,NO,PARTIAL_IDENTITY_UNRESOLVED,96,40.0,NORMAL
KBS:HOSE:FIT,FIT,HOSE,CTCP Tập đoàn F.I.T,SIGNAL_UNAVAILABLE,,PROVISIONAL_CURRENT_UNIVERSE,[],CURRENT_500,,NO,PARTIAL_IDENTITY_UNRESOLVED,97,40.0,NORMAL
KBS:HOSE:FMC,FMC,HOSE,CTCP Thực phẩm Sao Ta,SIGNAL_UNAVAILABLE,,PROVISIONAL_CURRENT_UNIVERSE,[],CURRENT_500,,NO,PARTIAL_IDENTITY_UNRESOLVED,98,40.0,NORMAL
KBS:HOSE:GDT,GDT,HOSE,CTCP Chế biến Gỗ Đức Thành,SIGNAL_UNAVAILABLE,,PROVISIONAL_CURRENT_UNIVERSE,[],CURRENT_500,,NO,PARTIAL_IDENTITY_UNRESOLVED,99,40.0,NORMAL
KBS:HOSE:GEG,GEG,HOSE,CTCP Điện Gia Lai,SIGNAL_UNAVAILABLE,,PROVISIONAL_CURRENT_UNIVERSE,[],CURRENT_500,,NO,PARTIAL_IDENTITY_UNRESOLVED,100,40.0,NORMAL
KBS:HOSE:GHC,GHC,HOSE,CTCP Thủy điện Gia Lai,SIGNAL_UNAVAILABLE,,PROVISIONAL_CURRENT_UNIVERSE,[],CURRENT_500,,NO,PARTIAL_IDENTITY_UNRESOLVED,101,40.0,NORMAL
KBS:HOSE:GMH,GMH,HOSE,CTCP Minh Hưng Quảng Trị,SIGNAL_UNAVAILABLE,,PROVISIONAL_CURRENT_UNIVERSE,[],CURRENT_500,,NO,PARTIAL_IDENTITY_UNRESOLVED,102,40.0,NORMAL
KBS:HOSE:GTA,GTA,HOSE,CTCP Chế biến gỗ Thuận An,SIGNAL_UNAVAILABLE,,PROVISIONAL_CURRENT_UNIVERSE,[],CURRENT_500,,NO,PARTIAL_IDENTITY_UNRESOLVED,103,40.0,NORMAL
KBS:HOSE:HAR,HAR,HOSE,CTCP Đầu tư Thương mại Bất động sản An Dương Thảo Điền,SIGNAL_UNAVAILABLE,,PROVISIONAL_CURRENT_UNIVERSE,[],CURRENT_500,,NO,PARTIAL_IDENTITY_UNRESOLVED,104,40.0,NORMAL
KBS:HOSE:HAS,HAS,HOSE,CTCP Hacisco,SIGNAL_UNAVAILABLE,,PROVISIONAL_CURRENT_UNIVERSE,[],CURRENT_500,,NO,PARTIAL_IDENTITY_UNRESOLVED,105,40.0,NORMAL
KBS:HOSE:HAX,HAX,HOSE,CTCP Dịch vụ Ô tô Hàng Xanh,SIGNAL_UNAVAILABLE,,PROVISIONAL_CURRENT_UNIVERSE,[],CURRENT_500,,NO,PARTIAL_IDENTITY_UNRESOLVED,106,40.0,NORMAL
KBS:HOSE:HDC,HDC,HOSE,CTCP Phát triển Nhà Bà Rịa - Vũng Tàu,SIGNAL_UNAVAILABLE,,PROVISIONAL_CURRENT_UNIVERSE,[],CURRENT_500,,NO,PARTIAL_IDENTITY_UNRESOLVED,107,40.0,NORMAL
KBS:HOSE:HHP,HHP,HOSE,CTCP HHP Global,SIGNAL_UNAVAILABLE,,PROVISIONAL_CURRENT_UNIVERSE,[],CURRENT_500,,NO,PARTIAL_IDENTITY_UNRESOLVED,108,40.0,NORMAL
KBS:HOSE:HHV,HHV,HOSE,CTCP Đầu tư Hạ tầng Giao thông Đèo Cả,SIGNAL_UNAVAILABLE,,PROVISIONAL_CURRENT_UNIVERSE,[],CURRENT_500,,NO,PARTIAL_IDENTITY_UNRESOLVED,109,40.0,NORMAL
KBS:HOSE:HID,HID,HOSE,CTCP Halcom Việt Nam,SIGNAL_UNAVAILABLE,,PROVISIONAL_CURRENT_UNIVERSE,[],CURRENT_500,,NO,PARTIAL_IDENTITY_UNRESOLVED,110,40.0,NORMAL
KBS:HOSE:HQC,HQC,HOSE,CTCP Tư vấn Thương mại Dịch vụ Địa Ốc Hoàng Quân,SIGNAL_UNAVAILABLE,,PROVISIONAL_CURRENT_UNIVERSE,[],CURRENT_500,,NO,PARTIAL_IDENTITY_UNRESOLVED,111,40.0,NORMAL
KBS:HOSE:HRC,HRC,HOSE,CTCP Cao su Hòa Bình,SIGNAL_UNAVAILABLE,,PROVISIONAL_CURRENT_UNIVERSE,[],CURRENT_500,,NO,PARTIAL_IDENTITY_UNRESOLVED,112,40.0,NORMAL
KBS:HOSE:HTG,HTG,HOSE,Tổng Công ty cổ phần Dệt may Hòa Thọ,SIGNAL_UNAVAILABLE,,PROVISIONAL_CURRENT_UNIVERSE,[],CURRENT_500,,NO,PARTIAL_IDENTITY_UNRESOLVED,113,40.0,NORMAL
KBS:HOSE:HTN,HTN,HOSE,CTCP Hưng Thịnh Incons,SIGNAL_UNAVAILABLE,,PROVISIONAL_CURRENT_UNIVERSE,[],CURRENT_500,,NO,PARTIAL_IDENTITY_UNRESOLVED,114,40.0,NORMAL
KBS:HOSE:HTV,HTV,HOSE,CTCP Logistics Vicem,SIGNAL_UNAVAILABLE,,PROVISIONAL_CURRENT_UNIVERSE,[],CURRENT_500,,NO,PARTIAL_IDENTITY_UNRESOLVED,115,40.0,NORMAL
KBS:HOSE:HU1,HU1,HOSE,CTCP Đầu tư và Xây dựng HUD1,SIGNAL_UNAVAILABLE,,PROVISIONAL_CURRENT_UNIVERSE,[],CURRENT_500,,NO,PARTIAL_IDENTITY_UNRESOLVED,116,40.0,NORMAL
KBS:HOSE:HUB,HUB,HOSE,CTCP Xây lắp Thừa Thiên Huế,SIGNAL_UNAVAILABLE,,PROVISIONAL_CURRENT_UNIVERSE,[],CURRENT_500,,NO,PARTIAL_IDENTITY_UNRESOLVED,117,40.0,NORMAL
KBS:HOSE:ITC,ITC,HOSE,CTCP Đầu tư và Kinh doanh Nhà,SIGNAL_UNAVAILABLE,,PROVISIONAL_CURRENT_UNIVERSE,[],CURRENT_500,,NO,PARTIAL_IDENTITY_UNRESOLVED,118,40.0,NORMAL
KBS:HOSE:ITD,ITD,HOSE,CTCP Công nghệ ITD,SIGNAL_UNAVAILABLE,,PROVISIONAL_CURRENT_UNIVERSE,[],CURRENT_500,,NO,PARTIAL_IDENTITY_UNRESOLVED,119,40.0,NORMAL
KBS:HOSE:JVC,JVC,HOSE,CTCP Đầu tư và Phát triển Y tế Việt Nhật,SIGNAL_UNAVAILABLE,,PROVISIONAL_CURRENT_UNIVERSE,[],CURRENT_500,,NO,PARTIAL_IDENTITY_UNRESOLVED,120,40.0,NORMAL
KBS:HOSE:KBC,KBC,HOSE,Tổng Công ty Phát triển Đô thị Kinh Bắc - CTCP,SIGNAL_UNAVAILABLE,,PROVISIONAL_CURRENT_UNIVERSE,[],CURRENT_500,,NO,PARTIAL_IDENTITY_UNRESOLVED,121,40.0,NORMAL
KBS:HOSE:KLB,KLB,HOSE,Ngân hàng TMCP Kiên Long,SIGNAL_UNAVAILABLE,,PROVISIONAL_CURRENT_UNIVERSE,[],CURRENT_500,,NO,PARTIAL_IDENTITY_UNRESOLVED,122,40.0,NORMAL
KBS:HOSE:KMR,KMR,HOSE,CTCP Mirae,SIGNAL_UNAVAILABLE,,PROVISIONAL_CURRENT_UNIVERSE,[],CURRENT_500,,NO,PARTIAL_IDENTITY_UNRESOLVED,123,40.0,NORMAL
KBS:HOSE:KSB,KSB,HOSE,CTCP Khoáng sản và Xây dựng Bình Dương,SIGNAL_UNAVAILABLE,,PROVISIONAL_CURRENT_UNIVERSE,[],CURRENT_500,,NO,PARTIAL_IDENTITY_UNRESOLVED,124,40.0,NORMAL
KBS:HOSE:L10,L10,HOSE,CTCP Lilama 10,SIGNAL_UNAVAILABLE,,PROVISIONAL_CURRENT_UNIVERSE,[],CURRENT_500,,NO,PARTIAL_IDENTITY_UNRESOLVED,125,40.0,NORMAL
KBS:HOSE:LAF,LAF,HOSE,CTCP Chế biến hàng Xuất khẩu Long An,SIGNAL_UNAVAILABLE,,PROVISIONAL_CURRENT_UNIVERSE,[],CURRENT_500,,NO,PARTIAL_IDENTITY_UNRESOLVED,126,40.0,NORMAL
KBS:HOSE:LDG,LDG,HOSE,CTCP Đầu tư LDG,SIGNAL_UNAVAILABLE,,PROVISIONAL_CURRENT_UNIVERSE,[],CURRENT_500,,NO,PARTIAL_IDENTITY_UNRESOLVED,127,40.0,NORMAL
KBS:HOSE:LGL,LGL,HOSE,CTCP Đầu tư và Phát triển Đô thị Long Giang,SIGNAL_UNAVAILABLE,,PROVISIONAL_CURRENT_UNIVERSE,[],CURRENT_500,,NO,PARTIAL_IDENTITY_UNRESOLVED,128,40.0,NORMAL
KBS:HOSE:LHG,LHG,HOSE,CTCP Long Hậu,SIGNAL_UNAVAILABLE,,PROVISIONAL_CURRENT_UNIVERSE,[],CURRENT_500,,NO,PARTIAL_IDENTITY_UNRESOLVED,129,40.0,NORMAL
KBS:HOSE:LIX,LIX,HOSE,CTCP Bột Giặt Lix,SIGNAL_UNAVAILABLE,,PROVISIONAL_CURRENT_UNIVERSE,[],CURRENT_500,,NO,PARTIAL_IDENTITY_UNRESOLVED,130,40.0,NORMAL
KBS:HOSE:LM8,LM8,HOSE,CTCP Lilama 18,SIGNAL_UNAVAILABLE,,PROVISIONAL_CURRENT_UNIVERSE,[],CURRENT_500,,NO,PARTIAL_IDENTITY_UNRESOLVED,131,40.0,NORMAL
KBS:HOSE:LSS,LSS,HOSE,CTCP Mía Đường Lam Sơn,SIGNAL_UNAVAILABLE,,PROVISIONAL_CURRENT_UNIVERSE,[],CURRENT_500,,NO,PARTIAL_IDENTITY_UNRESOLVED,132,40.0,NORMAL
KBS:HOSE:MCH,MCH,HOSE,CTCP Hàng tiêu dùng Masan,SIGNAL_UNAVAILABLE,,PROVISIONAL_CURRENT_UNIVERSE,[],CURRENT_500,,NO,PARTIAL_IDENTITY_UNRESOLVED,133,40.0,NORMAL
KBS:HOSE:MCM,MCM,HOSE,CTCP Giống Bò sữa Mộc Châu,SIGNAL_UNAVAILABLE,,PROVISIONAL_CURRENT_UNIVERSE,[],CURRENT_500,,NO,PARTIAL_IDENTITY_UNRESOLVED,134,40.0,NORMAL
KBS:HOSE:MCP,MCP,HOSE,CTCP In và Bao bì Mỹ Châu,SIGNAL_UNAVAILABLE,,PROVISIONAL_CURRENT_UNIVERSE,[],CURRENT_500,,NO,PARTIAL_IDENTITY_UNRESOLVED,135,40.0,NORMAL
KBS:HOSE:MSH,MSH,HOSE,CTCP May Sông Hồng,SIGNAL_UNAVAILABLE,,PROVISIONAL_CURRENT_UNIVERSE,[],CURRENT_500,,NO,PARTIAL_IDENTITY_UNRESOLVED,136,40.0,NORMAL
KBS:HOSE:NAF,NAF,HOSE,CTCP Nafoods Group,SIGNAL_UNAVAILABLE,,PROVISIONAL_CURRENT_UNIVERSE,[],CURRENT_500,,NO,PARTIAL_IDENTITY_UNRESOLVED,137,40.0,NORMAL
KBS:HOSE:NAV,NAV,HOSE,CTCP Nam Việt,SIGNAL_UNAVAILABLE,,PROVISIONAL_CURRENT_UNIVERSE,[],CURRENT_500,,NO,PARTIAL_IDENTITY_UNRESOLVED,138,40.0,NORMAL
KBS:HOSE:NNC,NNC,HOSE,CTCP Đá Núi Nhỏ,SIGNAL_UNAVAILABLE,,PROVISIONAL_CURRENT_UNIVERSE,[],CURRENT_500,,NO,PARTIAL_IDENTITY_UNRESOLVED,139,40.0,NORMAL
KBS:HOSE:NTC,NTC,HOSE,CTCP Khu Công nghiệp Nam Tân Uyên,SIGNAL_UNAVAILABLE,,PROVISIONAL_CURRENT_UNIVERSE,[],CURRENT_500,,NO,PARTIAL_IDENTITY_UNRESOLVED,140,40.0,NORMAL
KBS:HOSE:OCB,OCB,HOSE,Ngân hàng TMCP Phương Đông,SIGNAL_UNAVAILABLE,,PROVISIONAL_CURRENT_UNIVERSE,[],CURRENT_500,,NO,PARTIAL_IDENTITY_UNRESOLVED,141,40.0,NORMAL
KBS:HOSE:PAC,PAC,HOSE,CTCP Pin Ắc quy Miền Nam,SIGNAL_UNAVAILABLE,,PROVISIONAL_CURRENT_UNIVERSE,[],CURRENT_500,,NO,PARTIAL_IDENTITY_UNRESOLVED,142,40.0,NORMAL
KBS:HOSE:PDN,PDN,HOSE,CTCP Cảng Đồng Nai,SIGNAL_UNAVAILABLE,,PROVISIONAL_CURRENT_UNIVERSE,[],CURRENT_500,,NO,PARTIAL_IDENTITY_UNRESOLVED,143,40.0,NORMAL
KBS:HOSE:PDV,PDV,HOSE,CTCP Vận Tải Và Tiếp Vận Phương Đông Việt,SIGNAL_UNAVAILABLE,,PROVISIONAL_CURRENT_UNIVERSE,[],CURRENT_500,,NO,PARTIAL_IDENTITY_UNRESOLVED,144,40.0,NORMAL
KBS:HOSE:PGI,PGI,HOSE,Tổng Công ty cổ phần Bảo hiểm Petrolimex,SIGNAL_UNAVAILABLE,,PROVISIONAL_CURRENT_UNIVERSE,[],CURRENT_500,,NO,PARTIAL_IDENTITY_UNRESOLVED,145,40.0,NORMAL
KBS:HOSE:PGV,PGV,HOSE,Tổng Công ty Phát điện 3 - CTCP,SIGNAL_UNAVAILABLE,,PROVISIONAL_CURRENT_UNIVERSE,[],CURRENT_500,,NO,PARTIAL_IDENTITY_UNRESOLVED,146,40.0,NORMAL
KBS:HOSE:PHR,PHR,HOSE,CTCP Cao su Phước Hòa,SIGNAL_UNAVAILABLE,,PROVISIONAL_CURRENT_UNIVERSE,[],CURRENT_500,,NO,PARTIAL_IDENTITY_UNRESOLVED,147,40.0,NORMAL
KBS:HOSE:PIT,PIT,HOSE,CTCP Xuất nhập khẩu Petrolimex,SIGNAL_UNAVAILABLE,,PROVISIONAL_CURRENT_UNIVERSE,[],CURRENT_500,,NO,PARTIAL_IDENTITY_UNRESOLVED,148,40.0,NORMAL
KBS:HOSE:PLP,PLP,HOSE,CTCP Sản xuất và Công nghệ Nhựa Pha Lê,SIGNAL_UNAVAILABLE,,PROVISIONAL_CURRENT_UNIVERSE,[],CURRENT_500,,NO,PARTIAL_IDENTITY_UNRESOLVED,149,40.0,NORMAL
KBS:HOSE:PTL,PTL,HOSE,CTCP Victory Group,SIGNAL_UNAVAILABLE,,PROVISIONAL_CURRENT_UNIVERSE,[],CURRENT_500,,NO,PARTIAL_IDENTITY_UNRESOLVED,150,40.0,NORMAL
KBS:HOSE:PVP,PVP,HOSE,CTCP Vận tải Dầu khí Thái Bình Dương,SIGNAL_UNAVAILABLE,,PROVISIONAL_CURRENT_UNIVERSE,[],CURRENT_500,,NO,PARTIAL_IDENTITY_UNRESOLVED,151,40.0,NORMAL
KBS:HOSE:QCG,QCG,HOSE,CTCP Quốc Cường Gia Lai,SIGNAL_UNAVAILABLE,,PROVISIONAL_CURRENT_UNIVERSE,[],CURRENT_500,,NO,PARTIAL_IDENTITY_UNRESOLVED,152,40.0,NORMAL
KBS:HOSE:S4A,S4A,HOSE,CTCP Thủy điện Sê San 4A,SIGNAL_UNAVAILABLE,,PROVISIONAL_CURRENT_UNIVERSE,[],CURRENT_500,,NO,PARTIAL_IDENTITY_UNRESOLVED,153,40.0,NORMAL
KBS:HOSE:SAB,SAB,HOSE,Tổng Công ty cổ phần Bia - Rượu - Nước giải khát Sài Gòn,SIGNAL_UNAVAILABLE,,PROVISIONAL_CURRENT_UNIVERSE,[],CURRENT_500,,NO,PARTIAL_IDENTITY_UNRESOLVED,154,40.0,NORMAL
KBS:HOSE:SAV,SAV,HOSE,CTCP Hợp tác Kinh tế và Xuất nhập khẩu Savimex,SIGNAL_UNAVAILABLE,,PROVISIONAL_CURRENT_UNIVERSE,[],CURRENT_500,,NO,PARTIAL_IDENTITY_UNRESOLVED,155,40.0,NORMAL
KBS:HOSE:SBV,SBV,HOSE,CTCP Siam Brothers Việt Nam,SIGNAL_UNAVAILABLE,,PROVISIONAL_CURRENT_UNIVERSE,[],CURRENT_500,,NO,PARTIAL_IDENTITY_UNRESOLVED,156,40.0,NORMAL
KBS:HOSE:SC5,SC5,HOSE,CTCP Xây dựng Số 5,SIGNAL_UNAVAILABLE,,PROVISIONAL_CURRENT_UNIVERSE,[],CURRENT_500,,NO,PARTIAL_IDENTITY_UNRESOLVED,157,40.0,NORMAL
KBS:HOSE:SCS,SCS,HOSE,CTCP Dịch vụ Hàng hóa Sài Gòn,SIGNAL_UNAVAILABLE,,PROVISIONAL_CURRENT_UNIVERSE,[],CURRENT_500,,NO,PARTIAL_IDENTITY_UNRESOLVED,158,40.0,NORMAL
KBS:HOSE:SHI,SHI,HOSE,CTCP Quốc tế Sơn Hà,SIGNAL_UNAVAILABLE,,PROVISIONAL_CURRENT_UNIVERSE,[],CURRENT_500,,NO,PARTIAL_IDENTITY_UNRESOLVED,159,40.0,NORMAL
KBS:HOSE:SHP,SHP,HOSE,CTCP Thủy điện Miền Nam,SIGNAL_UNAVAILABLE,,PROVISIONAL_CURRENT_UNIVERSE,[],CURRENT_500,,NO,PARTIAL_IDENTITY_UNRESOLVED,160,40.0,NORMAL
KBS:HOSE:SIP,SIP,HOSE,CTCP Đầu tư Sài Gòn VRG,SIGNAL_UNAVAILABLE,,PROVISIONAL_CURRENT_UNIVERSE,[],CURRENT_500,,NO,PARTIAL_IDENTITY_UNRESOLVED,161,40.0,NORMAL
KBS:HOSE:SRC,SRC,HOSE,CTCP Cao su Sao Vàng,SIGNAL_UNAVAILABLE,,PROVISIONAL_CURRENT_UNIVERSE,[],CURRENT_500,,NO,PARTIAL_IDENTITY_UNRESOLVED,162,40.0,NORMAL
KBS:HOSE:SSB,SSB,HOSE,Ngân hàng TMCP Đông Nam Á,SIGNAL_UNAVAILABLE,,PROVISIONAL_CURRENT_UNIVERSE,[],CURRENT_500,,NO,PARTIAL_IDENTITY_UNRESOLVED,163,40.0,NORMAL
KBS:HOSE:SSC,SSC,HOSE,CTCP Giống cây trồng Miền Nam,SIGNAL_UNAVAILABLE,,PROVISIONAL_CURRENT_UNIVERSE,[],CURRENT_500,,NO,PARTIAL_IDENTITY_UNRESOLVED,164,40.0,NORMAL
KBS:HOSE:SVC,SVC,HOSE,CTCP Dịch vụ Tổng hợp Sài Gòn,SIGNAL_UNAVAILABLE,,PROVISIONAL_CURRENT_UNIVERSE,[],CURRENT_500,,NO,PARTIAL_IDENTITY_UNRESOLVED,165,40.0,NORMAL
KBS:HOSE:SVT,SVT,HOSE,CTCP Công nghệ Sài Gòn Viễn Đông,SIGNAL_UNAVAILABLE,,PROVISIONAL_CURRENT_UNIVERSE,[],CURRENT_500,,NO,PARTIAL_IDENTITY_UNRESOLVED,166,40.0,NORMAL
KBS:HOSE:SZC,SZC,HOSE,CTCP Sonadezi Châu Đức,SIGNAL_UNAVAILABLE,,PROVISIONAL_CURRENT_UNIVERSE,[],CURRENT_500,,NO,PARTIAL_IDENTITY_UNRESOLVED,167,40.0,NORMAL
KBS:HOSE:TCB,TCB,HOSE,Ngân hàng TMCP Kỹ thương Việt Nam,SIGNAL_UNAVAILABLE,,PROVISIONAL_CURRENT_UNIVERSE,[],CURRENT_500,,NO,PARTIAL_IDENTITY_UNRESOLVED,168,40.0,NORMAL
KBS:HOSE:TCL,TCL,HOSE,CTCP Đại lý Giao nhận Vận tải Xếp dỡ Tân Cảng,SIGNAL_UNAVAILABLE,,PROVISIONAL_CURRENT_UNIVERSE,[],CURRENT_500,,NO,PARTIAL_IDENTITY_UNRESOLVED,169,40.0,NORMAL
KBS:HOSE:TCR,TCR,HOSE,CTCP Công nghiệp Gốm sứ Taicera,SIGNAL_UNAVAILABLE,,PROVISIONAL_CURRENT_UNIVERSE,[],CURRENT_500,,NO,PARTIAL_IDENTITY_UNRESOLVED,170,40.0,NORMAL
KBS:HOSE:TDP,TDP,HOSE,CTCP Thuận Đức,SIGNAL_UNAVAILABLE,,PROVISIONAL_CURRENT_UNIVERSE,[],CURRENT_500,,NO,PARTIAL_IDENTITY_UNRESOLVED,171,40.0,NORMAL
KBS:HOSE:THG,THG,HOSE,CTCP Đầu tư và Xây dựng Tiền Giang,SIGNAL_UNAVAILABLE,,PROVISIONAL_CURRENT_UNIVERSE,[],CURRENT_500,,NO,PARTIAL_IDENTITY_UNRESOLVED,172,40.0,NORMAL
KBS:HOSE:TIX,TIX,HOSE,CTCP Sản xuất Kinh doanh Xuất nhập khẩu Dịch vụ và Đầu tư Tân Bình,SIGNAL_UNAVAILABLE,,PROVISIONAL_CURRENT_UNIVERSE,[],CURRENT_500,,NO,PARTIAL_IDENTITY_UNRESOLVED,173,40.0,NORMAL
KBS:HOSE:TMT,TMT,HOSE,CTCP Ô tô TMT,SIGNAL_UNAVAILABLE,,PROVISIONAL_CURRENT_UNIVERSE,[],CURRENT_500,,NO,PARTIAL_IDENTITY_UNRESOLVED,174,40.0,NORMAL
KBS:HOSE:TN1,TN1,HOSE,CTCP Rox Key Holdings,SIGNAL_UNAVAILABLE,,PROVISIONAL_CURRENT_UNIVERSE,[],CURRENT_500,,NO,PARTIAL_IDENTITY_UNRESOLVED,175,40.0,NORMAL
KBS:HOSE:TNH,TNH,HOSE,CTCP Tập đoàn Bệnh viện TNH,SIGNAL_UNAVAILABLE,,PROVISIONAL_CURRENT_UNIVERSE,[],CURRENT_500,,NO,PARTIAL_IDENTITY_UNRESOLVED,176,40.0,NORMAL
KBS:HOSE:TNI,TNI,HOSE,CTCP Tập đoàn Thành Nam,SIGNAL_UNAVAILABLE,,PROVISIONAL_CURRENT_UNIVERSE,[],CURRENT_500,,NO,PARTIAL_IDENTITY_UNRESOLVED,177,40.0,NORMAL
KBS:HOSE:TNT,TNT,HOSE,CTCP Tập đoàn TNT,SIGNAL_UNAVAILABLE,,PROVISIONAL_CURRENT_UNIVERSE,[],CURRENT_500,,NO,PARTIAL_IDENTITY_UNRESOLVED,178,40.0,NORMAL
KBS:HOSE:TPB,TPB,HOSE,Ngân hàng TMCP Tiên Phong,SIGNAL_UNAVAILABLE,,PROVISIONAL_CURRENT_UNIVERSE,[],CURRENT_500,,NO,PARTIAL_IDENTITY_UNRESOLVED,179,40.0,NORMAL
KBS:HOSE:TRC,TRC,HOSE,CTCP Cao su Tây Ninh,SIGNAL_UNAVAILABLE,,PROVISIONAL_CURRENT_UNIVERSE,[],CURRENT_500,,NO,PARTIAL_IDENTITY_UNRESOLVED,180,40.0,NORMAL
KBS:HOSE:TV2,TV2,HOSE,CTCP Tư vấn Xây dựng Điện 2,SIGNAL_UNAVAILABLE,,PROVISIONAL_CURRENT_UNIVERSE,[],CURRENT_500,,NO,PARTIAL_IDENTITY_UNRESOLVED,181,40.0,NORMAL
KBS:HOSE:TVS,TVS,HOSE,CTCP Chứng khoán Thiên Việt,SIGNAL_UNAVAILABLE,,PROVISIONAL_CURRENT_UNIVERSE,[],CURRENT_500,,NO,PARTIAL_IDENTITY_UNRESOLVED,182,40.0,NORMAL
KBS:HOSE:TVT,TVT,HOSE,Tổng Công ty Việt Thắng - CTCP,SIGNAL_UNAVAILABLE,,PROVISIONAL_CURRENT_UNIVERSE,[],CURRENT_500,,NO,PARTIAL_IDENTITY_UNRESOLVED,183,40.0,NORMAL
KBS:HOSE:UIC,UIC,HOSE,CTCP Đầu tư Phát triển Nhà và Đô thị IDICO,SIGNAL_UNAVAILABLE,,PROVISIONAL_CURRENT_UNIVERSE,[],CURRENT_500,,NO,PARTIAL_IDENTITY_UNRESOLVED,184,40.0,NORMAL
KBS:HOSE:VAB,VAB,HOSE,Ngân hàng TMCP Việt Á,SIGNAL_UNAVAILABLE,,PROVISIONAL_CURRENT_UNIVERSE,[],CURRENT_500,,NO,PARTIAL_IDENTITY_UNRESOLVED,185,40.0,NORMAL
KBS:HOSE:VDS,VDS,HOSE,CTCP Chứng khoán Rồng Việt,SIGNAL_UNAVAILABLE,,PROVISIONAL_CURRENT_UNIVERSE,[],CURRENT_500,,NO,PARTIAL_IDENTITY_UNRESOLVED,186,40.0,NORMAL
KBS:HOSE:VFG,VFG,HOSE,CTCP Khử trùng Việt Nam,SIGNAL_UNAVAILABLE,,PROVISIONAL_CURRENT_UNIVERSE,[],CURRENT_500,,NO,PARTIAL_IDENTITY_UNRESOLVED,187,40.0,NORMAL
KBS:HOSE:VGC,VGC,HOSE,Tổng Công ty Viglacera - CTCP,SIGNAL_UNAVAILABLE,,PROVISIONAL_CURRENT_UNIVERSE,[],CURRENT_500,,NO,PARTIAL_IDENTITY_UNRESOLVED,188,40.0,NORMAL
KBS:HOSE:VHM,VHM,HOSE,CTCP Vinhomes,SIGNAL_UNAVAILABLE,,PROVISIONAL_CURRENT_UNIVERSE,[],CURRENT_500,,NO,PARTIAL_IDENTITY_UNRESOLVED,189,40.0,NORMAL
KBS:HOSE:VID,VID,HOSE,CTCP Đầu tư Phát triển Thương mại Viễn Đông,SIGNAL_UNAVAILABLE,,PROVISIONAL_CURRENT_UNIVERSE,[],CURRENT_500,,NO,PARTIAL_IDENTITY_UNRESOLVED,190,40.0,NORMAL
KBS:HOSE:VIX,VIX,HOSE,CTCP Chứng khoán VIX,SIGNAL_UNAVAILABLE,,PROVISIONAL_CURRENT_UNIVERSE,[],CURRENT_500,,NO,PARTIAL_IDENTITY_UNRESOLVED,191,40.0,NORMAL
KBS:HOSE:VJC,VJC,HOSE,CTCP Hàng không Vietjet,SIGNAL_UNAVAILABLE,,PROVISIONAL_CURRENT_UNIVERSE,[],CURRENT_500,,NO,PARTIAL_IDENTITY_UNRESOLVED,192,40.0,NORMAL
KBS:HOSE:VMD,VMD,HOSE,CTCP Y Dược phẩm Vimedimex,SIGNAL_UNAVAILABLE,,PROVISIONAL_CURRENT_UNIVERSE,[],CURRENT_500,,NO,PARTIAL_IDENTITY_UNRESOLVED,193,40.0,NORMAL
KBS:HOSE:VND,VND,HOSE,CTCP Chứng khoán VNDIRECT,SIGNAL_UNAVAILABLE,,PROVISIONAL_CURRENT_UNIVERSE,[],CURRENT_500,,NO,PARTIAL_IDENTITY_UNRESOLVED,194,40.0,NORMAL
KBS:HOSE:VPG,VPG,HOSE,CTCP Đầu tư Thương mại Xuất nhập khẩu Việt Phát,SIGNAL_UNAVAILABLE,,PROVISIONAL_CURRENT_UNIVERSE,[],CURRENT_500,,NO,PARTIAL_IDENTITY_UNRESOLVED,195,40.0,NORMAL
KBS:HOSE:VSI,VSI,HOSE,CTCP Đầu tư và Xây dựng Cấp thoát nước,SIGNAL_UNAVAILABLE,,PROVISIONAL_CURRENT_UNIVERSE,[],CURRENT_500,,NO,PARTIAL_IDENTITY_UNRESOLVED,196,40.0,NORMAL
KBS:HOSE:VVS,VVS,HOSE,CTCP Đầu tư phát triển máy Việt Nam,SIGNAL_UNAVAILABLE,,PROVISIONAL_CURRENT_UNIVERSE,[],CURRENT_500,,NO,PARTIAL_IDENTITY_UNRESOLVED,197,40.0,NORMAL
KBS:UPCOM:DDH,DDH,UPCOM,CTCP Đảm bảo Giao thông Đường thủy Hải Phòng,SIGNAL_UNAVAILABLE,,PROVISIONAL_CURRENT_UNIVERSE,[],CURRENT_500,KNOWN_KBS_MISSING_SESSION;PROVIDER_HISTORY_BOUNDARY_CASE,YES,PARTIAL_IDENTITY_UNRESOLVED,198,32.5,NORMAL
KBS:UPCOM:HLS,HLS,UPCOM,CTCP Sứ Kỹ thuật Hoàng Liên Sơn,SIGNAL_UNAVAILABLE,,PROVISIONAL_CURRENT_UNIVERSE,[],CURRENT_500,KNOWN_KBS_MISSING_SESSION;PROVIDER_HISTORY_BOUNDARY_CASE,YES,PARTIAL_IDENTITY_UNRESOLVED,199,32.5,NORMAL
KBS:UPCOM:POM,POM,UPCOM,CTCP Thép Pomina,SIGNAL_UNAVAILABLE,,PROVISIONAL_CURRENT_UNIVERSE,[],CURRENT_500,KNOWN_KBS_MISSING_SESSION;PROVIDER_HISTORY_BOUNDARY_CASE,YES,PARTIAL_IDENTITY_UNRESOLVED,200,32.5,NORMAL
KBS:UPCOM:SGB,SGB,UPCOM,Ngân hàng TMCP Sài Gòn Công Thương,SIGNAL_UNAVAILABLE,,PROVISIONAL_CURRENT_UNIVERSE,[],CURRENT_500,KNOWN_KBS_MISSING_SESSION;PROVIDER_HISTORY_BOUNDARY_CASE,YES,PARTIAL_IDENTITY_UNRESOLVED,201,32.5,NORMAL
KBS:UPCOM:UDC,UDC,UPCOM,CTCP Đầu tư Xây dựng UDCons,SIGNAL_UNAVAILABLE,,PROVISIONAL_CURRENT_UNIVERSE,[],CURRENT_500,CORPORATE_ACTION_WINDOW;KNOWN_KBS_MISSING_SESSION;KNOWN_PRICE_BASIS_DIFFERENCE,YES,PARTIAL_IDENTITY_UNRESOLVED,202,32.5,NORMAL
KBS:UPCOM:VNZ,VNZ,UPCOM,CTCP Tập đoàn VNG,SIGNAL_UNAVAILABLE,,PROVISIONAL_CURRENT_UNIVERSE,[],CURRENT_500,KNOWN_KBS_MISSING_SESSION;PROVIDER_HISTORY_BOUNDARY_CASE,YES,PARTIAL_IDENTITY_UNRESOLVED,203,32.5,NORMAL
KBS:HNX:ADC,ADC,HNX,CTCP Mỹ thuật và Truyền thông,SIGNAL_UNAVAILABLE,,PROVISIONAL_CURRENT_UNIVERSE,[],CURRENT_500,,NO,PARTIAL_IDENTITY_UNRESOLVED,204,30.0,NORMAL
KBS:HNX:AMC,AMC,HNX,CTCP Khoáng sản Á Châu,SIGNAL_UNAVAILABLE,,PROVISIONAL_CURRENT_UNIVERSE,[],CURRENT_500,,NO,PARTIAL_IDENTITY_UNRESOLVED,205,30.0,NORMAL
KBS:HNX:AME,AME,HNX,CTCP Alphanam E&C,SIGNAL_UNAVAILABLE,,PROVISIONAL_CURRENT_UNIVERSE,[],CURRENT_500,,NO,PARTIAL_IDENTITY_UNRESOLVED,206,30.0,NORMAL
KBS:HNX:AMV,AMV,HNX,CTCP Sản xuất Kinh doanh Dược và Trang thiết bị Y tế Việt Mỹ,SIGNAL_UNAVAILABLE,,PROVISIONAL_CURRENT_UNIVERSE,[],CURRENT_500,,NO,PARTIAL_IDENTITY_UNRESOLVED,207,30.0,NORMAL
KBS:HNX:APS,APS,HNX,CTCP Chứng khoán Châu Á Thái Bình Dương,SIGNAL_UNAVAILABLE,,PROVISIONAL_CURRENT_UNIVERSE,[],CURRENT_500,,NO,PARTIAL_IDENTITY_UNRESOLVED,208,30.0,NORMAL
KBS:HNX:ATS,ATS,HNX,CTCP Tập đoàn Đầu tư ATS,SIGNAL_UNAVAILABLE,,PROVISIONAL_CURRENT_UNIVERSE,[],CURRENT_500,,NO,PARTIAL_IDENTITY_UNRESOLVED,209,30.0,NORMAL
KBS:HNX:BAB,BAB,HNX,Ngân hàng TMCP Bắc Á,SIGNAL_UNAVAILABLE,,PROVISIONAL_CURRENT_UNIVERSE,[],CURRENT_500,,NO,PARTIAL_IDENTITY_UNRESOLVED,210,30.0,NORMAL
KBS:HNX:BAX,BAX,HNX,CTCP Thống Nhất,SIGNAL_UNAVAILABLE,,PROVISIONAL_CURRENT_UNIVERSE,[],CURRENT_500,,NO,PARTIAL_IDENTITY_UNRESOLVED,211,30.0,NORMAL
KBS:HNX:BBS,BBS,HNX,CTCP VICEM Bao bì Bút Sơn,SIGNAL_UNAVAILABLE,,PROVISIONAL_CURRENT_UNIVERSE,[],CURRENT_500,,NO,PARTIAL_IDENTITY_UNRESOLVED,212,30.0,NORMAL
KBS:HNX:BCF,BCF,HNX,CTCP Thực phẩm Bích Chi,SIGNAL_UNAVAILABLE,,PROVISIONAL_CURRENT_UNIVERSE,[],CURRENT_500,,NO,PARTIAL_IDENTITY_UNRESOLVED,213,30.0,NORMAL
KBS:HNX:BPC,BPC,HNX,CTCP VICEM Bao bì Bỉm Sơn,SIGNAL_UNAVAILABLE,,PROVISIONAL_CURRENT_UNIVERSE,[],CURRENT_500,,NO,PARTIAL_IDENTITY_UNRESOLVED,214,30.0,NORMAL
KBS:HNX:BTS,BTS,HNX,CTCP Xi măng VICEM Bút Sơn,SIGNAL_UNAVAILABLE,,PROVISIONAL_CURRENT_UNIVERSE,[],CURRENT_500,,NO,PARTIAL_IDENTITY_UNRESOLVED,215,30.0,NORMAL
KBS:HNX:BTW,BTW,HNX,CTCP Cấp nước Bến Thành,SIGNAL_UNAVAILABLE,,PROVISIONAL_CURRENT_UNIVERSE,[],CURRENT_500,,NO,PARTIAL_IDENTITY_UNRESOLVED,216,30.0,NORMAL
KBS:HNX:CAG,CAG,HNX,CTCP Cảng An Giang,SIGNAL_UNAVAILABLE,,PROVISIONAL_CURRENT_UNIVERSE,[],CURRENT_500,,NO,PARTIAL_IDENTITY_UNRESOLVED,217,30.0,NORMAL
KBS:HNX:CAP,CAP,HNX,CTCP Lâm Nông sản Thực phẩm Yên Bái,SIGNAL_UNAVAILABLE,,PROVISIONAL_CURRENT_UNIVERSE,[],CURRENT_500,,NO,PARTIAL_IDENTITY_UNRESOLVED,218,30.0,NORMAL
KBS:HNX:CAR,CAR,HNX,CTCP Tập đoàn Giáo dục Trí Việt,SIGNAL_UNAVAILABLE,,PROVISIONAL_CURRENT_UNIVERSE,[],CURRENT_500,,NO,PARTIAL_IDENTITY_UNRESOLVED,219,30.0,NORMAL
KBS:HNX:CDN,CDN,HNX,CTCP Cảng Đà Nẵng,SIGNAL_UNAVAILABLE,,PROVISIONAL_CURRENT_UNIVERSE,[],CURRENT_500,,NO,PARTIAL_IDENTITY_UNRESOLVED,220,30.0,NORMAL
KBS:HNX:CEO,CEO,HNX,CTCP Tập đoàn C.E.O,SIGNAL_UNAVAILABLE,,PROVISIONAL_CURRENT_UNIVERSE,[],CURRENT_500,,NO,PARTIAL_IDENTITY_UNRESOLVED,221,30.0,NORMAL
KBS:HNX:CET,CET,HNX,CTCP HTC Holding,SIGNAL_UNAVAILABLE,,PROVISIONAL_CURRENT_UNIVERSE,[],CURRENT_500,,NO,PARTIAL_IDENTITY_UNRESOLVED,222,30.0,NORMAL
KBS:HNX:CLH,CLH,HNX,CTCP Xi măng La Hiên VVMI,SIGNAL_UNAVAILABLE,,PROVISIONAL_CURRENT_UNIVERSE,[],CURRENT_500,,NO,PARTIAL_IDENTITY_UNRESOLVED,223,30.0,NORMAL
KBS:HNX:CMC,CMC,HNX,CTCP Đầu tư CMC,SIGNAL_UNAVAILABLE,,PROVISIONAL_CURRENT_UNIVERSE,[],CURRENT_500,,NO,PARTIAL_IDENTITY_UNRESOLVED,224,30.0,NORMAL
KBS:HNX:CTT,CTT,HNX,CTCP Chế tạo Máy - Vinacomin,SIGNAL_UNAVAILABLE,,PROVISIONAL_CURRENT_UNIVERSE,[],CURRENT_500,,NO,PARTIAL_IDENTITY_UNRESOLVED,225,30.0,NORMAL
KBS:HNX:DC2,DC2,HNX,CTCP Đầu tư Phát triển - Xây dựng (DIC) số 2,SIGNAL_UNAVAILABLE,,PROVISIONAL_CURRENT_UNIVERSE,[],CURRENT_500,,NO,PARTIAL_IDENTITY_UNRESOLVED,226,30.0,NORMAL
KBS:HNX:DNC,DNC,HNX,CTCP Điện Nước Lắp máy Hải Phòng,SIGNAL_UNAVAILABLE,,PROVISIONAL_CURRENT_UNIVERSE,[],CURRENT_500,,NO,PARTIAL_IDENTITY_UNRESOLVED,227,30.0,NORMAL
KBS:HNX:DS3,DS3,HNX,CTCP DS3,SIGNAL_UNAVAILABLE,,PROVISIONAL_CURRENT_UNIVERSE,[],CURRENT_500,,NO,PARTIAL_IDENTITY_UNRESOLVED,228,30.0,NORMAL
KBS:HNX:EBS,EBS,HNX,CTCP Sách Giáo dục tại Thành phố Hà Nội,SIGNAL_UNAVAILABLE,,PROVISIONAL_CURRENT_UNIVERSE,[],CURRENT_500,,NO,PARTIAL_IDENTITY_UNRESOLVED,229,30.0,NORMAL
KBS:HNX:EVS,EVS,HNX,CTCP Chứng khoán EVS,SIGNAL_UNAVAILABLE,,PROVISIONAL_CURRENT_UNIVERSE,[],CURRENT_500,,NO,PARTIAL_IDENTITY_UNRESOLVED,230,30.0,NORMAL
KBS:HNX:FID,FID,HNX,CTCP Đầu tư và Phát triển Doanh nghiệp Việt Nam,SIGNAL_UNAVAILABLE,,PROVISIONAL_CURRENT_UNIVERSE,[],CURRENT_500,,NO,PARTIAL_IDENTITY_UNRESOLVED,231,30.0,NORMAL
KBS:HNX:GDW,GDW,HNX,CTCP Cấp nước Gia Định,SIGNAL_UNAVAILABLE,,PROVISIONAL_CURRENT_UNIVERSE,[],CURRENT_500,,NO,PARTIAL_IDENTITY_UNRESOLVED,232,30.0,NORMAL
KBS:HNX:HAD,HAD,HNX,CTCP Bia Hà Nội - Hải Dương,SIGNAL_UNAVAILABLE,,PROVISIONAL_CURRENT_UNIVERSE,[],CURRENT_500,,NO,PARTIAL_IDENTITY_UNRESOLVED,233,30.0,NORMAL
KBS:HNX:HDA,HDA,HNX,CTCP Hãng sơn Đông Á,SIGNAL_UNAVAILABLE,,PROVISIONAL_CURRENT_UNIVERSE,[],CURRENT_500,,NO,PARTIAL_IDENTITY_UNRESOLVED,234,30.0,NORMAL
KBS:HNX:HJS,HJS,HNX,CTCP Thủy điện Nậm Mu,SIGNAL_UNAVAILABLE,,PROVISIONAL_CURRENT_UNIVERSE,[],CURRENT_500,,NO,PARTIAL_IDENTITY_UNRESOLVED,235,30.0,NORMAL
KBS:HNX:HLC,HLC,HNX,CTCP Than Hà Lầm - Vinacomin,SIGNAL_UNAVAILABLE,,PROVISIONAL_CURRENT_UNIVERSE,[],CURRENT_500,,NO,PARTIAL_IDENTITY_UNRESOLVED,236,30.0,NORMAL
KBS:HNX:HLD,HLD,HNX,CTCP Đầu tư và Phát triển Bất động sản Hudland,SIGNAL_UNAVAILABLE,,PROVISIONAL_CURRENT_UNIVERSE,[],CURRENT_500,,NO,PARTIAL_IDENTITY_UNRESOLVED,237,30.0,NORMAL
KBS:HNX:HMH,HMH,HNX,CTCP Hải Minh,SIGNAL_UNAVAILABLE,,PROVISIONAL_CURRENT_UNIVERSE,[],CURRENT_500,,NO,PARTIAL_IDENTITY_UNRESOLVED,238,30.0,NORMAL
KBS:HNX:HMR,HMR,HNX,CTCP Đá Hoàng Mai,SIGNAL_UNAVAILABLE,,PROVISIONAL_CURRENT_UNIVERSE,[],CURRENT_500,,NO,PARTIAL_IDENTITY_UNRESOLVED,239,30.0,NORMAL
KBS:HNX:INN,INN,HNX,CTCP Bao bì và In Nông nghiệp,SIGNAL_UNAVAILABLE,,PROVISIONAL_CURRENT_UNIVERSE,[],CURRENT_500,,NO,PARTIAL_IDENTITY_UNRESOLVED,240,30.0,NORMAL
KBS:HNX:IPA,IPA,HNX,CTCP Tập đoàn Đầu tư I.P.A,SIGNAL_UNAVAILABLE,,PROVISIONAL_CURRENT_UNIVERSE,[],CURRENT_500,,NO,PARTIAL_IDENTITY_UNRESOLVED,241,30.0,NORMAL
KBS:HNX:KHS,KHS,HNX,CTCP Kiên Hùng,SIGNAL_UNAVAILABLE,,PROVISIONAL_CURRENT_UNIVERSE,[],CURRENT_500,,NO,PARTIAL_IDENTITY_UNRESOLVED,242,30.0,NORMAL
KBS:HNX:KKC,KKC,HNX,CTCP Tập Đoàn Thành Thái,SIGNAL_UNAVAILABLE,,PROVISIONAL_CURRENT_UNIVERSE,[],CURRENT_500,,NO,PARTIAL_IDENTITY_UNRESOLVED,243,30.0,NORMAL
KBS:HNX:KSD,KSD,HNX,CTCP Đầu tư DNA,SIGNAL_UNAVAILABLE,,PROVISIONAL_CURRENT_UNIVERSE,[],CURRENT_500,,NO,PARTIAL_IDENTITY_UNRESOLVED,244,30.0,NORMAL
KBS:HNX:KST,KST,HNX,CTCP KASATI,SIGNAL_UNAVAILABLE,,PROVISIONAL_CURRENT_UNIVERSE,[],CURRENT_500,,NO,PARTIAL_IDENTITY_UNRESOLVED,245,30.0,NORMAL
KBS:HNX:KTS,KTS,HNX,CTCP Đường Kon Tum,SIGNAL_UNAVAILABLE,,PROVISIONAL_CURRENT_UNIVERSE,[],CURRENT_500,,NO,PARTIAL_IDENTITY_UNRESOLVED,246,30.0,NORMAL
KBS:HNX:L18,L18,HNX,CTCP Đầu tư và Xây dựng Số 18,SIGNAL_UNAVAILABLE,,PROVISIONAL_CURRENT_UNIVERSE,[],CURRENT_500,,NO,PARTIAL_IDENTITY_UNRESOLVED,247,30.0,NORMAL
KBS:HNX:LDP,LDP,HNX,CTCP Dược Lâm Đồng (Ladophar),SIGNAL_UNAVAILABLE,,PROVISIONAL_CURRENT_UNIVERSE,[],CURRENT_500,,NO,PARTIAL_IDENTITY_UNRESOLVED,248,30.0,NORMAL
KBS:HNX:MAC,MAC,HNX,CTCP Tập đoàn Macstar,SIGNAL_UNAVAILABLE,,PROVISIONAL_CURRENT_UNIVERSE,[],CURRENT_500,,NO,PARTIAL_IDENTITY_UNRESOLVED,249,30.0,NORMAL
KBS:HNX:MAS,MAS,HNX,CTCP Dịch vụ Hàng không Sân bay Đà Nẵng,SIGNAL_UNAVAILABLE,,PROVISIONAL_CURRENT_UNIVERSE,[],CURRENT_500,,NO,PARTIAL_IDENTITY_UNRESOLVED,250,30.0,NORMAL
KBS:HNX:MCO,MCO,HNX,CTCP Đầu tư và Xây dựng BDC Việt Nam,SIGNAL_UNAVAILABLE,,PROVISIONAL_CURRENT_UNIVERSE,[],CURRENT_500,,NO,PARTIAL_IDENTITY_UNRESOLVED,251,30.0,NORMAL
KBS:HNX:MDC,MDC,HNX,CTCP Than Mông Dương - Vinacomin,SIGNAL_UNAVAILABLE,,PROVISIONAL_CURRENT_UNIVERSE,[],CURRENT_500,,NO,PARTIAL_IDENTITY_UNRESOLVED,252,30.0,NORMAL
KBS:HNX:MIC,MIC,HNX,CTCP Kỹ nghệ Khoáng sản Quảng Nam,SIGNAL_UNAVAILABLE,,PROVISIONAL_CURRENT_UNIVERSE,[],CURRENT_500,,NO,PARTIAL_IDENTITY_UNRESOLVED,253,30.0,NORMAL
KBS:HNX:MKV,MKV,HNX,CTCP Dược thú Y Cai Lậy,SIGNAL_UNAVAILABLE,,PROVISIONAL_CURRENT_UNIVERSE,[],CURRENT_500,,NO,PARTIAL_IDENTITY_UNRESOLVED,254,30.0,NORMAL
KBS:HNX:MVB,MVB,HNX,Tổng Công ty Công nghiệp mỏ Việt Bắc TKV - CTCP,SIGNAL_UNAVAILABLE,,PROVISIONAL_CURRENT_UNIVERSE,[],CURRENT_500,,NO,PARTIAL_IDENTITY_UNRESOLVED,255,30.0,NORMAL
KBS:HNX:NSH,NSH,HNX,CTCP Tập Đoàn Nhôm Sông Hồng Shalumi,SIGNAL_UNAVAILABLE,,PROVISIONAL_CURRENT_UNIVERSE,[],CURRENT_500,,NO,PARTIAL_IDENTITY_UNRESOLVED,256,30.0,NORMAL
KBS:HNX:NST,NST,HNX,CTCP Ngân Sơn,SIGNAL_UNAVAILABLE,,PROVISIONAL_CURRENT_UNIVERSE,[],CURRENT_500,,NO,PARTIAL_IDENTITY_UNRESOLVED,257,30.0,NORMAL
KBS:HNX:NTH,NTH,HNX,CTCP Thủy điện Nước Trong,SIGNAL_UNAVAILABLE,,PROVISIONAL_CURRENT_UNIVERSE,[],CURRENT_500,,NO,PARTIAL_IDENTITY_UNRESOLVED,258,30.0,NORMAL
KBS:HNX:ONE,ONE,HNX,CTCP Công nghệ One,SIGNAL_UNAVAILABLE,,PROVISIONAL_CURRENT_UNIVERSE,[],CURRENT_500,,NO,PARTIAL_IDENTITY_UNRESOLVED,259,30.0,NORMAL
KBS:HNX:PBP,PBP,HNX,CTCP Bao bì Dầu khí Việt Nam,SIGNAL_UNAVAILABLE,,PROVISIONAL_CURRENT_UNIVERSE,[],CURRENT_500,,NO,PARTIAL_IDENTITY_UNRESOLVED,260,30.0,NORMAL
KBS:HNX:PCE,PCE,HNX,CTCP Phân bón và Hóa chất Dầu khí Miền Trung,SIGNAL_UNAVAILABLE,,PROVISIONAL_CURRENT_UNIVERSE,[],CURRENT_500,,NO,PARTIAL_IDENTITY_UNRESOLVED,261,30.0,NORMAL
KBS:HNX:PCH,PCH,HNX,CTCP Picomat Holding,SIGNAL_UNAVAILABLE,,PROVISIONAL_CURRENT_UNIVERSE,[],CURRENT_500,,NO,PARTIAL_IDENTITY_UNRESOLVED,262,30.0,NORMAL
KBS:HNX:PGS,PGS,HNX,CTCP Kinh doanh Khí Miền Nam,SIGNAL_UNAVAILABLE,,PROVISIONAL_CURRENT_UNIVERSE,[],CURRENT_500,,NO,PARTIAL_IDENTITY_UNRESOLVED,263,30.0,NORMAL
KBS:HNX:PHN,PHN,HNX,CTCP Pin Hà Nội,SIGNAL_UNAVAILABLE,,PROVISIONAL_CURRENT_UNIVERSE,[],CURRENT_500,,NO,PARTIAL_IDENTITY_UNRESOLVED,264,30.0,NORMAL
KBS:HNX:PIA,PIA,HNX,CTCP Tin học Viễn thông Petrolimex,SIGNAL_UNAVAILABLE,,PROVISIONAL_CURRENT_UNIVERSE,[],CURRENT_500,,NO,PARTIAL_IDENTITY_UNRESOLVED,265,30.0,NORMAL
KBS:HNX:PIC,PIC,HNX,CTCP Đầu tư Điện lực 3,SIGNAL_UNAVAILABLE,,PROVISIONAL_CURRENT_UNIVERSE,[],CURRENT_500,,NO,PARTIAL_IDENTITY_UNRESOLVED,266,30.0,NORMAL
KBS:HNX:PMB,PMB,HNX,CTCP Phân bón và Hóa chất Dầu khí Miền Bắc,SIGNAL_UNAVAILABLE,,PROVISIONAL_CURRENT_UNIVERSE,[],CURRENT_500,,NO,PARTIAL_IDENTITY_UNRESOLVED,267,30.0,NORMAL
KBS:HNX:PPE,PPE,HNX,CTCP Tư vấn đầu tư PP Enterprise,SIGNAL_UNAVAILABLE,,PROVISIONAL_CURRENT_UNIVERSE,[],CURRENT_500,,NO,PARTIAL_IDENTITY_UNRESOLVED,268,30.0,NORMAL
KBS:HNX:PPP,PPP,HNX,CTCP Dược phẩm Phong Phú,SIGNAL_UNAVAILABLE,,PROVISIONAL_CURRENT_UNIVERSE,[],CURRENT_500,,NO,PARTIAL_IDENTITY_UNRESOLVED,269,30.0,NORMAL
KBS:HNX:PRC,PRC,HNX,CTCP Logistics Portserco,SIGNAL_UNAVAILABLE,,PROVISIONAL_CURRENT_UNIVERSE,[],CURRENT_500,,NO,PARTIAL_IDENTITY_UNRESOLVED,270,30.0,NORMAL
KBS:HNX:PSD,PSD,HNX,CTCP Dịch vụ Phân phối Tổng hợp Dầu khí,SIGNAL_UNAVAILABLE,,PROVISIONAL_CURRENT_UNIVERSE,[],CURRENT_500,,NO,PARTIAL_IDENTITY_UNRESOLVED,271,30.0,NORMAL
KBS:HNX:PSI,PSI,HNX,CTCP Chứng khoán Dầu khí,SIGNAL_UNAVAILABLE,,PROVISIONAL_CURRENT_UNIVERSE,[],CURRENT_500,,NO,PARTIAL_IDENTITY_UNRESOLVED,272,30.0,NORMAL
KBS:HNX:PTD,PTD,HNX,CTCP Thiết kế Xây dựng Thương mại Phúc Thịnh,SIGNAL_UNAVAILABLE,,PROVISIONAL_CURRENT_UNIVERSE,[],CURRENT_500,,NO,PARTIAL_IDENTITY_UNRESOLVED,273,30.0,NORMAL
KBS:HNX:PV2,PV2,HNX,CTCP Genea Capital,SIGNAL_UNAVAILABLE,,PROVISIONAL_CURRENT_UNIVERSE,[],CURRENT_500,,NO,PARTIAL_IDENTITY_UNRESOLVED,274,30.0,NORMAL
KBS:HNX:PVB,PVB,HNX,CTCP Bọc ống Dầu khí Việt Nam,SIGNAL_UNAVAILABLE,,PROVISIONAL_CURRENT_UNIVERSE,[],CURRENT_500,,NO,PARTIAL_IDENTITY_UNRESOLVED,275,30.0,NORMAL
KBS:HNX:PVG,PVG,HNX,CTCP Kinh doanh LPG Việt Nam,SIGNAL_UNAVAILABLE,,PROVISIONAL_CURRENT_UNIVERSE,[],CURRENT_500,,NO,PARTIAL_IDENTITY_UNRESOLVED,276,30.0,NORMAL
KBS:HNX:S55,S55,HNX,CTCP Sông Đà 505,SIGNAL_UNAVAILABLE,,PROVISIONAL_CURRENT_UNIVERSE,[],CURRENT_500,,NO,PARTIAL_IDENTITY_UNRESOLVED,277,30.0,NORMAL
KBS:HNX:S99,S99,HNX,CTCP SCI,SIGNAL_UNAVAILABLE,,PROVISIONAL_CURRENT_UNIVERSE,[],CURRENT_500,,NO,PARTIAL_IDENTITY_UNRESOLVED,278,30.0,NORMAL
KBS:HNX:SAF,SAF,HNX,CTCP Lương thực Thực phẩm Safoco,SIGNAL_UNAVAILABLE,,PROVISIONAL_CURRENT_UNIVERSE,[],CURRENT_500,,NO,PARTIAL_IDENTITY_UNRESOLVED,279,30.0,NORMAL
KBS:HNX:SD5,SD5,HNX,CTCP Sông Đà 5,SIGNAL_UNAVAILABLE,,PROVISIONAL_CURRENT_UNIVERSE,[],CURRENT_500,,NO,PARTIAL_IDENTITY_UNRESOLVED,280,30.0,NORMAL
KBS:HNX:SEB,SEB,HNX,CTCP Đầu tư và Phát triển Điện Miền Trung,SIGNAL_UNAVAILABLE,,PROVISIONAL_CURRENT_UNIVERSE,[],CURRENT_500,,NO,PARTIAL_IDENTITY_UNRESOLVED,281,30.0,NORMAL
KBS:HNX:SED,SED,HNX,CTCP Đầu tư và Phát triển Giáo dục Phương Nam,SIGNAL_UNAVAILABLE,,PROVISIONAL_CURRENT_UNIVERSE,[],CURRENT_500,,NO,PARTIAL_IDENTITY_UNRESOLVED,282,30.0,NORMAL
KBS:HNX:SGD,SGD,HNX,CTCP Sách Giáo dục tại Thành phố Hồ Chí Minh,SIGNAL_UNAVAILABLE,,PROVISIONAL_CURRENT_UNIVERSE,[],CURRENT_500,,NO,PARTIAL_IDENTITY_UNRESOLVED,283,30.0,NORMAL
KBS:HNX:SJE,SJE,HNX,CTCP Sông Đà 11,SIGNAL_UNAVAILABLE,,PROVISIONAL_CURRENT_UNIVERSE,[],CURRENT_500,,NO,PARTIAL_IDENTITY_UNRESOLVED,284,30.0,NORMAL
KBS:HNX:SLS,SLS,HNX,CTCP Mía Đường Sơn La,SIGNAL_UNAVAILABLE,,PROVISIONAL_CURRENT_UNIVERSE,[],CURRENT_500,,NO,PARTIAL_IDENTITY_UNRESOLVED,285,30.0,NORMAL
KBS:HNX:STP,STP,HNX,CTCP Công nghiệp Thương mại Sông Đà,SIGNAL_UNAVAILABLE,,PROVISIONAL_CURRENT_UNIVERSE,[],CURRENT_500,,NO,PARTIAL_IDENTITY_UNRESOLVED,286,30.0,NORMAL
KBS:HNX:SVN,SVN,HNX,CTCP Tập đoàn Vexilla Việt Nam,SIGNAL_UNAVAILABLE,,PROVISIONAL_CURRENT_UNIVERSE,[],CURRENT_500,,NO,PARTIAL_IDENTITY_UNRESOLVED,287,30.0,NORMAL
KBS:HNX:TDT,TDT,HNX,CTCP Đầu tư và Phát triển TDT,SIGNAL_UNAVAILABLE,,PROVISIONAL_CURRENT_UNIVERSE,[],CURRENT_500,,NO,PARTIAL_IDENTITY_UNRESOLVED,288,30.0,NORMAL
KBS:HNX:THT,THT,HNX,CTCP Than Hà Tu - Vinacomin,SIGNAL_UNAVAILABLE,,PROVISIONAL_CURRENT_UNIVERSE,[],CURRENT_500,,NO,PARTIAL_IDENTITY_UNRESOLVED,289,30.0,NORMAL
KBS:HNX:TIG,TIG,HNX,CTCP Tập đoàn Đầu tư Thăng Long,SIGNAL_UNAVAILABLE,,PROVISIONAL_CURRENT_UNIVERSE,[],CURRENT_500,,NO,PARTIAL_IDENTITY_UNRESOLVED,290,30.0,NORMAL
KBS:HNX:TKU,TKU,HNX,CTCP Công nghiệp Tung Kuang,SIGNAL_UNAVAILABLE,,PROVISIONAL_CURRENT_UNIVERSE,[],CURRENT_500,,NO,PARTIAL_IDENTITY_UNRESOLVED,291,30.0,NORMAL
KBS:HNX:TMX,TMX,HNX,CTCP VICEM Thương mại Xi măng,SIGNAL_UNAVAILABLE,,PROVISIONAL_CURRENT_UNIVERSE,[],CURRENT_500,,NO,PARTIAL_IDENTITY_UNRESOLVED,292,30.0,NORMAL
KBS:HNX:TTH,TTH,HNX,CTCP Thương mại và Dịch vụ Tiến Thành,SIGNAL_UNAVAILABLE,,PROVISIONAL_CURRENT_UNIVERSE,[],CURRENT_500,,NO,PARTIAL_IDENTITY_UNRESOLVED,293,30.0,NORMAL
KBS:HNX:TTT,TTT,HNX,CTCP Du lịch - Thương mại Tây Ninh,SIGNAL_UNAVAILABLE,,PROVISIONAL_CURRENT_UNIVERSE,[],CURRENT_500,,NO,PARTIAL_IDENTITY_UNRESOLVED,294,30.0,NORMAL
KBS:HNX:TV3,TV3,HNX,CTCP Tư vấn Xây dựng Điện 3,SIGNAL_UNAVAILABLE,,PROVISIONAL_CURRENT_UNIVERSE,[],CURRENT_500,,NO,PARTIAL_IDENTITY_UNRESOLVED,295,30.0,NORMAL
KBS:HNX:UNI,UNI,HNX,CTCP Đầu Tư Và Phát Triển Sao Mai Việt,SIGNAL_UNAVAILABLE,,PROVISIONAL_CURRENT_UNIVERSE,[],CURRENT_500,,NO,PARTIAL_IDENTITY_UNRESOLVED,296,30.0,NORMAL
KBS:HNX:V12,V12,HNX,CTCP Xây dựng Số 12,SIGNAL_UNAVAILABLE,,PROVISIONAL_CURRENT_UNIVERSE,[],CURRENT_500,,NO,PARTIAL_IDENTITY_UNRESOLVED,297,30.0,NORMAL
KBS:HNX:V21,V21,HNX,CTCP Vinaconex 21,SIGNAL_UNAVAILABLE,,PROVISIONAL_CURRENT_UNIVERSE,[],CURRENT_500,,NO,PARTIAL_IDENTITY_UNRESOLVED,298,30.0,NORMAL
KBS:HNX:VC7,VC7,HNX,CTCP Tập đoàn BGI,SIGNAL_UNAVAILABLE,,PROVISIONAL_CURRENT_UNIVERSE,[],CURRENT_500,,NO,PARTIAL_IDENTITY_UNRESOLVED,299,30.0,NORMAL
KBS:HNX:VC9,VC9,HNX,CTCP Xây dựng số 9 - VC9,SIGNAL_UNAVAILABLE,,PROVISIONAL_CURRENT_UNIVERSE,[],CURRENT_500,,NO,PARTIAL_IDENTITY_UNRESOLVED,300,30.0,NORMAL
KBS:HNX:VE3,VE3,HNX,CTCP Xây dựng Điện VNECO 3,SIGNAL_UNAVAILABLE,,PROVISIONAL_CURRENT_UNIVERSE,[],CURRENT_500,,NO,PARTIAL_IDENTITY_UNRESOLVED,301,30.0,NORMAL
KBS:HNX:VFS,VFS,HNX,CTCP Chứng khoán Nhất Việt,SIGNAL_UNAVAILABLE,,PROVISIONAL_CURRENT_UNIVERSE,[],CURRENT_500,,NO,PARTIAL_IDENTITY_UNRESOLVED,302,30.0,NORMAL
KBS:HNX:VGP,VGP,HNX,CTCP Cảng Rau Quả,SIGNAL_UNAVAILABLE,,PROVISIONAL_CURRENT_UNIVERSE,[],CURRENT_500,,NO,PARTIAL_IDENTITY_UNRESOLVED,303,30.0,NORMAL
KBS:HNX:VHE,VHE,HNX,CTCP Dược liệu và Thực phẩm Việt Nam,SIGNAL_UNAVAILABLE,,PROVISIONAL_CURRENT_UNIVERSE,[],CURRENT_500,,NO,PARTIAL_IDENTITY_UNRESOLVED,304,30.0,NORMAL
KBS:HNX:VIG,VIG,HNX,CTCP Chứng khoán Đầu tư tài chính Việt Nam,SIGNAL_UNAVAILABLE,,PROVISIONAL_CURRENT_UNIVERSE,[],CURRENT_500,,NO,PARTIAL_IDENTITY_UNRESOLVED,305,30.0,NORMAL
KBS:HNX:VMC,VMC,HNX,CTCP Vimeco,SIGNAL_UNAVAILABLE,,PROVISIONAL_CURRENT_UNIVERSE,[],CURRENT_500,,NO,PARTIAL_IDENTITY_UNRESOLVED,306,30.0,NORMAL
KBS:HNX:VNT,VNT,HNX,CTCP Giao nhận Vận tải Ngoại thương,SIGNAL_UNAVAILABLE,,PROVISIONAL_CURRENT_UNIVERSE,[],CURRENT_500,,NO,PARTIAL_IDENTITY_UNRESOLVED,307,30.0,NORMAL
KBS:HNX:VSA,VSA,HNX,CTCP Đại lý Hàng hải Việt Nam,SIGNAL_UNAVAILABLE,,PROVISIONAL_CURRENT_UNIVERSE,[],CURRENT_500,,NO,PARTIAL_IDENTITY_UNRESOLVED,308,30.0,NORMAL
KBS:HNX:VTC,VTC,HNX,CTCP Viễn thông VTC,SIGNAL_UNAVAILABLE,,PROVISIONAL_CURRENT_UNIVERSE,[],CURRENT_500,,NO,PARTIAL_IDENTITY_UNRESOLVED,309,30.0,NORMAL
KBS:HNX:VTH,VTH,HNX,CTCP Dây cáp Điện Việt Thái,SIGNAL_UNAVAILABLE,,PROVISIONAL_CURRENT_UNIVERSE,[],CURRENT_500,,NO,PARTIAL_IDENTITY_UNRESOLVED,310,30.0,NORMAL
KBS:HNX:VTV,VTV,HNX,CTCP Năng lượng và Môi trường VICEM,SIGNAL_UNAVAILABLE,,PROVISIONAL_CURRENT_UNIVERSE,[],CURRENT_500,,NO,PARTIAL_IDENTITY_UNRESOLVED,311,30.0,NORMAL
KBS:HNX:VTZ,VTZ,HNX,CTCP Sản xuất và Thương mại Nhựa Việt Thành,SIGNAL_UNAVAILABLE,,PROVISIONAL_CURRENT_UNIVERSE,[],CURRENT_500,,NO,PARTIAL_IDENTITY_UNRESOLVED,312,30.0,NORMAL
KBS:HNX:WSS,WSS,HNX,CTCP Chứng khoán Phố Wall,SIGNAL_UNAVAILABLE,,PROVISIONAL_CURRENT_UNIVERSE,[],CURRENT_500,,NO,PARTIAL_IDENTITY_UNRESOLVED,313,30.0,NORMAL
KBS:HNX:X20,X20,HNX,CTCP X20,SIGNAL_UNAVAILABLE,,PROVISIONAL_CURRENT_UNIVERSE,[],CURRENT_500,,NO,PARTIAL_IDENTITY_UNRESOLVED,314,30.0,NORMAL
KBS:UPCOM:A32,A32,UPCOM,CTCP 32,SIGNAL_UNAVAILABLE,,PROVISIONAL_CURRENT_UNIVERSE,[],CURRENT_500,,NO,PARTIAL_IDENTITY_UNRESOLVED,315,20.0,NORMAL
KBS:UPCOM:AAS,AAS,UPCOM,CTCP Chứng khoán SmartInvest,SIGNAL_UNAVAILABLE,,PROVISIONAL_CURRENT_UNIVERSE,[],CURRENT_500,,NO,PARTIAL_IDENTITY_UNRESOLVED,316,20.0,NORMAL
KBS:UPCOM:AAV,AAV,UPCOM,CTCP AAV Group,SIGNAL_UNAVAILABLE,,PROVISIONAL_CURRENT_UNIVERSE,[],CURRENT_500,,NO,PARTIAL_IDENTITY_UNRESOLVED,317,20.0,NORMAL
KBS:UPCOM:ABI,ABI,UPCOM,CTCP Bảo hiểm Ngân hàng Nông nghiệp Việt Nam,SIGNAL_UNAVAILABLE,,PROVISIONAL_CURRENT_UNIVERSE,[],CURRENT_500,,NO,PARTIAL_IDENTITY_UNRESOLVED,318,20.0,NORMAL
KBS:UPCOM:ABW,ABW,UPCOM,CTCP Chứng khoán An Bình,SIGNAL_UNAVAILABLE,,PROVISIONAL_CURRENT_UNIVERSE,[],CURRENT_500,,NO,PARTIAL_IDENTITY_UNRESOLVED,319,20.0,NORMAL
KBS:UPCOM:ACS,ACS,UPCOM,CTCP Xây lắp Thương mại 2,SIGNAL_UNAVAILABLE,,PROVISIONAL_CURRENT_UNIVERSE,[],CURRENT_500,,NO,PARTIAL_IDENTITY_UNRESOLVED,320,20.0,NORMAL
KBS:UPCOM:AG1,AG1,UPCOM,CTCP 28.1,SIGNAL_UNAVAILABLE,,PROVISIONAL_CURRENT_UNIVERSE,[],CURRENT_500,,NO,PARTIAL_IDENTITY_UNRESOLVED,321,20.0,NORMAL
KBS:UPCOM:AGX,AGX,UPCOM,CTCP Thực phẩm Nông Sản xuất khẩu Sài Gòn,SIGNAL_UNAVAILABLE,,PROVISIONAL_CURRENT_UNIVERSE,[],CURRENT_500,,NO,PARTIAL_IDENTITY_UNRESOLVED,322,20.0,NORMAL
KBS:UPCOM:AIC,AIC,UPCOM,Tổng Công ty Cổ phần Bảo hiểm DBV,SIGNAL_UNAVAILABLE,,PROVISIONAL_CURRENT_UNIVERSE,[],CURRENT_500,,NO,PARTIAL_IDENTITY_UNRESOLVED,323,20.0,NORMAL
KBS:UPCOM:ALV,ALV,UPCOM,CTCP Tập đoàn MCST,SIGNAL_UNAVAILABLE,,PROVISIONAL_CURRENT_UNIVERSE,[],CURRENT_500,,NO,PARTIAL_IDENTITY_UNRESOLVED,324,20.0,NORMAL
KBS:UPCOM:ATG,ATG,UPCOM,CTCP ATG Planet,SIGNAL_UNAVAILABLE,,PROVISIONAL_CURRENT_UNIVERSE,[],CURRENT_500,,NO,PARTIAL_IDENTITY_UNRESOLVED,325,20.0,NORMAL
KBS:UPCOM:BHP,BHP,UPCOM,CTCP Bia Hà Nội - Hải Phòng,SIGNAL_UNAVAILABLE,,PROVISIONAL_CURRENT_UNIVERSE,[],CURRENT_500,,NO,PARTIAL_IDENTITY_UNRESOLVED,326,20.0,NORMAL
KBS:UPCOM:BIG,BIG,UPCOM,CTCP Tập đoàn Đầu tư Big,SIGNAL_UNAVAILABLE,,PROVISIONAL_CURRENT_UNIVERSE,[],CURRENT_500,,NO,PARTIAL_IDENTITY_UNRESOLVED,327,20.0,NORMAL
KBS:UPCOM:BIO,BIO,UPCOM,CTCP Vắc xin và Sinh phẩm Nha Trang,SIGNAL_UNAVAILABLE,,PROVISIONAL_CURRENT_UNIVERSE,[],CURRENT_500,,NO,PARTIAL_IDENTITY_UNRESOLVED,328,20.0,NORMAL
KBS:UPCOM:BLN,BLN,UPCOM,CTCP Vận tải và Dịch vụ Liên Ninh,SIGNAL_UNAVAILABLE,,PROVISIONAL_CURRENT_UNIVERSE,[],CURRENT_500,,NO,PARTIAL_IDENTITY_UNRESOLVED,329,20.0,NORMAL
KBS:UPCOM:BMF,BMF,UPCOM,CTCP Vật liệu Xây dựng và Chất đốt Đồng Nai,SIGNAL_UNAVAILABLE,,PROVISIONAL_CURRENT_UNIVERSE,[],CURRENT_500,,NO,PARTIAL_IDENTITY_UNRESOLVED,330,20.0,NORMAL
KBS:UPCOM:BMV,BMV,UPCOM,CTCP Bột mỳ Vinafood 1,SIGNAL_UNAVAILABLE,,PROVISIONAL_CURRENT_UNIVERSE,[],CURRENT_500,,NO,PARTIAL_IDENTITY_UNRESOLVED,331,20.0,NORMAL
KBS:UPCOM:BRS,BRS,UPCOM,CTCP Dịch vụ Đô thị Bà Rịa,SIGNAL_UNAVAILABLE,,PROVISIONAL_CURRENT_UNIVERSE,[],CURRENT_500,,NO,PARTIAL_IDENTITY_UNRESOLVED,332,20.0,NORMAL
KBS:UPCOM:BSH,BSH,UPCOM,CTCP Bia Sài Gòn - Hà Nội,SIGNAL_UNAVAILABLE,,PROVISIONAL_CURRENT_UNIVERSE,[],CURRENT_500,,NO,PARTIAL_IDENTITY_UNRESOLVED,333,20.0,NORMAL
KBS:UPCOM:BSL,BSL,UPCOM,CTCP Bia Sài Gòn - Sông Lam,SIGNAL_UNAVAILABLE,,PROVISIONAL_CURRENT_UNIVERSE,[],CURRENT_500,,NO,PARTIAL_IDENTITY_UNRESOLVED,334,20.0,NORMAL
KBS:UPCOM:BSP,BSP,UPCOM,CTCP Bia Sài Gòn - Phú Thọ,SIGNAL_UNAVAILABLE,,PROVISIONAL_CURRENT_UNIVERSE,[],CURRENT_500,,NO,PARTIAL_IDENTITY_UNRESOLVED,335,20.0,NORMAL
KBS:UPCOM:BSQ,BSQ,UPCOM,CTCP Bia Sài Gòn - Quảng Ngãi,SIGNAL_UNAVAILABLE,,PROVISIONAL_CURRENT_UNIVERSE,[],CURRENT_500,,NO,PARTIAL_IDENTITY_UNRESOLVED,336,20.0,NORMAL
KBS:UPCOM:BTU,BTU,UPCOM,CTCP Công trình Đô thị Bến Tre,SIGNAL_UNAVAILABLE,,PROVISIONAL_CURRENT_UNIVERSE,[],CURRENT_500,,NO,PARTIAL_IDENTITY_UNRESOLVED,337,20.0,NORMAL
KBS:UPCOM:BVG,BVG,UPCOM,CTCP Group Bắc Việt,SIGNAL_UNAVAILABLE,,PROVISIONAL_CURRENT_UNIVERSE,[],CURRENT_500,,NO,PARTIAL_IDENTITY_UNRESOLVED,338,20.0,NORMAL
KBS:UPCOM:C4G,C4G,UPCOM,CTCP Tập đoàn CIENCO4,SIGNAL_UNAVAILABLE,,PROVISIONAL_CURRENT_UNIVERSE,[],CURRENT_500,,NO,PARTIAL_IDENTITY_UNRESOLVED,339,20.0,NORMAL
KBS:UPCOM:C92,C92,UPCOM,CTCP Xây dựng và Đầu tư 492,SIGNAL_UNAVAILABLE,,PROVISIONAL_CURRENT_UNIVERSE,[],CURRENT_500,,NO,PARTIAL_IDENTITY_UNRESOLVED,340,20.0,NORMAL
KBS:UPCOM:CAT,CAT,UPCOM,CTCP Thủy sản Cà Mau,SIGNAL_UNAVAILABLE,,PROVISIONAL_CURRENT_UNIVERSE,[],CURRENT_500,,NO,PARTIAL_IDENTITY_UNRESOLVED,341,20.0,NORMAL
KBS:UPCOM:CBI,CBI,UPCOM,CTCP Gang thép Cao Bằng,SIGNAL_UNAVAILABLE,,PROVISIONAL_CURRENT_UNIVERSE,[],CURRENT_500,,NO,PARTIAL_IDENTITY_UNRESOLVED,342,20.0,NORMAL
KBS:UPCOM:CBS,CBS,UPCOM,CTCP Mía Đường Cao Bằng,SIGNAL_UNAVAILABLE,,PROVISIONAL_CURRENT_UNIVERSE,[],CURRENT_500,,NO,PARTIAL_IDENTITY_UNRESOLVED,343,20.0,NORMAL
KBS:UPCOM:CC1,CC1,UPCOM,Tổng Công ty Xây dựng Số 1 - CTCP,SIGNAL_UNAVAILABLE,,PROVISIONAL_CURRENT_UNIVERSE,[],CURRENT_500,,NO,PARTIAL_IDENTITY_UNRESOLVED,344,20.0,NORMAL
KBS:UPCOM:CDR,CDR,UPCOM,CTCP Xây dựng Cao su Đồng Nai,SIGNAL_UNAVAILABLE,,PROVISIONAL_CURRENT_UNIVERSE,[],CURRENT_500,,NO,PARTIAL_IDENTITY_UNRESOLVED,345,20.0,NORMAL
KBS:UPCOM:CHS,CHS,UPCOM,CTCP Chiếu sáng Công cộng Thành phố Hồ Chí Minh,SIGNAL_UNAVAILABLE,,PROVISIONAL_CURRENT_UNIVERSE,[],CURRENT_500,,NO,PARTIAL_IDENTITY_UNRESOLVED,346,20.0,NORMAL
KBS:UPCOM:CI5,CI5,UPCOM,CTCP Đầu Tư Xây dựng Số 5,SIGNAL_UNAVAILABLE,,PROVISIONAL_CURRENT_UNIVERSE,[],CURRENT_500,,NO,PARTIAL_IDENTITY_UNRESOLVED,347,20.0,NORMAL
KBS:UPCOM:CID,CID,UPCOM,CTCP Xây dựng và Phát triển Cơ sở Hạ tầng,SIGNAL_UNAVAILABLE,,PROVISIONAL_CURRENT_UNIVERSE,[],CURRENT_500,,NO,PARTIAL_IDENTITY_UNRESOLVED,348,20.0,NORMAL
KBS:UPCOM:CKA,CKA,UPCOM,CTCP Cơ Khí An Giang,SIGNAL_UNAVAILABLE,,PROVISIONAL_CURRENT_UNIVERSE,[],CURRENT_500,,NO,PARTIAL_IDENTITY_UNRESOLVED,349,20.0,NORMAL
KBS:UPCOM:CKD,CKD,UPCOM,CTCP Cơ khí Đông Anh LICOGI,SIGNAL_UNAVAILABLE,,PROVISIONAL_CURRENT_UNIVERSE,[],CURRENT_500,,NO,PARTIAL_IDENTITY_UNRESOLVED,350,20.0,NORMAL
KBS:UPCOM:CLX,CLX,UPCOM,CTCP Xuất nhập khẩu và Đầu tư Chợ Lớn (CHOLIMEX),SIGNAL_UNAVAILABLE,,PROVISIONAL_CURRENT_UNIVERSE,[],CURRENT_500,,NO,PARTIAL_IDENTITY_UNRESOLVED,351,20.0,NORMAL
KBS:UPCOM:CMD,CMD,UPCOM,CTCP Vật liệu Xây dựng và Trang trí nội thất Thành phố Hồ Chí Minh,SIGNAL_UNAVAILABLE,,PROVISIONAL_CURRENT_UNIVERSE,[],CURRENT_500,,NO,PARTIAL_IDENTITY_UNRESOLVED,352,20.0,NORMAL
KBS:UPCOM:CMF,CMF,UPCOM,CTCP Thực phẩm Cholimex,SIGNAL_UNAVAILABLE,,PROVISIONAL_CURRENT_UNIVERSE,[],CURRENT_500,,NO,PARTIAL_IDENTITY_UNRESOLVED,353,20.0,NORMAL
KBS:UPCOM:CMI,CMI,UPCOM,CTCP CMISTONE Việt Nam,SIGNAL_UNAVAILABLE,,PROVISIONAL_CURRENT_UNIVERSE,[],CURRENT_500,,NO,PARTIAL_IDENTITY_UNRESOLVED,354,20.0,NORMAL
KBS:UPCOM:CNC,CNC,UPCOM,CTCP Công nghệ Cao Traphaco,SIGNAL_UNAVAILABLE,,PROVISIONAL_CURRENT_UNIVERSE,[],CURRENT_500,,NO,PARTIAL_IDENTITY_UNRESOLVED,355,20.0,NORMAL
KBS:UPCOM:CNN,CNN,UPCOM,"CTCP Tư vấn Công nghệ, Thiết bị và Kiểm Định Xây dựng - Coninco",SIGNAL_UNAVAILABLE,,PROVISIONAL_CURRENT_UNIVERSE,[],CURRENT_500,,NO,PARTIAL_IDENTITY_UNRESOLVED,356,20.0,NORMAL
KBS:UPCOM:CNT,CNT,UPCOM,CTCP Tập đoàn CNT,SIGNAL_UNAVAILABLE,,PROVISIONAL_CURRENT_UNIVERSE,[],CURRENT_500,,NO,PARTIAL_IDENTITY_UNRESOLVED,357,20.0,NORMAL
KBS:UPCOM:CPI,CPI,UPCOM,CTCP Đầu tư Cảng Cái Lân,SIGNAL_UNAVAILABLE,,PROVISIONAL_CURRENT_UNIVERSE,[],CURRENT_500,,NO,PARTIAL_IDENTITY_UNRESOLVED,358,20.0,NORMAL
KBS:UPCOM:CQT,CQT,UPCOM,CTCP Xi măng Quán Triều VVMI,SIGNAL_UNAVAILABLE,,PROVISIONAL_CURRENT_UNIVERSE,[],CURRENT_500,,NO,PARTIAL_IDENTITY_UNRESOLVED,359,20.0,NORMAL
KBS:UPCOM:CTW,CTW,UPCOM,CTCP Cấp thoát nước Cần Thơ,SIGNAL_UNAVAILABLE,,PROVISIONAL_CURRENT_UNIVERSE,[],CURRENT_500,,NO,PARTIAL_IDENTITY_UNRESOLVED,360,20.0,NORMAL
KBS:UPCOM:CVN,CVN,UPCOM,CTCP Vinam,SIGNAL_UNAVAILABLE,,PROVISIONAL_CURRENT_UNIVERSE,[],CURRENT_500,,NO,PARTIAL_IDENTITY_UNRESOLVED,361,20.0,NORMAL
KBS:UPCOM:DC1,DC1,UPCOM,CTCP Đầu tư Phát triển Xây dựng Số 1,SIGNAL_UNAVAILABLE,,PROVISIONAL_CURRENT_UNIVERSE,[],CURRENT_500,,NO,PARTIAL_IDENTITY_UNRESOLVED,362,20.0,NORMAL
KBS:UPCOM:DCT,DCT,UPCOM,CTCP Tấm lợp Vật liệu Xây dựng Đồng Nai,SIGNAL_UNAVAILABLE,,PROVISIONAL_CURRENT_UNIVERSE,[],CURRENT_500,,NO,PARTIAL_IDENTITY_UNRESOLVED,363,20.0,NORMAL
KBS:UPCOM:DDV,DDV,UPCOM,CTCP DAP - VINACHEM,SIGNAL_UNAVAILABLE,,PROVISIONAL_CURRENT_UNIVERSE,[],CURRENT_500,,NO,PARTIAL_IDENTITY_UNRESOLVED,364,20.0,NORMAL
KBS:UPCOM:DHB,DHB,UPCOM,CTCP Phân đạm và Hóa chất Hà Bắc,SIGNAL_UNAVAILABLE,,PROVISIONAL_CURRENT_UNIVERSE,[],CURRENT_500,,NO,PARTIAL_IDENTITY_UNRESOLVED,365,20.0,NORMAL
KBS:UPCOM:DID,DID,UPCOM,CTCP DIC - Đồng Tiến,SIGNAL_UNAVAILABLE,,PROVISIONAL_CURRENT_UNIVERSE,[],CURRENT_500,,NO,PARTIAL_IDENTITY_UNRESOLVED,366,20.0,NORMAL
KBS:UPCOM:DNA,DNA,UPCOM,CTCP Điện Nước An Giang,SIGNAL_UNAVAILABLE,,PROVISIONAL_CURRENT_UNIVERSE,[],CURRENT_500,,NO,PARTIAL_IDENTITY_UNRESOLVED,367,20.0,NORMAL
KBS:UPCOM:DNH,DNH,UPCOM,CTCP Thủy điện Đa Nhim - Hàm Thuận - Đa Mi,SIGNAL_UNAVAILABLE,,PROVISIONAL_CURRENT_UNIVERSE,[],CURRENT_500,,NO,PARTIAL_IDENTITY_UNRESOLVED,368,20.0,NORMAL
KBS:UPCOM:DNL,DNL,UPCOM,CTCP Logistics Cảng Đà Nẵng,SIGNAL_UNAVAILABLE,,PROVISIONAL_CURRENT_UNIVERSE,[],CURRENT_500,,NO,PARTIAL_IDENTITY_UNRESOLVED,369,20.0,NORMAL
KBS:UPCOM:DNW,DNW,UPCOM,CTCP Cấp nước Đồng Nai,SIGNAL_UNAVAILABLE,,PROVISIONAL_CURRENT_UNIVERSE,[],CURRENT_500,,NO,PARTIAL_IDENTITY_UNRESOLVED,370,20.0,NORMAL
KBS:UPCOM:DP1,DP1,UPCOM,CTCP Dược phẩm Trung ương CPC1,SIGNAL_UNAVAILABLE,,PROVISIONAL_CURRENT_UNIVERSE,[],CURRENT_500,,NO,PARTIAL_IDENTITY_UNRESOLVED,371,20.0,NORMAL
KBS:UPCOM:DPC,DPC,UPCOM,CTCP Nhựa Đà Nẵng,SIGNAL_UNAVAILABLE,,PROVISIONAL_CURRENT_UNIVERSE,[],CURRENT_500,,NO,PARTIAL_IDENTITY_UNRESOLVED,372,20.0,NORMAL
KBS:UPCOM:DRI,DRI,UPCOM,CTCP Đầu tư Cao su Đắk Lắk,SIGNAL_UNAVAILABLE,,PROVISIONAL_CURRENT_UNIVERSE,[],CURRENT_500,,NO,PARTIAL_IDENTITY_UNRESOLVED,373,20.0,NORMAL
KBS:UPCOM:DTC,DTC,UPCOM,CTCP Viglacera Đông Triều,SIGNAL_UNAVAILABLE,,PROVISIONAL_CURRENT_UNIVERSE,[],CURRENT_500,,NO,PARTIAL_IDENTITY_UNRESOLVED,374,20.0,NORMAL
KBS:UPCOM:DTI,DTI,UPCOM,CTCP Đầu tư Đức Trung,SIGNAL_UNAVAILABLE,,PROVISIONAL_CURRENT_UNIVERSE,[],CURRENT_500,,NO,PARTIAL_IDENTITY_UNRESOLVED,375,20.0,NORMAL
KBS:UPCOM:DWS,DWS,UPCOM,CTCP Cấp nước và Môi trường đô thị Đồng Tháp,SIGNAL_UNAVAILABLE,,PROVISIONAL_CURRENT_UNIVERSE,[],CURRENT_500,,NO,PARTIAL_IDENTITY_UNRESOLVED,376,20.0,NORMAL
KBS:UPCOM:E12,E12,UPCOM,CTCP Xây dựng Điện VNECO12,SIGNAL_UNAVAILABLE,,PROVISIONAL_CURRENT_UNIVERSE,[],CURRENT_500,,NO,PARTIAL_IDENTITY_UNRESOLVED,377,20.0,NORMAL
KBS:UPCOM:EIC,EIC,UPCOM,CTCP EVN Quốc tế,SIGNAL_UNAVAILABLE,,PROVISIONAL_CURRENT_UNIVERSE,[],CURRENT_500,,NO,PARTIAL_IDENTITY_UNRESOLVED,378,20.0,NORMAL
KBS:UPCOM:FIC,FIC,UPCOM,Tổng Công ty Vật liệu Xây dựng số 1 - CTCP,SIGNAL_UNAVAILABLE,,PROVISIONAL_CURRENT_UNIVERSE,[],CURRENT_500,,NO,PARTIAL_IDENTITY_UNRESOLVED,379,20.0,NORMAL
KBS:UPCOM:FOC,FOC,UPCOM,CTCP Dịch vụ Trực tuyến FPT,SIGNAL_UNAVAILABLE,,PROVISIONAL_CURRENT_UNIVERSE,[],CURRENT_500,,NO,PARTIAL_IDENTITY_UNRESOLVED,380,20.0,NORMAL
KBS:UPCOM:FOX,FOX,UPCOM,CTCP Viễn thông FPT,SIGNAL_UNAVAILABLE,,PROVISIONAL_CURRENT_UNIVERSE,[],CURRENT_500,,NO,PARTIAL_IDENTITY_UNRESOLVED,381,20.0,NORMAL
KBS:UPCOM:GGG,GGG,UPCOM,CTCP Ô tô Giải Phóng,SIGNAL_UNAVAILABLE,,PROVISIONAL_CURRENT_UNIVERSE,[],CURRENT_500,,NO,PARTIAL_IDENTITY_UNRESOLVED,382,20.0,NORMAL
KBS:UPCOM:GPC,GPC,UPCOM,CTCP Tập đoàn Green+,SIGNAL_UNAVAILABLE,,PROVISIONAL_CURRENT_UNIVERSE,[],CURRENT_500,,NO,PARTIAL_IDENTITY_UNRESOLVED,383,20.0,NORMAL
KBS:UPCOM:GSM,GSM,UPCOM,CTCP Thủy điện Hương Sơn,SIGNAL_UNAVAILABLE,,PROVISIONAL_CURRENT_UNIVERSE,[],CURRENT_500,,NO,PARTIAL_IDENTITY_UNRESOLVED,384,20.0,NORMAL
KBS:UPCOM:H11,H11,UPCOM,CTCP Xây dựng HUD101,SIGNAL_UNAVAILABLE,,PROVISIONAL_CURRENT_UNIVERSE,[],CURRENT_500,,NO,PARTIAL_IDENTITY_UNRESOLVED,385,20.0,NORMAL
KBS:UPCOM:HAF,HAF,UPCOM,CTCP Thực phẩm Hà Nội,SIGNAL_UNAVAILABLE,,PROVISIONAL_CURRENT_UNIVERSE,[],CURRENT_500,,NO,PARTIAL_IDENTITY_UNRESOLVED,386,20.0,NORMAL
KBS:UPCOM:HAM,HAM,UPCOM,CTCP Vật tư Hậu Giang,SIGNAL_UNAVAILABLE,,PROVISIONAL_CURRENT_UNIVERSE,[],CURRENT_500,,NO,PARTIAL_IDENTITY_UNRESOLVED,387,20.0,NORMAL
KBS:UPCOM:HAN,HAN,UPCOM,Tổng Công ty Xây dựng Hà Nội - CTCP,SIGNAL_UNAVAILABLE,,PROVISIONAL_CURRENT_UNIVERSE,[],CURRENT_500,,NO,PARTIAL_IDENTITY_UNRESOLVED,388,20.0,NORMAL
KBS:UPCOM:HBD,HBD,UPCOM,CTCP Bao Bì PP Bình Dương,SIGNAL_UNAVAILABLE,,PROVISIONAL_CURRENT_UNIVERSE,[],CURRENT_500,,NO,PARTIAL_IDENTITY_UNRESOLVED,389,20.0,NORMAL
KBS:UPCOM:HBH,HBH,UPCOM,CTCP Habeco - Hải Phòng,SIGNAL_UNAVAILABLE,,PROVISIONAL_CURRENT_UNIVERSE,[],CURRENT_500,,NO,PARTIAL_IDENTITY_UNRESOLVED,390,20.0,NORMAL
KBS:UPCOM:HD6,HD6,UPCOM,CTCP Đầu tư và Phát triển Nhà Số 6 Hà Nội,SIGNAL_UNAVAILABLE,,PROVISIONAL_CURRENT_UNIVERSE,[],CURRENT_500,,NO,PARTIAL_IDENTITY_UNRESOLVED,391,20.0,NORMAL
KBS:UPCOM:HDW,HDW,UPCOM,CTCP Kinh doanh Nước sạch Hải Dương,SIGNAL_UNAVAILABLE,,PROVISIONAL_CURRENT_UNIVERSE,[],CURRENT_500,,NO,PARTIAL_IDENTITY_UNRESOLVED,392,20.0,NORMAL
KBS:UPCOM:HEJ,HEJ,UPCOM,Tổng Công ty Tư vấn Xây dựng Thủy lợi Việt Nam - CTCP,SIGNAL_UNAVAILABLE,,PROVISIONAL_CURRENT_UNIVERSE,[],CURRENT_500,,NO,PARTIAL_IDENTITY_UNRESOLVED,393,20.0,NORMAL
KBS:UPCOM:HEP,HEP,UPCOM,CTCP Môi trường và Công trình Đô thị Huế,SIGNAL_UNAVAILABLE,,PROVISIONAL_CURRENT_UNIVERSE,[],CURRENT_500,,NO,PARTIAL_IDENTITY_UNRESOLVED,394,20.0,NORMAL
KBS:UPCOM:HES,HES,UPCOM,CTCP Dịch vụ Giải trí Hà Nội,SIGNAL_UNAVAILABLE,,PROVISIONAL_CURRENT_UNIVERSE,[],CURRENT_500,,NO,PARTIAL_IDENTITY_UNRESOLVED,395,20.0,NORMAL
KBS:UPCOM:HHG,HHG,UPCOM,CTCP Hoàng Hà,SIGNAL_UNAVAILABLE,,PROVISIONAL_CURRENT_UNIVERSE,[],CURRENT_500,,NO,PARTIAL_IDENTITY_UNRESOLVED,396,20.0,NORMAL
KBS:UPCOM:HLB,HLB,UPCOM,CTCP Bia và Nước giải khát Hạ Long,SIGNAL_UNAVAILABLE,,PROVISIONAL_CURRENT_UNIVERSE,[],CURRENT_500,,NO,PARTIAL_IDENTITY_UNRESOLVED,397,20.0,NORMAL
KBS:UPCOM:HNF,HNF,UPCOM,CTCP Thực phẩm Hữu Nghị,SIGNAL_UNAVAILABLE,,PROVISIONAL_CURRENT_UNIVERSE,[],CURRENT_500,,NO,PARTIAL_IDENTITY_UNRESOLVED,398,20.0,NORMAL
KBS:UPCOM:HNG,HNG,UPCOM,CTCP Nông nghiệp Quốc tế Hoàng Anh Gia Lai,SIGNAL_UNAVAILABLE,,PROVISIONAL_CURRENT_UNIVERSE,[],CURRENT_500,,NO,PARTIAL_IDENTITY_UNRESOLVED,399,20.0,NORMAL
KBS:UPCOM:HNM,HNM,UPCOM,CTCP Sữa Hà Nội,SIGNAL_UNAVAILABLE,,PROVISIONAL_CURRENT_UNIVERSE,[],CURRENT_500,,NO,PARTIAL_IDENTITY_UNRESOLVED,400,20.0,NORMAL
KBS:UPCOM:HPH,HPH,UPCOM,CTCP Hóa Chất Hưng Phát Hà Bắc,SIGNAL_UNAVAILABLE,,PROVISIONAL_CURRENT_UNIVERSE,[],CURRENT_500,,NO,PARTIAL_IDENTITY_UNRESOLVED,401,20.0,NORMAL
KBS:UPCOM:HPT,HPT,UPCOM,CTCP Dịch vụ Công nghệ Tin học HPT,SIGNAL_UNAVAILABLE,,PROVISIONAL_CURRENT_UNIVERSE,[],CURRENT_500,,NO,PARTIAL_IDENTITY_UNRESOLVED,402,20.0,NORMAL
KBS:UPCOM:HTM,HTM,UPCOM,Tổng Công ty Thương mại Hà Nội - CTCP,SIGNAL_UNAVAILABLE,,PROVISIONAL_CURRENT_UNIVERSE,[],CURRENT_500,,NO,PARTIAL_IDENTITY_UNRESOLVED,403,20.0,NORMAL
KBS:UPCOM:HWS,HWS,UPCOM,CTCP Cấp nước Huế,SIGNAL_UNAVAILABLE,,PROVISIONAL_CURRENT_UNIVERSE,[],CURRENT_500,,NO,PARTIAL_IDENTITY_UNRESOLVED,404,20.0,NORMAL
KBS:UPCOM:ICI,ICI,UPCOM,CTCP Đầu tư và Xây dựng Công nghiệp,SIGNAL_UNAVAILABLE,,PROVISIONAL_CURRENT_UNIVERSE,[],CURRENT_500,,NO,PARTIAL_IDENTITY_UNRESOLVED,405,20.0,NORMAL
KBS:UPCOM:ICN,ICN,UPCOM,CTCP Đầu tư Xây dựng Dầu khí IDICO,SIGNAL_UNAVAILABLE,,PROVISIONAL_CURRENT_UNIVERSE,[],CURRENT_500,,NO,PARTIAL_IDENTITY_UNRESOLVED,406,20.0,NORMAL
KBS:UPCOM:IFS,IFS,UPCOM,CTCP Thực phẩm Quốc tế,SIGNAL_UNAVAILABLE,,PROVISIONAL_CURRENT_UNIVERSE,[],CURRENT_500,,NO,PARTIAL_IDENTITY_UNRESOLVED,407,20.0,NORMAL
KBS:UPCOM:ILA,ILA,UPCOM,CTCP ILA,SIGNAL_UNAVAILABLE,,PROVISIONAL_CURRENT_UNIVERSE,[],CURRENT_500,,NO,PARTIAL_IDENTITY_UNRESOLVED,408,20.0,NORMAL
KBS:UPCOM:ILC,ILC,UPCOM,CTCP Hợp tác Lao động với nước ngoài,SIGNAL_UNAVAILABLE,,PROVISIONAL_CURRENT_UNIVERSE,[],CURRENT_500,,NO,PARTIAL_IDENTITY_UNRESOLVED,409,20.0,NORMAL
KBS:UPCOM:ILS,ILS,UPCOM,CTCP Đầu tư Thương mại và Dịch vụ Quốc tế,SIGNAL_UNAVAILABLE,,PROVISIONAL_CURRENT_UNIVERSE,[],CURRENT_500,,NO,PARTIAL_IDENTITY_UNRESOLVED,410,20.0,NORMAL
KBS:UPCOM:IST,IST,UPCOM,CTCP ICD Tân Cảng Sóng Thần,SIGNAL_UNAVAILABLE,,PROVISIONAL_CURRENT_UNIVERSE,[],CURRENT_500,,NO,PARTIAL_IDENTITY_UNRESOLVED,411,20.0,NORMAL
KBS:UPCOM:JOS,JOS,UPCOM,CTCP Chế biến Thủy sản xuất khẩu Minh Hải,SIGNAL_UNAVAILABLE,,PROVISIONAL_CURRENT_UNIVERSE,[],CURRENT_500,,NO,PARTIAL_IDENTITY_UNRESOLVED,412,20.0,NORMAL
KBS:UPCOM:KHW,KHW,UPCOM,CTCP Cấp thoát nước Khánh Hòa,SIGNAL_UNAVAILABLE,,PROVISIONAL_CURRENT_UNIVERSE,[],CURRENT_500,,NO,PARTIAL_IDENTITY_UNRESOLVED,413,20.0,NORMAL
KBS:UPCOM:KIP,KIP,UPCOM,CTCP K.I.P Việt Nam,SIGNAL_UNAVAILABLE,,PROVISIONAL_CURRENT_UNIVERSE,[],CURRENT_500,,NO,PARTIAL_IDENTITY_UNRESOLVED,414,20.0,NORMAL
KBS:UPCOM:L43,L43,UPCOM,CTCP Lilama 45.3,SIGNAL_UNAVAILABLE,,PROVISIONAL_CURRENT_UNIVERSE,[],CURRENT_500,,NO,PARTIAL_IDENTITY_UNRESOLVED,415,20.0,NORMAL
KBS:UPCOM:L62,L62,UPCOM,CTCP Lilama 69-2,SIGNAL_UNAVAILABLE,,PROVISIONAL_CURRENT_UNIVERSE,[],CURRENT_500,,NO,PARTIAL_IDENTITY_UNRESOLVED,416,20.0,NORMAL
KBS:UPCOM:L63,L63,UPCOM,CTCP Lilama 69-3,SIGNAL_UNAVAILABLE,,PROVISIONAL_CURRENT_UNIVERSE,[],CURRENT_500,,NO,PARTIAL_IDENTITY_UNRESOLVED,417,20.0,NORMAL
KBS:UPCOM:LAI,LAI,UPCOM,CTCP Đầu Tư Xây dựng Long An-IDICO,SIGNAL_UNAVAILABLE,,PROVISIONAL_CURRENT_UNIVERSE,[],CURRENT_500,,NO,PARTIAL_IDENTITY_UNRESOLVED,418,20.0,NORMAL
KBS:UPCOM:LIC,LIC,UPCOM,Tổng Công ty LICOGI - CTCP,SIGNAL_UNAVAILABLE,,PROVISIONAL_CURRENT_UNIVERSE,[],CURRENT_500,,NO,PARTIAL_IDENTITY_UNRESOLVED,419,20.0,NORMAL
KBS:UPCOM:LLM,LLM,UPCOM,Tổng Công ty Lắp máy Việt Nam - CTCP,SIGNAL_UNAVAILABLE,,PROVISIONAL_CURRENT_UNIVERSE,[],CURRENT_500,,NO,PARTIAL_IDENTITY_UNRESOLVED,420,20.0,NORMAL
KBS:UPCOM:LMI,LMI,UPCOM,CTCP Đầu tư Xây dựng Lắp máy IDICO,SIGNAL_UNAVAILABLE,,PROVISIONAL_CURRENT_UNIVERSE,[],CURRENT_500,,NO,PARTIAL_IDENTITY_UNRESOLVED,421,20.0,NORMAL
KBS:UPCOM:LTC,LTC,UPCOM,CTCP Điện nhẹ Viễn Thông,SIGNAL_UNAVAILABLE,,PROVISIONAL_CURRENT_UNIVERSE,[],CURRENT_500,,NO,PARTIAL_IDENTITY_UNRESOLVED,422,20.0,NORMAL
KBS:UPCOM:MDF,MDF,UPCOM,CTCP Gỗ MDF VRG - Quảng Trị,SIGNAL_UNAVAILABLE,,PROVISIONAL_CURRENT_UNIVERSE,[],CURRENT_500,,NO,PARTIAL_IDENTITY_UNRESOLVED,423,20.0,NORMAL
KBS:UPCOM:MEC,MEC,UPCOM,CTCP Cơ khí - Lắp máy Sông Đà,SIGNAL_UNAVAILABLE,,PROVISIONAL_CURRENT_UNIVERSE,[],CURRENT_500,,NO,PARTIAL_IDENTITY_UNRESOLVED,424,20.0,NORMAL
KBS:UPCOM:MFS,MFS,UPCOM,CTCP Dịch vụ Kỹ thuật Mobifone,SIGNAL_UNAVAILABLE,,PROVISIONAL_CURRENT_UNIVERSE,[],CURRENT_500,,NO,PARTIAL_IDENTITY_UNRESOLVED,425,20.0,NORMAL
KBS:UPCOM:MGC,MGC,UPCOM,CTCP Địa chất mỏ - TKV,SIGNAL_UNAVAILABLE,,PROVISIONAL_CURRENT_UNIVERSE,[],CURRENT_500,,NO,PARTIAL_IDENTITY_UNRESOLVED,426,20.0,NORMAL
KBS:UPCOM:MGG,MGG,UPCOM,Tổng Công ty Đức Giang - CTCP,SIGNAL_UNAVAILABLE,,PROVISIONAL_CURRENT_UNIVERSE,[],CURRENT_500,,NO,PARTIAL_IDENTITY_UNRESOLVED,427,20.0,NORMAL
KBS:UPCOM:MSR,MSR,UPCOM,CTCP Masan High-Tech Materials,SIGNAL_UNAVAILABLE,,PROVISIONAL_CURRENT_UNIVERSE,[],CURRENT_500,,NO,PARTIAL_IDENTITY_UNRESOLVED,428,20.0,NORMAL
KBS:UPCOM:MVN,MVN,UPCOM,Tổng Công ty Hàng hải Việt Nam - CTCP,SIGNAL_UNAVAILABLE,,PROVISIONAL_CURRENT_UNIVERSE,[],CURRENT_500,,NO,PARTIAL_IDENTITY_UNRESOLVED,429,20.0,NORMAL
KBS:UPCOM:NAU,NAU,UPCOM,CTCP Môi trường và Công trình Đô thị Nghệ An,SIGNAL_UNAVAILABLE,,PROVISIONAL_CURRENT_UNIVERSE,[],CURRENT_500,,NO,PARTIAL_IDENTITY_UNRESOLVED,430,20.0,NORMAL
KBS:UPCOM:NBT,NBT,UPCOM,CTCP Cấp thoát nước Bến Tre,SIGNAL_UNAVAILABLE,,PROVISIONAL_CURRENT_UNIVERSE,[],CURRENT_500,,NO,PARTIAL_IDENTITY_UNRESOLVED,431,20.0,NORMAL
KBS:UPCOM:ND2,ND2,UPCOM,CTCP Đầu tư và Phát triển Điện Miền Bắc 2,SIGNAL_UNAVAILABLE,,PROVISIONAL_CURRENT_UNIVERSE,[],CURRENT_500,,NO,PARTIAL_IDENTITY_UNRESOLVED,432,20.0,NORMAL
KBS:UPCOM:NOS,NOS,UPCOM,CTCP Vận tải biển và Thương mại Phương Đông,SIGNAL_UNAVAILABLE,,PROVISIONAL_CURRENT_UNIVERSE,[],CURRENT_500,,NO,PARTIAL_IDENTITY_UNRESOLVED,433,20.0,NORMAL
KBS:UPCOM:NQN,NQN,UPCOM,CTCP Nước sạch Quảng Ninh,SIGNAL_UNAVAILABLE,,PROVISIONAL_CURRENT_UNIVERSE,[],CURRENT_500,,NO,PARTIAL_IDENTITY_UNRESOLVED,434,20.0,NORMAL
KBS:UPCOM:NTT,NTT,UPCOM,CTCP Dệt - May Nha Trang,SIGNAL_UNAVAILABLE,,PROVISIONAL_CURRENT_UNIVERSE,[],CURRENT_500,,NO,PARTIAL_IDENTITY_UNRESOLVED,435,20.0,NORMAL
KBS:UPCOM:NTW,NTW,UPCOM,CTCP Cấp nước Nhơn Trạch,SIGNAL_UNAVAILABLE,,PROVISIONAL_CURRENT_UNIVERSE,[],CURRENT_500,,NO,PARTIAL_IDENTITY_UNRESOLVED,436,20.0,NORMAL
KBS:UPCOM:NUE,NUE,UPCOM,CTCP Môi trường Đô thị Nha Trang,SIGNAL_UNAVAILABLE,,PROVISIONAL_CURRENT_UNIVERSE,[],CURRENT_500,,NO,PARTIAL_IDENTITY_UNRESOLVED,437,20.0,NORMAL
KBS:UPCOM:ODE,ODE,UPCOM,CTCP Tập đoàn Truyền thông và Giải trí ODE,SIGNAL_UNAVAILABLE,,PROVISIONAL_CURRENT_UNIVERSE,[],CURRENT_500,,NO,PARTIAL_IDENTITY_UNRESOLVED,438,20.0,NORMAL
KBS:UPCOM:PCC,PCC,UPCOM,CTCP Tập đoàn Xây lắp 1 - Petrolimex,SIGNAL_UNAVAILABLE,,PROVISIONAL_CURRENT_UNIVERSE,[],CURRENT_500,,NO,PARTIAL_IDENTITY_UNRESOLVED,439,20.0,NORMAL
KBS:UPCOM:PCF,PCF,UPCOM,CTCP Cà phê PETEC,SIGNAL_UNAVAILABLE,,PROVISIONAL_CURRENT_UNIVERSE,[],CURRENT_500,,NO,PARTIAL_IDENTITY_UNRESOLVED,440,20.0,NORMAL
KBS:UPCOM:PCG,PCG,UPCOM,CTCP Đầu tư Phát triển Gas Đô thị,SIGNAL_UNAVAILABLE,,PROVISIONAL_CURRENT_UNIVERSE,[],CURRENT_500,,NO,PARTIAL_IDENTITY_UNRESOLVED,441,20.0,NORMAL
KBS:UPCOM:PFL,PFL,UPCOM,CTCP Dầu khí Đông Đô,SIGNAL_UNAVAILABLE,,PROVISIONAL_CURRENT_UNIVERSE,[],CURRENT_500,,NO,PARTIAL_IDENTITY_UNRESOLVED,442,20.0,NORMAL
KBS:UPCOM:PHP,PHP,UPCOM,CTCP Cảng Hải Phòng,SIGNAL_UNAVAILABLE,,PROVISIONAL_CURRENT_UNIVERSE,[],CURRENT_500,,NO,PARTIAL_IDENTITY_UNRESOLVED,443,20.0,NORMAL
KBS:UPCOM:PHS,PHS,UPCOM,CTCP Chứng khoán Phú Hưng,SIGNAL_UNAVAILABLE,,PROVISIONAL_CURRENT_UNIVERSE,[],CURRENT_500,,NO,PARTIAL_IDENTITY_UNRESOLVED,444,20.0,NORMAL
KBS:UPCOM:PVE,PVE,UPCOM,Tổng Công ty Tư vấn thiết kế Dầu khí - CTCP,SIGNAL_UNAVAILABLE,,PROVISIONAL_CURRENT_UNIVERSE,[],CURRENT_500,,NO,PARTIAL_IDENTITY_UNRESOLVED,445,20.0,NORMAL
KBS:UPCOM:PVL,PVL,UPCOM,CTCP Địa ốc Dầu khí,SIGNAL_UNAVAILABLE,,PROVISIONAL_CURRENT_UNIVERSE,[],CURRENT_500,,NO,PARTIAL_IDENTITY_UNRESOLVED,446,20.0,NORMAL
KBS:UPCOM:PVX,PVX,UPCOM,Tổng Công ty cổ phần Xây lắp Dầu khí Việt Nam,SIGNAL_UNAVAILABLE,,PROVISIONAL_CURRENT_UNIVERSE,[],CURRENT_500,,NO,PARTIAL_IDENTITY_UNRESOLVED,447,20.0,NORMAL
KBS:UPCOM:PWA,PWA,UPCOM,CTCP Bất động sản Dầu khí,SIGNAL_UNAVAILABLE,,PROVISIONAL_CURRENT_UNIVERSE,[],CURRENT_500,,NO,PARTIAL_IDENTITY_UNRESOLVED,448,20.0,NORMAL
KBS:UPCOM:PWS,PWS,UPCOM,CTCP Cấp thoát nước Phú Yên,SIGNAL_UNAVAILABLE,,PROVISIONAL_CURRENT_UNIVERSE,[],CURRENT_500,,NO,PARTIAL_IDENTITY_UNRESOLVED,449,20.0,NORMAL
KBS:UPCOM:PXA,PXA,UPCOM,CTCP Đầu tư và Thương mại Dầu khí Nghệ An,SIGNAL_UNAVAILABLE,,PROVISIONAL_CURRENT_UNIVERSE,[],CURRENT_500,,NO,PARTIAL_IDENTITY_UNRESOLVED,450,20.0,NORMAL
KBS:UPCOM:PXI,PXI,UPCOM,CTCP Xây dựng Công nghiệp và Dân dụng Dầu khí,SIGNAL_UNAVAILABLE,,PROVISIONAL_CURRENT_UNIVERSE,[],CURRENT_500,,NO,PARTIAL_IDENTITY_UNRESOLVED,451,20.0,NORMAL
KBS:UPCOM:PXM,PXM,UPCOM,CTCP Xây lắp Dầu khí Miền Trung,SIGNAL_UNAVAILABLE,,PROVISIONAL_CURRENT_UNIVERSE,[],CURRENT_500,,NO,PARTIAL_IDENTITY_UNRESOLVED,452,20.0,NORMAL
KBS:UPCOM:PXS,PXS,UPCOM,CTCP Kết cấu Kim loại và Lắp máy Dầu khí,SIGNAL_UNAVAILABLE,,PROVISIONAL_CURRENT_UNIVERSE,[],CURRENT_500,,NO,PARTIAL_IDENTITY_UNRESOLVED,453,20.0,NORMAL
KBS:UPCOM:QBS,QBS,UPCOM,CTCP Xuất nhập khẩu Quảng Bình,SIGNAL_UNAVAILABLE,,PROVISIONAL_CURRENT_UNIVERSE,[],CURRENT_500,,NO,PARTIAL_IDENTITY_UNRESOLVED,454,20.0,NORMAL
KBS:UPCOM:QCC,QCC,UPCOM,CTCP Đầu tư Xây dựng và Phát triển Hạ tầng Viễn thông,SIGNAL_UNAVAILABLE,,PROVISIONAL_CURRENT_UNIVERSE,[],CURRENT_500,,NO,PARTIAL_IDENTITY_UNRESOLVED,455,20.0,NORMAL
KBS:UPCOM:QHW,QHW,UPCOM,CTCP Nước khoáng Quảng Ninh,SIGNAL_UNAVAILABLE,,PROVISIONAL_CURRENT_UNIVERSE,[],CURRENT_500,,NO,PARTIAL_IDENTITY_UNRESOLVED,456,20.0,NORMAL
KBS:UPCOM:QNC,QNC,UPCOM,CTCP Xi măng và Xây dựng Quảng Ninh,SIGNAL_UNAVAILABLE,,PROVISIONAL_CURRENT_UNIVERSE,[],CURRENT_500,,NO,PARTIAL_IDENTITY_UNRESOLVED,457,20.0,NORMAL
KBS:UPCOM:QNW,QNW,UPCOM,CTCP Cấp thoát nước và Xây dựng Quảng Ngãi,SIGNAL_UNAVAILABLE,,PROVISIONAL_CURRENT_UNIVERSE,[],CURRENT_500,,NO,PARTIAL_IDENTITY_UNRESOLVED,458,20.0,NORMAL
KBS:UPCOM:QPH,QPH,UPCOM,CTCP Thủy điện Quế Phong,SIGNAL_UNAVAILABLE,,PROVISIONAL_CURRENT_UNIVERSE,[],CURRENT_500,,NO,PARTIAL_IDENTITY_UNRESOLVED,459,20.0,NORMAL
KBS:UPCOM:QSP,QSP,UPCOM,CTCP Tân Cảng Quy Nhơn,SIGNAL_UNAVAILABLE,,PROVISIONAL_CURRENT_UNIVERSE,[],CURRENT_500,,NO,PARTIAL_IDENTITY_UNRESOLVED,460,20.0,NORMAL
KBS:UPCOM:RIC,RIC,UPCOM,CTCP Quốc tế Hoàng Gia,SIGNAL_UNAVAILABLE,,PROVISIONAL_CURRENT_UNIVERSE,[],CURRENT_500,,NO,PARTIAL_IDENTITY_UNRESOLVED,461,20.0,NORMAL
KBS:UPCOM:S74,S74,UPCOM,CTCP Sông Đà 7.04,SIGNAL_UNAVAILABLE,,PROVISIONAL_CURRENT_UNIVERSE,[],CURRENT_500,,NO,PARTIAL_IDENTITY_UNRESOLVED,462,20.0,NORMAL
KBS:UPCOM:SBD,SBD,UPCOM,CTCP Công nghệ Sao Bắc Đẩu,SIGNAL_UNAVAILABLE,,PROVISIONAL_CURRENT_UNIVERSE,[],CURRENT_500,,NO,PARTIAL_IDENTITY_UNRESOLVED,463,20.0,NORMAL
KBS:UPCOM:SBM,SBM,UPCOM,CTCP Đầu tư Phát triển Bắc Minh,SIGNAL_UNAVAILABLE,,PROVISIONAL_CURRENT_UNIVERSE,[],CURRENT_500,,NO,PARTIAL_IDENTITY_UNRESOLVED,464,20.0,NORMAL
KBS:UPCOM:SCD,SCD,UPCOM,CTCP Nước giải khát Chương Dương,SIGNAL_UNAVAILABLE,,PROVISIONAL_CURRENT_UNIVERSE,[],CURRENT_500,,NO,PARTIAL_IDENTITY_UNRESOLVED,465,20.0,NORMAL
KBS:UPCOM:SCJ,SCJ,UPCOM,CTCP Xi măng Sài Sơn,SIGNAL_UNAVAILABLE,,PROVISIONAL_CURRENT_UNIVERSE,[],CURRENT_500,,NO,PARTIAL_IDENTITY_UNRESOLVED,466,20.0,NORMAL
KBS:UPCOM:SCL,SCL,UPCOM,CTCP Sông Đà Cao Cường,SIGNAL_UNAVAILABLE,,PROVISIONAL_CURRENT_UNIVERSE,[],CURRENT_500,,NO,PARTIAL_IDENTITY_UNRESOLVED,467,20.0,NORMAL
KBS:UPCOM:SD2,SD2,UPCOM,CTCP Sông Đà 2,SIGNAL_UNAVAILABLE,,PROVISIONAL_CURRENT_UNIVERSE,[],CURRENT_500,,NO,PARTIAL_IDENTITY_UNRESOLVED,468,20.0,NORMAL
KBS:UPCOM:SD7,SD7,UPCOM,CTCP Sông Đà 7,SIGNAL_UNAVAILABLE,,PROVISIONAL_CURRENT_UNIVERSE,[],CURRENT_500,,NO,PARTIAL_IDENTITY_UNRESOLVED,469,20.0,NORMAL
KBS:UPCOM:SDA,SDA,UPCOM,CTCP Simco Sông Đà,SIGNAL_UNAVAILABLE,,PROVISIONAL_CURRENT_UNIVERSE,[],CURRENT_500,,NO,PARTIAL_IDENTITY_UNRESOLVED,470,20.0,NORMAL
KBS:UPCOM:SDP,SDP,UPCOM,CTCP SDP,SIGNAL_UNAVAILABLE,,PROVISIONAL_CURRENT_UNIVERSE,[],CURRENT_500,,NO,PARTIAL_IDENTITY_UNRESOLVED,471,20.0,NORMAL
KBS:UPCOM:SEA,SEA,UPCOM,Tổng Công ty Thủy sản Việt Nam - CTCP,SIGNAL_UNAVAILABLE,,PROVISIONAL_CURRENT_UNIVERSE,[],CURRENT_500,,NO,PARTIAL_IDENTITY_UNRESOLVED,472,20.0,NORMAL
KBS:UPCOM:SGS,SGS,UPCOM,CTCP Vận tải biển Sài Gòn,SIGNAL_UNAVAILABLE,,PROVISIONAL_CURRENT_UNIVERSE,[],CURRENT_500,,NO,PARTIAL_IDENTITY_UNRESOLVED,473,20.0,NORMAL
KBS:UPCOM:SID,SID,UPCOM,CTCP Đầu tư Phát triển Sài Gòn Co.op,SIGNAL_UNAVAILABLE,,PROVISIONAL_CURRENT_UNIVERSE,[],CURRENT_500,,NO,PARTIAL_IDENTITY_UNRESOLVED,474,20.0,NORMAL
KBS:UPCOM:SJG,SJG,UPCOM,Tổng Công ty Sông Đà - CTCP,SIGNAL_UNAVAILABLE,,PROVISIONAL_CURRENT_UNIVERSE,[],CURRENT_500,,NO,PARTIAL_IDENTITY_UNRESOLVED,475,20.0,NORMAL
KBS:UPCOM:SKV,SKV,UPCOM,CTCP Nước giải khát Yến sào Khánh Hòa,SIGNAL_UNAVAILABLE,,PROVISIONAL_CURRENT_UNIVERSE,[],CURRENT_500,,NO,PARTIAL_IDENTITY_UNRESOLVED,476,20.0,NORMAL
KBS:UPCOM:SRB,SRB,UPCOM,CTCP Tập đoàn Sara,SIGNAL_UNAVAILABLE,,PROVISIONAL_CURRENT_UNIVERSE,[],CURRENT_500,,NO,PARTIAL_IDENTITY_UNRESOLVED,477,20.0,NORMAL
KBS:UPCOM:SSG,SSG,UPCOM,CTCP Vận tải biển Hải Âu,SIGNAL_UNAVAILABLE,,PROVISIONAL_CURRENT_UNIVERSE,[],CURRENT_500,,NO,PARTIAL_IDENTITY_UNRESOLVED,478,20.0,NORMAL
KBS:UPCOM:SSH,SSH,UPCOM,CTCP Phát triển Sunshine Homes,SIGNAL_UNAVAILABLE,,PROVISIONAL_CURRENT_UNIVERSE,[],CURRENT_500,,NO,PARTIAL_IDENTITY_UNRESOLVED,479,20.0,NORMAL
KBS:UPCOM:STT,STT,UPCOM,CTCP Vận chuyển Sài Gòn Tourist,SIGNAL_UNAVAILABLE,,PROVISIONAL_CURRENT_UNIVERSE,[],CURRENT_500,,NO,PARTIAL_IDENTITY_UNRESOLVED,480,20.0,NORMAL
KBS:UPCOM:SWC,SWC,UPCOM,Tổng Công ty cổ phần Đường sông Miền Nam,SIGNAL_UNAVAILABLE,,PROVISIONAL_CURRENT_UNIVERSE,[],CURRENT_500,,NO,PARTIAL_IDENTITY_UNRESOLVED,481,20.0,NORMAL
KBS:UPCOM:SZG,SZG,UPCOM,CTCP Sonadezi Giang Điền,SIGNAL_UNAVAILABLE,,PROVISIONAL_CURRENT_UNIVERSE,[],CURRENT_500,,NO,PARTIAL_IDENTITY_UNRESOLVED,482,20.0,NORMAL
KBS:UPCOM:TAR,TAR,UPCOM,CTCP Nông nghiệp Công nghệ cao Trung An,SIGNAL_UNAVAILABLE,,PROVISIONAL_CURRENT_UNIVERSE,[],CURRENT_500,,NO,PARTIAL_IDENTITY_UNRESOLVED,483,20.0,NORMAL
KBS:UPCOM:TCD,TCD,UPCOM,CTCP Tập đoàn Xây dựng TRACODI,SIGNAL_UNAVAILABLE,,PROVISIONAL_CURRENT_UNIVERSE,[],CURRENT_500,,NO,PARTIAL_IDENTITY_UNRESOLVED,484,20.0,NORMAL
KBS:UPCOM:TDB,TDB,UPCOM,CTCP Thủy điện Định Bình,SIGNAL_UNAVAILABLE,,PROVISIONAL_CURRENT_UNIVERSE,[],CURRENT_500,,NO,PARTIAL_IDENTITY_UNRESOLVED,485,20.0,NORMAL
KBS:UPCOM:TDS,TDS,UPCOM,CTCP Thép Thủ Đức - VNSTEEL,SIGNAL_UNAVAILABLE,,PROVISIONAL_CURRENT_UNIVERSE,[],CURRENT_500,,NO,PARTIAL_IDENTITY_UNRESOLVED,486,20.0,NORMAL
KBS:UPCOM:TED,TED,UPCOM,Tổng công ty Tư vấn thiết kế Giao thông vận tải - CTCP,SIGNAL_UNAVAILABLE,,PROVISIONAL_CURRENT_UNIVERSE,[],CURRENT_500,,NO,PARTIAL_IDENTITY_UNRESOLVED,487,20.0,NORMAL
KBS:UPCOM:TGP,TGP,UPCOM,CTCP Trường Phú,SIGNAL_UNAVAILABLE,,PROVISIONAL_CURRENT_UNIVERSE,[],CURRENT_500,,NO,PARTIAL_IDENTITY_UNRESOLVED,488,20.0,NORMAL
KBS:UPCOM:THW,THW,UPCOM,CTCP Cấp nước Tân Hòa,SIGNAL_UNAVAILABLE,,PROVISIONAL_CURRENT_UNIVERSE,[],CURRENT_500,,NO,PARTIAL_IDENTITY_UNRESOLVED,489,20.0,NORMAL
KBS:UPCOM:TIS,TIS,UPCOM,CTCP Gang thép Thái Nguyên,SIGNAL_UNAVAILABLE,,PROVISIONAL_CURRENT_UNIVERSE,[],CURRENT_500,,NO,PARTIAL_IDENTITY_UNRESOLVED,490,20.0,NORMAL
KBS:UPCOM:TLP,TLP,UPCOM,Tổng Công ty Thương mại Xuất nhập khẩu Thanh Lễ - CTCP,SIGNAL_UNAVAILABLE,,PROVISIONAL_CURRENT_UNIVERSE,[],CURRENT_500,,NO,PARTIAL_IDENTITY_UNRESOLVED,491,20.0,NORMAL
KBS:UPCOM:TNW,TNW,UPCOM,CTCP Nước sạch Thái Nguyên,SIGNAL_UNAVAILABLE,,PROVISIONAL_CURRENT_UNIVERSE,[],CURRENT_500,,NO,PARTIAL_IDENTITY_UNRESOLVED,492,20.0,NORMAL
KBS:UPCOM:TOS,TOS,UPCOM,CTCP Dịch vụ biển Tân Cảng,SIGNAL_UNAVAILABLE,,PROVISIONAL_CURRENT_UNIVERSE,[],CURRENT_500,,NO,PARTIAL_IDENTITY_UNRESOLVED,493,20.0,NORMAL
KBS:UPCOM:TOW,TOW,UPCOM,CTCP Cấp nước Trà Nóc - Ô Môn,SIGNAL_UNAVAILABLE,,PROVISIONAL_CURRENT_UNIVERSE,[],CURRENT_500,,NO,PARTIAL_IDENTITY_UNRESOLVED,494,20.0,NORMAL
KBS:UPCOM:TSD,TSD,UPCOM,CTCP Du lịch Trường Sơn COECCO,SIGNAL_UNAVAILABLE,,PROVISIONAL_CURRENT_UNIVERSE,[],CURRENT_500,,NO,PARTIAL_IDENTITY_UNRESOLVED,495,20.0,NORMAL
KBS:UPCOM:TST,TST,UPCOM,CTCP Dịch vụ Kỹ Thuật Viễn thông,SIGNAL_UNAVAILABLE,,PROVISIONAL_CURRENT_UNIVERSE,[],CURRENT_500,,NO,PARTIAL_IDENTITY_UNRESOLVED,496,20.0,NORMAL
KBS:UPCOM:TTD,TTD,UPCOM,CTCP Bệnh viện tim Tâm Đức,SIGNAL_UNAVAILABLE,,PROVISIONAL_CURRENT_UNIVERSE,[],CURRENT_500,,NO,PARTIAL_IDENTITY_UNRESOLVED,497,20.0,NORMAL
KBS:UPCOM:TTG,TTG,UPCOM,CTCP Royal Healthtech TTG,SIGNAL_UNAVAILABLE,,PROVISIONAL_CURRENT_UNIVERSE,[],CURRENT_500,,NO,PARTIAL_IDENTITY_UNRESOLVED,498,20.0,NORMAL
KBS:UPCOM:TTS,TTS,UPCOM,CTCP Cán Thép Thái Trung,SIGNAL_UNAVAILABLE,,PROVISIONAL_CURRENT_UNIVERSE,[],CURRENT_500,,NO,PARTIAL_IDENTITY_UNRESOLVED,499,20.0,NORMAL
KBS:UPCOM:TUG,TUG,UPCOM,CTCP Lai Dắt và Vận tải Cảng Hải Phòng,SIGNAL_UNAVAILABLE,,PROVISIONAL_CURRENT_UNIVERSE,[],CURRENT_500,,NO,PARTIAL_IDENTITY_UNRESOLVED,500,20.0,NORMAL
KBS:UPCOM:TV1,TV1,UPCOM,CTCP Tư vấn Xây dựng Điện 1,SIGNAL_UNAVAILABLE,,PROVISIONAL_CURRENT_UNIVERSE,[],CURRENT_500,,NO,PARTIAL_IDENTITY_UNRESOLVED,501,20.0,NORMAL
KBS:UPCOM:TVN,TVN,UPCOM,Tổng Công ty Thép Việt Nam - CTCP,SIGNAL_UNAVAILABLE,,PROVISIONAL_CURRENT_UNIVERSE,[],CURRENT_500,,NO,PARTIAL_IDENTITY_UNRESOLVED,502,20.0,NORMAL
KBS:UPCOM:USC,USC,UPCOM,CTCP Khảo sát và Xây dựng -USCO,SIGNAL_UNAVAILABLE,,PROVISIONAL_CURRENT_UNIVERSE,[],CURRENT_500,,NO,PARTIAL_IDENTITY_UNRESOLVED,503,20.0,NORMAL
KBS:UPCOM:VAV,VAV,UPCOM,CTCP VIWACO,SIGNAL_UNAVAILABLE,,PROVISIONAL_CURRENT_UNIVERSE,[],CURRENT_500,,NO,PARTIAL_IDENTITY_UNRESOLVED,504,20.0,NORMAL
KBS:UPCOM:VCP,VCP,UPCOM,CTCP Xây Dựng Và Năng Lượng VCP,SIGNAL_UNAVAILABLE,,PROVISIONAL_CURRENT_UNIVERSE,[],CURRENT_500,,NO,PARTIAL_IDENTITY_UNRESOLVED,505,20.0,NORMAL
KBS:UPCOM:VCR,VCR,UPCOM,CTCP Đầu tư và Phát triển Du lịch ITC,SIGNAL_UNAVAILABLE,,PROVISIONAL_CURRENT_UNIVERSE,[],CURRENT_500,,NO,PARTIAL_IDENTITY_UNRESOLVED,506,20.0,NORMAL
KBS:UPCOM:VDN,VDN,UPCOM,CTCP Vinatex Đà Nẵng,SIGNAL_UNAVAILABLE,,PROVISIONAL_CURRENT_UNIVERSE,[],CURRENT_500,,NO,PARTIAL_IDENTITY_UNRESOLVED,507,20.0,NORMAL
KBS:UPCOM:VGG,VGG,UPCOM,Tổng Công ty cổ phần May Việt Tiến,SIGNAL_UNAVAILABLE,,PROVISIONAL_CURRENT_UNIVERSE,[],CURRENT_500,,NO,PARTIAL_IDENTITY_UNRESOLVED,508,20.0,NORMAL
KBS:UPCOM:VGT,VGT,UPCOM,Tập đoàn Dệt May Việt Nam,SIGNAL_UNAVAILABLE,,PROVISIONAL_CURRENT_UNIVERSE,[],CURRENT_500,,NO,PARTIAL_IDENTITY_UNRESOLVED,509,20.0,NORMAL
KBS:UPCOM:VHG,VHG,UPCOM,CTCP Đầu tư Phát triển Việt Trung Nam,SIGNAL_UNAVAILABLE,,PROVISIONAL_CURRENT_UNIVERSE,[],CURRENT_500,,NO,PARTIAL_IDENTITY_UNRESOLVED,510,20.0,NORMAL
KBS:UPCOM:VIM,VIM,UPCOM,CTCP Khoáng sản Viglacera,SIGNAL_UNAVAILABLE,,PROVISIONAL_CURRENT_UNIVERSE,[],CURRENT_500,,NO,PARTIAL_IDENTITY_UNRESOLVED,511,20.0,NORMAL
KBS:UPCOM:VIN,VIN,UPCOM,CTCP Giao nhận Kho vận Ngoại Thương Việt Nam,SIGNAL_UNAVAILABLE,,PROVISIONAL_CURRENT_UNIVERSE,[],CURRENT_500,,NO,PARTIAL_IDENTITY_UNRESOLVED,512,20.0,NORMAL
KBS:UPCOM:VIW,VIW,UPCOM,Tổng Công ty Đầu tư Nước và Môi trường Việt Nam,SIGNAL_UNAVAILABLE,,PROVISIONAL_CURRENT_UNIVERSE,[],CURRENT_500,,NO,PARTIAL_IDENTITY_UNRESOLVED,513,20.0,NORMAL
KBS:UPCOM:VKC,VKC,UPCOM,CTCP VKC Holdings,SIGNAL_UNAVAILABLE,,PROVISIONAL_CURRENT_UNIVERSE,[],CURRENT_500,,NO,PARTIAL_IDENTITY_UNRESOLVED,514,20.0,NORMAL
KBS:UPCOM:VLG,VLG,UPCOM,CTCP VIMC Logistics,SIGNAL_UNAVAILABLE,,PROVISIONAL_CURRENT_UNIVERSE,[],CURRENT_500,,NO,PARTIAL_IDENTITY_UNRESOLVED,515,20.0,NORMAL
KBS:UPCOM:VLW,VLW,UPCOM,CTCP Cấp nước Vĩnh Long,SIGNAL_UNAVAILABLE,,PROVISIONAL_CURRENT_UNIVERSE,[],CURRENT_500,,NO,PARTIAL_IDENTITY_UNRESOLVED,516,20.0,NORMAL
KBS:UPCOM:VNB,VNB,UPCOM,CTCP Sách Việt Nam,SIGNAL_UNAVAILABLE,,PROVISIONAL_CURRENT_UNIVERSE,[],CURRENT_500,,NO,PARTIAL_IDENTITY_UNRESOLVED,517,20.0,NORMAL
KBS:UPCOM:VNI,VNI,UPCOM,CTCP Đầu tư Bất động sản Việt Nam,SIGNAL_UNAVAILABLE,,PROVISIONAL_CURRENT_UNIVERSE,[],CURRENT_500,,NO,PARTIAL_IDENTITY_UNRESOLVED,518,20.0,NORMAL
KBS:UPCOM:VPR,VPR,UPCOM,CTCP VinaPrint,SIGNAL_UNAVAILABLE,,PROVISIONAL_CURRENT_UNIVERSE,[],CURRENT_500,,NO,PARTIAL_IDENTITY_UNRESOLVED,519,20.0,NORMAL
KBS:UPCOM:VSE,VSE,UPCOM,CTCP Dịch vụ Đường cao tốc Việt Nam,SIGNAL_UNAVAILABLE,,PROVISIONAL_CURRENT_UNIVERSE,[],CURRENT_500,,NO,PARTIAL_IDENTITY_UNRESOLVED,520,20.0,NORMAL
KBS:UPCOM:VST,VST,UPCOM,CTCP Vận tải và Thuê tàu biển Việt Nam,SIGNAL_UNAVAILABLE,,PROVISIONAL_CURRENT_UNIVERSE,[],CURRENT_500,,NO,PARTIAL_IDENTITY_UNRESOLVED,521,20.0,NORMAL
KBS:UPCOM:VTK,VTK,UPCOM,CTCP Tư Vấn Và Dịch Vụ Viettel,SIGNAL_UNAVAILABLE,,PROVISIONAL_CURRENT_UNIVERSE,[],CURRENT_500,,NO,PARTIAL_IDENTITY_UNRESOLVED,522,20.0,NORMAL
KBS:UPCOM:VW3,VW3,UPCOM,CTCP Viwaseen3,SIGNAL_UNAVAILABLE,,PROVISIONAL_CURRENT_UNIVERSE,[],CURRENT_500,,NO,PARTIAL_IDENTITY_UNRESOLVED,523,20.0,NORMAL
KBS:UPCOM:WSB,WSB,UPCOM,CTCP Bia Sài Gòn - Miền Tây,SIGNAL_UNAVAILABLE,,PROVISIONAL_CURRENT_UNIVERSE,[],CURRENT_500,,NO,PARTIAL_IDENTITY_UNRESOLVED,524,20.0,NORMAL
KBS:UPCOM:XMC,XMC,UPCOM,CTCP Đầu tư và Xây dựng Xuân Mai,SIGNAL_UNAVAILABLE,,PROVISIONAL_CURRENT_UNIVERSE,[],CURRENT_500,,NO,PARTIAL_IDENTITY_UNRESOLVED,525,20.0,NORMAL
KBS:UPCOM:XMD,XMD,UPCOM,CTCP Xuân Mai - Đạo Tú,SIGNAL_UNAVAILABLE,,PROVISIONAL_CURRENT_UNIVERSE,[],CURRENT_500,,NO,PARTIAL_IDENTITY_UNRESOLVED,526,20.0,NORMAL
KBS:UPCOM:XMP,XMP,UPCOM,CTCP Thủy điện Xuân Minh,SIGNAL_UNAVAILABLE,,PROVISIONAL_CURRENT_UNIVERSE,[],CURRENT_500,,NO,PARTIAL_IDENTITY_UNRESOLVED,527,20.0,NORMAL
