security_id,ticker,exchange,estimated_sessions,estimated_pages,estimated_requests,estimate_basis
KBS:HOSE:AAN,AAN,HOSE,1260,43,43,FULL_BASE_5Y_PLUS_ONE_OVERLAP_PAGE
KBS:HOSE:AAT,AAT,HOSE,1260,43,43,FULL_BASE_5Y_PLUS_ONE_OVERLAP_PAGE
KBS:HOSE:ABR,ABR,HOSE,1260,43,43,FULL_BASE_5Y_PLUS_ONE_OVERLAP_PAGE
KBS:HOSE:ABS,ABS,HOSE,1260,43,43,FULL_BASE_5Y_PLUS_ONE_OVERLAP_PAGE
KBS:HOSE:ABT,ABT,HOSE,1260,43,43,FULL_BASE_5Y_PLUS_ONE_OVERLAP_PAGE
KBS:HOSE:ACG,ACG,HOSE,1260,43,43,FULL_BASE_5Y_PLUS_ONE_OVERLAP_PAGE
KBS:HOSE:ADG,ADG,HOSE,1260,43,43,FULL_BASE_5Y_PLUS_ONE_OVERLAP_PAGE
KBS:HOSE:ADP,ADP,HOSE,1260,43,43,FULL_BASE_5Y_PLUS_ONE_OVERLAP_PAGE
KBS:HOSE:AFX,AFX,HOSE,1260,43,43,FULL_BASE_5Y_PLUS_ONE_OVERLAP_PAGE
KBS:HOSE:AGG,AGG,HOSE,1260,43,43,FULL_BASE_5Y_PLUS_ONE_OVERLAP_PAGE
KBS:HOSE:ANT,ANT,HOSE,1260,43,43,FULL_BASE_5Y_PLUS_ONE_OVERLAP_PAGE
KBS:HOSE:APG,APG,HOSE,1260,43,43,FULL_BASE_5Y_PLUS_ONE_OVERLAP_PAGE
KBS:HOSE:APH,APH,HOSE,1260,43,43,FULL_BASE_5Y_PLUS_ONE_OVERLAP_PAGE
KBS:HOSE:ASG,ASG,HOSE,1260,43,43,FULL_BASE_5Y_PLUS_ONE_OVERLAP_PAGE
KBS:HOSE:ASM,ASM,HOSE,1260,43,43,FULL_BASE_5Y_PLUS_ONE_OVERLAP_PAGE
KBS:HOSE:ASP,ASP,HOSE,1260,43,43,FULL_BASE_5Y_PLUS_ONE_OVERLAP_PAGE
KBS:HOSE:BAF,BAF,HOSE,1260,43,43,FULL_BASE_5Y_PLUS_ONE_OVERLAP_PAGE
KBS:HOSE:BHN,BHN,HOSE,1260,43,43,FULL_BASE_5Y_PLUS_ONE_OVERLAP_PAGE
KBS:HOSE:BIC,BIC,HOSE,1260,43,43,FULL_BASE_5Y_PLUS_ONE_OVERLAP_PAGE
KBS:HOSE:BMC,BMC,HOSE,1260,43,43,FULL_BASE_5Y_PLUS_ONE_OVERLAP_PAGE
KBS:HOSE:BMI,BMI,HOSE,1260,43,43,FULL_BASE_5Y_PLUS_ONE_OVERLAP_PAGE
KBS:HOSE:BRC,BRC,HOSE,1260,43,43,FULL_BASE_5Y_PLUS_ONE_OVERLAP_PAGE
KBS:HOSE:BSI,BSI,HOSE,1260,43,43,FULL_BASE_5Y_PLUS_ONE_OVERLAP_PAGE
KBS:HOSE:BSR,BSR,HOSE,1260,43,43,FULL_BASE_5Y_PLUS_ONE_OVERLAP_PAGE
KBS:HOSE:BTP,BTP,HOSE,1260,43,43,FULL_BASE_5Y_PLUS_ONE_OVERLAP_PAGE
KBS:HOSE:BTT,BTT,HOSE,1260,43,43,FULL_BASE_5Y_PLUS_ONE_OVERLAP_PAGE
KBS:HOSE:BVB,BVB,HOSE,1260,43,43,FULL_BASE_5Y_PLUS_ONE_OVERLAP_PAGE
KBS:HOSE:BWE,BWE,HOSE,1260,43,43,FULL_BASE_5Y_PLUS_ONE_OVERLAP_PAGE
KBS:HOSE:C32,C32,HOSE,1260,43,43,FULL_BASE_5Y_PLUS_ONE_OVERLAP_PAGE
KBS:HOSE:C47,C47,HOSE,1260,43,43,FULL_BASE_5Y_PLUS_ONE_OVERLAP_PAGE
KBS:HOSE:CCC,CCC,HOSE,1260,43,43,FULL_BASE_5Y_PLUS_ONE_OVERLAP_PAGE
KBS:HOSE:CCI,CCI,HOSE,1260,43,43,FULL_BASE_5Y_PLUS_ONE_OVERLAP_PAGE
KBS:HOSE:CDC,CDC,HOSE,1260,43,43,FULL_BASE_5Y_PLUS_ONE_OVERLAP_PAGE
KBS:HOSE:CIG,CIG,HOSE,1260,43,43,FULL_BASE_5Y_PLUS_ONE_OVERLAP_PAGE
KBS:HOSE:CLL,CLL,HOSE,1260,43,43,FULL_BASE_5Y_PLUS_ONE_OVERLAP_PAGE
KBS:HOSE:CMV,CMV,HOSE,1260,43,43,FULL_BASE_5Y_PLUS_ONE_OVERLAP_PAGE
KBS:HOSE:CNG,CNG,HOSE,1260,43,43,FULL_BASE_5Y_PLUS_ONE_OVERLAP_PAGE
KBS:HOSE:COM,COM,HOSE,1260,43,43,FULL_BASE_5Y_PLUS_ONE_OVERLAP_PAGE
KBS:HOSE:CRC,CRC,HOSE,1260,43,43,FULL_BASE_5Y_PLUS_ONE_OVERLAP_PAGE
KBS:HOSE:CRV,CRV,HOSE,1260,43,43,FULL_BASE_5Y_PLUS_ONE_OVERLAP_PAGE
KBS:HOSE:CSM,CSM,HOSE,1260,43,43,FULL_BASE_5Y_PLUS_ONE_OVERLAP_PAGE
KBS:HOSE:CSV,CSV,HOSE,1260,43,43,FULL_BASE_5Y_PLUS_ONE_OVERLAP_PAGE
KBS:HOSE:CTF,CTF,HOSE,1260,43,43,FULL_BASE_5Y_PLUS_ONE_OVERLAP_PAGE
KBS:HOSE:CTI,CTI,HOSE,1260,43,43,FULL_BASE_5Y_PLUS_ONE_OVERLAP_PAGE
KBS:HOSE:CVT,CVT,HOSE,1260,43,43,FULL_BASE_5Y_PLUS_ONE_OVERLAP_PAGE
KBS:HOSE:D2D,D2D,HOSE,1260,43,43,FULL_BASE_5Y_PLUS_ONE_OVERLAP_PAGE
KBS:HOSE:DAT,DAT,HOSE,1260,43,43,FULL_BASE_5Y_PLUS_ONE_OVERLAP_PAGE
KBS:HOSE:DBD,DBD,HOSE,1260,43,43,FULL_BASE_5Y_PLUS_ONE_OVERLAP_PAGE
KBS:HOSE:DBT,DBT,HOSE,1260,43,43,FULL_BASE_5Y_PLUS_ONE_OVERLAP_PAGE
KBS:HOSE:DHA,DHA,HOSE,1260,43,43,FULL_BASE_5Y_PLUS_ONE_OVERLAP_PAGE
KBS:HOSE:DHC,DHC,HOSE,1260,43,43,FULL_BASE_5Y_PLUS_ONE_OVERLAP_PAGE
KBS:HOSE:DHM,DHM,HOSE,1260,43,43,FULL_BASE_5Y_PLUS_ONE_OVERLAP_PAGE
KBS:HOSE:DIG,DIG,HOSE,1260,43,43,FULL_BASE_5Y_PLUS_ONE_OVERLAP_PAGE
KBS:HOSE:DLG,DLG,HOSE,1260,43,43,FULL_BASE_5Y_PLUS_ONE_OVERLAP_PAGE
KBS:HOSE:DMX,DMX,HOSE,1260,43,43,FULL_BASE_5Y_PLUS_ONE_OVERLAP_PAGE
KBS:HOSE:DPG,DPG,HOSE,1260,43,43,FULL_BASE_5Y_PLUS_ONE_OVERLAP_PAGE
KBS:HOSE:DPR,DPR,HOSE,1260,43,43,FULL_BASE_5Y_PLUS_ONE_OVERLAP_PAGE
KBS:HOSE:DQC,DQC,HOSE,1260,43,43,FULL_BASE_5Y_PLUS_ONE_OVERLAP_PAGE
KBS:HOSE:DRC,DRC,HOSE,1260,43,43,FULL_BASE_5Y_PLUS_ONE_OVERLAP_PAGE
KBS:HOSE:DRH,DRH,HOSE,1260,43,43,FULL_BASE_5Y_PLUS_ONE_OVERLAP_PAGE
KBS:HOSE:DRL,DRL,HOSE,1260,43,43,FULL_BASE_5Y_PLUS_ONE_OVERLAP_PAGE
KBS:HOSE:DSC,DSC,HOSE,1260,43,43,FULL_BASE_5Y_PLUS_ONE_OVERLAP_PAGE
KBS:HOSE:DSE,DSE,HOSE,1260,43,43,FULL_BASE_5Y_PLUS_ONE_OVERLAP_PAGE
KBS:HOSE:DSN,DSN,HOSE,1260,43,43,FULL_BASE_5Y_PLUS_ONE_OVERLAP_PAGE
KBS:HOSE:DTL,DTL,HOSE,1260,43,43,FULL_BASE_5Y_PLUS_ONE_OVERLAP_PAGE
KBS:HOSE:DXG,DXG,HOSE,1260,43,43,FULL_BASE_5Y_PLUS_ONE_OVERLAP_PAGE
KBS:HOSE:DXS,DXS,HOSE,1260,43,43,FULL_BASE_5Y_PLUS_ONE_OVERLAP_PAGE
KBS:HOSE:DXV,DXV,HOSE,1260,43,43,FULL_BASE_5Y_PLUS_ONE_OVERLAP_PAGE
KBS:HOSE:EIB,EIB,HOSE,1260,43,43,FULL_BASE_5Y_PLUS_ONE_OVERLAP_PAGE
KBS:HOSE:EVG,EVG,HOSE,1260,43,43,FULL_BASE_5Y_PLUS_ONE_OVERLAP_PAGE
KBS:HOSE:FCM,FCM,HOSE,1260,43,43,FULL_BASE_5Y_PLUS_ONE_OVERLAP_PAGE
KBS:HOSE:FCN,FCN,HOSE,1260,43,43,FULL_BASE_5Y_PLUS_ONE_OVERLAP_PAGE
KBS:HOSE:FTS,FTS,HOSE,1260,43,43,FULL_BASE_5Y_PLUS_ONE_OVERLAP_PAGE
KBS:HOSE:GEE,GEE,HOSE,1260,43,43,FULL_BASE_5Y_PLUS_ONE_OVERLAP_PAGE
KBS:HOSE:GEL,GEL,HOSE,1260,43,43,FULL_BASE_5Y_PLUS_ONE_OVERLAP_PAGE
KBS:HOSE:GIL,GIL,HOSE,1260,43,43,FULL_BASE_5Y_PLUS_ONE_OVERLAP_PAGE
KBS:HOSE:GSP,GSP,HOSE,1260,43,43,FULL_BASE_5Y_PLUS_ONE_OVERLAP_PAGE
KBS:HOSE:HAG,HAG,HOSE,1260,43,43,FULL_BASE_5Y_PLUS_ONE_OVERLAP_PAGE
KBS:HOSE:HAP,HAP,HOSE,1260,43,43,FULL_BASE_5Y_PLUS_ONE_OVERLAP_PAGE
KBS:HOSE:HCD,HCD,HOSE,1260,43,43,FULL_BASE_5Y_PLUS_ONE_OVERLAP_PAGE
KBS:HOSE:HDG,HDG,HOSE,1260,43,43,FULL_BASE_5Y_PLUS_ONE_OVERLAP_PAGE
KBS:HOSE:HHS,HHS,HOSE,1260,43,43,FULL_BASE_5Y_PLUS_ONE_OVERLAP_PAGE
KBS:HOSE:HII,HII,HOSE,1260,43,43,FULL_BASE_5Y_PLUS_ONE_OVERLAP_PAGE
KBS:HOSE:HMC,HMC,HOSE,1260,43,43,FULL_BASE_5Y_PLUS_ONE_OVERLAP_PAGE
KBS:HOSE:HNA,HNA,HOSE,1260,43,43,FULL_BASE_5Y_PLUS_ONE_OVERLAP_PAGE
KBS:HOSE:HPA,HPA,HOSE,1260,43,43,FULL_BASE_5Y_PLUS_ONE_OVERLAP_PAGE
KBS:HOSE:HPX,HPX,HOSE,1260,43,43,FULL_BASE_5Y_PLUS_ONE_OVERLAP_PAGE
KBS:HOSE:HSG,HSG,HOSE,1260,43,43,FULL_BASE_5Y_PLUS_ONE_OVERLAP_PAGE
KBS:HOSE:HSL,HSL,HOSE,1260,43,43,FULL_BASE_5Y_PLUS_ONE_OVERLAP_PAGE
KBS:HOSE:HT1,HT1,HOSE,1260,43,43,FULL_BASE_5Y_PLUS_ONE_OVERLAP_PAGE
KBS:HOSE:HTI,HTI,HOSE,1260,43,43,FULL_BASE_5Y_PLUS_ONE_OVERLAP_PAGE
KBS:HOSE:HTL,HTL,HOSE,1260,43,43,FULL_BASE_5Y_PLUS_ONE_OVERLAP_PAGE
KBS:HOSE:HVH,HVH,HOSE,1260,43,43,FULL_BASE_5Y_PLUS_ONE_OVERLAP_PAGE
KBS:HOSE:HVN,HVN,HOSE,1260,43,43,FULL_BASE_5Y_PLUS_ONE_OVERLAP_PAGE
KBS:HOSE:ICT,ICT,HOSE,1260,43,43,FULL_BASE_5Y_PLUS_ONE_OVERLAP_PAGE
KBS:HOSE:IDI,IDI,HOSE,1260,43,43,FULL_BASE_5Y_PLUS_ONE_OVERLAP_PAGE
KBS:HOSE:IJC,IJC,HOSE,1260,43,43,FULL_BASE_5Y_PLUS_ONE_OVERLAP_PAGE
KBS:HOSE:ILB,ILB,HOSE,1260,43,43,FULL_BASE_5Y_PLUS_ONE_OVERLAP_PAGE
KBS:HOSE:KDC,KDC,HOSE,1260,43,43,FULL_BASE_5Y_PLUS_ONE_OVERLAP_PAGE
KBS:HOSE:KHG,KHG,HOSE,1260,43,43,FULL_BASE_5Y_PLUS_ONE_OVERLAP_PAGE
KBS:HOSE:KOS,KOS,HOSE,1260,43,43,FULL_BASE_5Y_PLUS_ONE_OVERLAP_PAGE
KBS:HOSE:LBM,LBM,HOSE,1260,43,43,FULL_BASE_5Y_PLUS_ONE_OVERLAP_PAGE
KBS:HOSE:LCG,LCG,HOSE,1260,43,43,FULL_BASE_5Y_PLUS_ONE_OVERLAP_PAGE
KBS:HOSE:LGC,LGC,HOSE,1260,43,43,FULL_BASE_5Y_PLUS_ONE_OVERLAP_PAGE
KBS:HOSE:LPS,LPS,HOSE,1260,43,43,FULL_BASE_5Y_PLUS_ONE_OVERLAP_PAGE
KBS:HOSE:MDG,MDG,HOSE,1260,43,43,FULL_BASE_5Y_PLUS_ONE_OVERLAP_PAGE
KBS:HOSE:MHC,MHC,HOSE,1260,43,43,FULL_BASE_5Y_PLUS_ONE_OVERLAP_PAGE
KBS:HOSE:MIG,MIG,HOSE,1260,43,43,FULL_BASE_5Y_PLUS_ONE_OVERLAP_PAGE
KBS:HOSE:MSB,MSB,HOSE,1260,43,43,FULL_BASE_5Y_PLUS_ONE_OVERLAP_PAGE
KBS:HOSE:MZG,MZG,HOSE,1260,43,43,FULL_BASE_5Y_PLUS_ONE_OVERLAP_PAGE
KBS:HOSE:NAB,NAB,HOSE,1260,43,43,FULL_BASE_5Y_PLUS_ONE_OVERLAP_PAGE
KBS:HOSE:NBB,NBB,HOSE,1260,43,43,FULL_BASE_5Y_PLUS_ONE_OVERLAP_PAGE
KBS:HOSE:NCT,NCT,HOSE,1260,43,43,FULL_BASE_5Y_PLUS_ONE_OVERLAP_PAGE
KBS:HOSE:NHA,NHA,HOSE,1260,43,43,FULL_BASE_5Y_PLUS_ONE_OVERLAP_PAGE
KBS:HOSE:NHH,NHH,HOSE,1260,43,43,FULL_BASE_5Y_PLUS_ONE_OVERLAP_PAGE
KBS:HOSE:NHT,NHT,HOSE,1260,43,43,FULL_BASE_5Y_PLUS_ONE_OVERLAP_PAGE
KBS:HOSE:NKG,NKG,HOSE,1260,43,43,FULL_BASE_5Y_PLUS_ONE_OVERLAP_PAGE
KBS:HOSE:NLG,NLG,HOSE,1260,43,43,FULL_BASE_5Y_PLUS_ONE_OVERLAP_PAGE
KBS:HOSE:NSC,NSC,HOSE,1260,43,43,FULL_BASE_5Y_PLUS_ONE_OVERLAP_PAGE
KBS:HOSE:NTL,NTL,HOSE,1260,43,43,FULL_BASE_5Y_PLUS_ONE_OVERLAP_PAGE
KBS:HOSE:NVL,NVL,HOSE,1260,43,43,FULL_BASE_5Y_PLUS_ONE_OVERLAP_PAGE
KBS:HOSE:NVT,NVT,HOSE,1260,43,43,FULL_BASE_5Y_PLUS_ONE_OVERLAP_PAGE
KBS:HOSE:OGC,OGC,HOSE,1260,43,43,FULL_BASE_5Y_PLUS_ONE_OVERLAP_PAGE
KBS:HOSE:OPC,OPC,HOSE,1260,43,43,FULL_BASE_5Y_PLUS_ONE_OVERLAP_PAGE
KBS:HOSE:ORS,ORS,HOSE,1260,43,43,FULL_BASE_5Y_PLUS_ONE_OVERLAP_PAGE
KBS:HOSE:PAN,PAN,HOSE,1260,43,43,FULL_BASE_5Y_PLUS_ONE_OVERLAP_PAGE
KBS:HOSE:PC1,PC1,HOSE,1260,43,43,FULL_BASE_5Y_PLUS_ONE_OVERLAP_PAGE
KBS:HOSE:PDR,PDR,HOSE,1260,43,43,FULL_BASE_5Y_PLUS_ONE_OVERLAP_PAGE
KBS:HOSE:PET,PET,HOSE,1260,43,43,FULL_BASE_5Y_PLUS_ONE_OVERLAP_PAGE
KBS:HOSE:PGC,PGC,HOSE,1260,43,43,FULL_BASE_5Y_PLUS_ONE_OVERLAP_PAGE
KBS:HOSE:PGD,PGD,HOSE,1260,43,43,FULL_BASE_5Y_PLUS_ONE_OVERLAP_PAGE
KBS:HOSE:PHC,PHC,HOSE,1260,43,43,FULL_BASE_5Y_PLUS_ONE_OVERLAP_PAGE
KBS:HOSE:PJT,PJT,HOSE,1260,43,43,FULL_BASE_5Y_PLUS_ONE_OVERLAP_PAGE
KBS:HOSE:PMG,PMG,HOSE,1260,43,43,FULL_BASE_5Y_PLUS_ONE_OVERLAP_PAGE
KBS:HOSE:PNC,PNC,HOSE,1260,43,43,FULL_BASE_5Y_PLUS_ONE_OVERLAP_PAGE
KBS:HOSE:PPC,PPC,HOSE,1260,43,43,FULL_BASE_5Y_PLUS_ONE_OVERLAP_PAGE
KBS:HOSE:PTB,PTB,HOSE,1260,43,43,FULL_BASE_5Y_PLUS_ONE_OVERLAP_PAGE
KBS:HOSE:PTC,PTC,HOSE,1260,43,43,FULL_BASE_5Y_PLUS_ONE_OVERLAP_PAGE
KBS:HOSE:PVT,PVT,HOSE,1260,43,43,FULL_BASE_5Y_PLUS_ONE_OVERLAP_PAGE
KBS:HOSE:QNP,QNP,HOSE,1260,43,43,FULL_BASE_5Y_PLUS_ONE_OVERLAP_PAGE
KBS:HOSE:RAL,RAL,HOSE,1260,43,43,FULL_BASE_5Y_PLUS_ONE_OVERLAP_PAGE
KBS:HOSE:RYG,RYG,HOSE,1260,43,43,FULL_BASE_5Y_PLUS_ONE_OVERLAP_PAGE
KBS:HOSE:SAM,SAM,HOSE,1260,43,43,FULL_BASE_5Y_PLUS_ONE_OVERLAP_PAGE
KBS:HOSE:SBA,SBA,HOSE,1260,43,43,FULL_BASE_5Y_PLUS_ONE_OVERLAP_PAGE
KBS:HOSE:SBG,SBG,HOSE,1260,43,43,FULL_BASE_5Y_PLUS_ONE_OVERLAP_PAGE
KBS:HOSE:SBT,SBT,HOSE,1260,43,43,FULL_BASE_5Y_PLUS_ONE_OVERLAP_PAGE
KBS:HOSE:SCR,SCR,HOSE,1260,43,43,FULL_BASE_5Y_PLUS_ONE_OVERLAP_PAGE
KBS:HOSE:SFC,SFC,HOSE,1260,43,43,FULL_BASE_5Y_PLUS_ONE_OVERLAP_PAGE
KBS:HOSE:SFG,SFG,HOSE,1260,43,43,FULL_BASE_5Y_PLUS_ONE_OVERLAP_PAGE
KBS:HOSE:SFI,SFI,HOSE,1260,43,43,FULL_BASE_5Y_PLUS_ONE_OVERLAP_PAGE
KBS:HOSE:SGN,SGN,HOSE,1260,43,43,FULL_BASE_5Y_PLUS_ONE_OVERLAP_PAGE
KBS:HOSE:SGR,SGR,HOSE,1260,43,43,FULL_BASE_5Y_PLUS_ONE_OVERLAP_PAGE
KBS:HOSE:SGT,SGT,HOSE,1260,43,43,FULL_BASE_5Y_PLUS_ONE_OVERLAP_PAGE
KBS:HOSE:SHA,SHA,HOSE,1260,43,43,FULL_BASE_5Y_PLUS_ONE_OVERLAP_PAGE
KBS:HOSE:SJD,SJD,HOSE,1260,43,43,FULL_BASE_5Y_PLUS_ONE_OVERLAP_PAGE
KBS:HOSE:SJS,SJS,HOSE,1260,43,43,FULL_BASE_5Y_PLUS_ONE_OVERLAP_PAGE
KBS:HOSE:SKG,SKG,HOSE,1260,43,43,FULL_BASE_5Y_PLUS_ONE_OVERLAP_PAGE
KBS:HOSE:SMA,SMA,HOSE,1260,43,43,FULL_BASE_5Y_PLUS_ONE_OVERLAP_PAGE
KBS:HOSE:SMB,SMB,HOSE,1260,43,43,FULL_BASE_5Y_PLUS_ONE_OVERLAP_PAGE
KBS:HOSE:SMC,SMC,HOSE,1260,43,43,FULL_BASE_5Y_PLUS_ONE_OVERLAP_PAGE
KBS:HOSE:SPM,SPM,HOSE,1260,43,43,FULL_BASE_5Y_PLUS_ONE_OVERLAP_PAGE
KBS:HOSE:SRF,SRF,HOSE,1260,43,43,FULL_BASE_5Y_PLUS_ONE_OVERLAP_PAGE
KBS:HOSE:ST8,ST8,HOSE,1260,43,43,FULL_BASE_5Y_PLUS_ONE_OVERLAP_PAGE
KBS:HOSE:STB,STB,HOSE,1260,43,43,FULL_BASE_5Y_PLUS_ONE_OVERLAP_PAGE
KBS:HOSE:STG,STG,HOSE,1260,43,43,FULL_BASE_5Y_PLUS_ONE_OVERLAP_PAGE
KBS:HOSE:SVD,SVD,HOSE,1260,43,43,FULL_BASE_5Y_PLUS_ONE_OVERLAP_PAGE
KBS:HOSE:SZL,SZL,HOSE,1260,43,43,FULL_BASE_5Y_PLUS_ONE_OVERLAP_PAGE
KBS:HOSE:TAL,TAL,HOSE,1260,43,43,FULL_BASE_5Y_PLUS_ONE_OVERLAP_PAGE
KBS:HOSE:TBC,TBC,HOSE,1260,43,43,FULL_BASE_5Y_PLUS_ONE_OVERLAP_PAGE
KBS:HOSE:TCH,TCH,HOSE,1260,43,43,FULL_BASE_5Y_PLUS_ONE_OVERLAP_PAGE
KBS:HOSE:TCI,TCI,HOSE,1260,43,43,FULL_BASE_5Y_PLUS_ONE_OVERLAP_PAGE
KBS:HOSE:TCM,TCM,HOSE,1260,43,43,FULL_BASE_5Y_PLUS_ONE_OVERLAP_PAGE
KBS:HOSE:TCO,TCO,HOSE,1260,43,43,FULL_BASE_5Y_PLUS_ONE_OVERLAP_PAGE
KBS:HOSE:TCT,TCT,HOSE,1260,43,43,FULL_BASE_5Y_PLUS_ONE_OVERLAP_PAGE
KBS:HOSE:TCX,TCX,HOSE,1260,43,43,FULL_BASE_5Y_PLUS_ONE_OVERLAP_PAGE
KBS:HOSE:TDC,TDC,HOSE,1260,43,43,FULL_BASE_5Y_PLUS_ONE_OVERLAP_PAGE
KBS:HOSE:TDG,TDG,HOSE,1260,43,43,FULL_BASE_5Y_PLUS_ONE_OVERLAP_PAGE
KBS:HOSE:TDH,TDH,HOSE,1260,43,43,FULL_BASE_5Y_PLUS_ONE_OVERLAP_PAGE
KBS:HOSE:TDM,TDM,HOSE,1260,43,43,FULL_BASE_5Y_PLUS_ONE_OVERLAP_PAGE
KBS:HOSE:TDW,TDW,HOSE,1260,43,43,FULL_BASE_5Y_PLUS_ONE_OVERLAP_PAGE
KBS:HOSE:TEG,TEG,HOSE,1260,43,43,FULL_BASE_5Y_PLUS_ONE_OVERLAP_PAGE
KBS:HOSE:TIP,TIP,HOSE,1260,43,43,FULL_BASE_5Y_PLUS_ONE_OVERLAP_PAGE
KBS:HOSE:TLD,TLD,HOSE,1260,43,43,FULL_BASE_5Y_PLUS_ONE_OVERLAP_PAGE
KBS:HOSE:TLG,TLG,HOSE,1260,43,43,FULL_BASE_5Y_PLUS_ONE_OVERLAP_PAGE
KBS:HOSE:TLH,TLH,HOSE,1260,43,43,FULL_BASE_5Y_PLUS_ONE_OVERLAP_PAGE
KBS:HOSE:TMP,TMP,HOSE,1260,43,43,FULL_BASE_5Y_PLUS_ONE_OVERLAP_PAGE
KBS:HOSE:TMS,TMS,HOSE,1260,43,43,FULL_BASE_5Y_PLUS_ONE_OVERLAP_PAGE
KBS:HOSE:TNC,TNC,HOSE,1260,43,43,FULL_BASE_5Y_PLUS_ONE_OVERLAP_PAGE
KBS:HOSE:TPC,TPC,HOSE,1260,43,43,FULL_BASE_5Y_PLUS_ONE_OVERLAP_PAGE
KBS:HOSE:TRA,TRA,HOSE,1260,43,43,FULL_BASE_5Y_PLUS_ONE_OVERLAP_PAGE
KBS:HOSE:TSA,TSA,HOSE,1260,43,43,FULL_BASE_5Y_PLUS_ONE_OVERLAP_PAGE
KBS:HOSE:TSC,TSC,HOSE,1260,43,43,FULL_BASE_5Y_PLUS_ONE_OVERLAP_PAGE
KBS:HOSE:TTA,TTA,HOSE,1260,43,43,FULL_BASE_5Y_PLUS_ONE_OVERLAP_PAGE
KBS:HOSE:TTE,TTE,HOSE,1260,43,43,FULL_BASE_5Y_PLUS_ONE_OVERLAP_PAGE
KBS:HOSE:TTF,TTF,HOSE,1260,43,43,FULL_BASE_5Y_PLUS_ONE_OVERLAP_PAGE
KBS:HOSE:TYA,TYA,HOSE,1260,43,43,FULL_BASE_5Y_PLUS_ONE_OVERLAP_PAGE
KBS:HOSE:VBB,VBB,HOSE,1260,43,43,FULL_BASE_5Y_PLUS_ONE_OVERLAP_PAGE
KBS:HOSE:VCA,VCA,HOSE,1260,43,43,FULL_BASE_5Y_PLUS_ONE_OVERLAP_PAGE
KBS:HOSE:VCF,VCF,HOSE,1260,43,43,FULL_BASE_5Y_PLUS_ONE_OVERLAP_PAGE
KBS:HOSE:VCI,VCI,HOSE,1260,43,43,FULL_BASE_5Y_PLUS_ONE_OVERLAP_PAGE
KBS:HOSE:VCK,VCK,HOSE,1260,43,43,FULL_BASE_5Y_PLUS_ONE_OVERLAP_PAGE
KBS:HOSE:VDP,VDP,HOSE,1260,43,43,FULL_BASE_5Y_PLUS_ONE_OVERLAP_PAGE
KBS:HOSE:VIB,VIB,HOSE,1260,43,43,FULL_BASE_5Y_PLUS_ONE_OVERLAP_PAGE
KBS:HOSE:VIC,VIC,HOSE,1260,43,43,FULL_BASE_5Y_PLUS_ONE_OVERLAP_PAGE
KBS:HOSE:VIP,VIP,HOSE,1260,43,43,FULL_BASE_5Y_PLUS_ONE_OVERLAP_PAGE
KBS:HOSE:VNG,VNG,HOSE,1260,43,43,FULL_BASE_5Y_PLUS_ONE_OVERLAP_PAGE
KBS:HOSE:VNL,VNL,HOSE,1260,43,43,FULL_BASE_5Y_PLUS_ONE_OVERLAP_PAGE
KBS:HOSE:VNS,VNS,HOSE,1260,43,43,FULL_BASE_5Y_PLUS_ONE_OVERLAP_PAGE
KBS:HOSE:VOS,VOS,HOSE,1260,43,43,FULL_BASE_5Y_PLUS_ONE_OVERLAP_PAGE
KBS:HOSE:VPB,VPB,HOSE,1260,43,43,FULL_BASE_5Y_PLUS_ONE_OVERLAP_PAGE
KBS:HOSE:VPD,VPD,HOSE,1260,43,43,FULL_BASE_5Y_PLUS_ONE_OVERLAP_PAGE
KBS:HOSE:VPH,VPH,HOSE,1260,43,43,FULL_BASE_5Y_PLUS_ONE_OVERLAP_PAGE
KBS:HOSE:VPI,VPI,HOSE,1260,43,43,FULL_BASE_5Y_PLUS_ONE_OVERLAP_PAGE
KBS:HOSE:VPL,VPL,HOSE,1260,43,43,FULL_BASE_5Y_PLUS_ONE_OVERLAP_PAGE
KBS:HOSE:VPS,VPS,HOSE,1260,43,43,FULL_BASE_5Y_PLUS_ONE_OVERLAP_PAGE
KBS:HOSE:VPX,VPX,HOSE,1260,43,43,FULL_BASE_5Y_PLUS_ONE_OVERLAP_PAGE
KBS:HOSE:VRC,VRC,HOSE,1260,43,43,FULL_BASE_5Y_PLUS_ONE_OVERLAP_PAGE
KBS:HOSE:VRE,VRE,HOSE,1260,43,43,FULL_BASE_5Y_PLUS_ONE_OVERLAP_PAGE
KBS:HOSE:VSC,VSC,HOSE,1260,43,43,FULL_BASE_5Y_PLUS_ONE_OVERLAP_PAGE
KBS:HOSE:VSH,VSH,HOSE,1260,43,43,FULL_BASE_5Y_PLUS_ONE_OVERLAP_PAGE
KBS:HOSE:VTB,VTB,HOSE,1260,43,43,FULL_BASE_5Y_PLUS_ONE_OVERLAP_PAGE
KBS:HOSE:VTO,VTO,HOSE,1260,43,43,FULL_BASE_5Y_PLUS_ONE_OVERLAP_PAGE
KBS:HOSE:VTP,VTP,HOSE,1260,43,43,FULL_BASE_5Y_PLUS_ONE_OVERLAP_PAGE
KBS:HOSE:YBM,YBM,HOSE,1260,43,43,FULL_BASE_5Y_PLUS_ONE_OVERLAP_PAGE
KBS:HOSE:YEG,YEG,HOSE,1260,43,43,FULL_BASE_5Y_PLUS_ONE_OVERLAP_PAGE
KBS:HNX:ALT,ALT,HNX,1260,43,43,FULL_BASE_5Y_PLUS_ONE_OVERLAP_PAGE
KBS:HNX:API,API,HNX,1260,43,43,FULL_BASE_5Y_PLUS_ONE_OVERLAP_PAGE
KBS:HNX:ARM,ARM,HNX,1260,43,43,FULL_BASE_5Y_PLUS_ONE_OVERLAP_PAGE
KBS:HNX:BED,BED,HNX,1260,43,43,FULL_BASE_5Y_PLUS_ONE_OVERLAP_PAGE
KBS:HNX:BKC,BKC,HNX,1260,43,43,FULL_BASE_5Y_PLUS_ONE_OVERLAP_PAGE
KBS:HNX:BNA,BNA,HNX,1260,43,43,FULL_BASE_5Y_PLUS_ONE_OVERLAP_PAGE
KBS:HNX:BVS,BVS,HNX,1260,43,43,FULL_BASE_5Y_PLUS_ONE_OVERLAP_PAGE
KBS:HNX:BXH,BXH,HNX,1260,43,43,FULL_BASE_5Y_PLUS_ONE_OVERLAP_PAGE
KBS:HNX:C69,C69,HNX,1260,43,43,FULL_BASE_5Y_PLUS_ONE_OVERLAP_PAGE
KBS:HNX:CAN,CAN,HNX,1260,43,43,FULL_BASE_5Y_PLUS_ONE_OVERLAP_PAGE
KBS:HNX:CCR,CCR,HNX,1260,43,43,FULL_BASE_5Y_PLUS_ONE_OVERLAP_PAGE
KBS:HNX:CIA,CIA,HNX,1260,43,43,FULL_BASE_5Y_PLUS_ONE_OVERLAP_PAGE
KBS:HNX:CJC,CJC,HNX,1260,43,43,FULL_BASE_5Y_PLUS_ONE_OVERLAP_PAGE
KBS:HNX:CKV,CKV,HNX,1260,43,43,FULL_BASE_5Y_PLUS_ONE_OVERLAP_PAGE
KBS:HNX:CLM,CLM,HNX,1260,43,43,FULL_BASE_5Y_PLUS_ONE_OVERLAP_PAGE
KBS:HNX:CMS,CMS,HNX,1260,43,43,FULL_BASE_5Y_PLUS_ONE_OVERLAP_PAGE
KBS:HNX:CPC,CPC,HNX,1260,43,43,FULL_BASE_5Y_PLUS_ONE_OVERLAP_PAGE
KBS:HNX:CSC,CSC,HNX,1260,43,43,FULL_BASE_5Y_PLUS_ONE_OVERLAP_PAGE
KBS:HNX:CST,CST,HNX,1260,43,43,FULL_BASE_5Y_PLUS_ONE_OVERLAP_PAGE
KBS:HNX:CTB,CTB,HNX,1260,43,43,FULL_BASE_5Y_PLUS_ONE_OVERLAP_PAGE
KBS:HNX:CTP,CTP,HNX,1260,43,43,FULL_BASE_5Y_PLUS_ONE_OVERLAP_PAGE
KBS:HNX:CX8,CX8,HNX,1260,43,43,FULL_BASE_5Y_PLUS_ONE_OVERLAP_PAGE
KBS:HNX:D11,D11,HNX,1260,43,43,FULL_BASE_5Y_PLUS_ONE_OVERLAP_PAGE
KBS:HNX:DAD,DAD,HNX,1260,43,43,FULL_BASE_5Y_PLUS_ONE_OVERLAP_PAGE
KBS:HNX:DAE,DAE,HNX,1260,43,43,FULL_BASE_5Y_PLUS_ONE_OVERLAP_PAGE
KBS:HNX:DHP,DHP,HNX,1260,43,43,FULL_BASE_5Y_PLUS_ONE_OVERLAP_PAGE
KBS:HNX:DHT,DHT,HNX,1260,43,43,FULL_BASE_5Y_PLUS_ONE_OVERLAP_PAGE
KBS:HNX:DIH,DIH,HNX,1260,43,43,FULL_BASE_5Y_PLUS_ONE_OVERLAP_PAGE
KBS:HNX:DL1,DL1,HNX,1260,43,43,FULL_BASE_5Y_PLUS_ONE_OVERLAP_PAGE
KBS:HNX:DNP,DNP,HNX,1260,43,43,FULL_BASE_5Y_PLUS_ONE_OVERLAP_PAGE
KBS:HNX:DP3,DP3,HNX,1260,43,43,FULL_BASE_5Y_PLUS_ONE_OVERLAP_PAGE
KBS:HNX:DST,DST,HNX,1260,43,43,FULL_BASE_5Y_PLUS_ONE_OVERLAP_PAGE
KBS:HNX:DTD,DTD,HNX,1260,43,43,FULL_BASE_5Y_PLUS_ONE_OVERLAP_PAGE
KBS:HNX:DTG,DTG,HNX,1260,43,43,FULL_BASE_5Y_PLUS_ONE_OVERLAP_PAGE
KBS:HNX:DTK,DTK,HNX,1260,43,43,FULL_BASE_5Y_PLUS_ONE_OVERLAP_PAGE
KBS:HNX:DVM,DVM,HNX,1260,43,43,FULL_BASE_5Y_PLUS_ONE_OVERLAP_PAGE
KBS:HNX:DXP,DXP,HNX,1260,43,43,FULL_BASE_5Y_PLUS_ONE_OVERLAP_PAGE
KBS:HNX:ECI,ECI,HNX,1260,43,43,FULL_BASE_5Y_PLUS_ONE_OVERLAP_PAGE
KBS:HNX:EID,EID,HNX,1260,43,43,FULL_BASE_5Y_PLUS_ONE_OVERLAP_PAGE
KBS:HNX:GIC,GIC,HNX,1260,43,43,FULL_BASE_5Y_PLUS_ONE_OVERLAP_PAGE
KBS:HNX:GKM,GKM,HNX,1260,43,43,FULL_BASE_5Y_PLUS_ONE_OVERLAP_PAGE
KBS:HNX:GLT,GLT,HNX,1260,43,43,FULL_BASE_5Y_PLUS_ONE_OVERLAP_PAGE
KBS:HNX:GMA,GMA,HNX,1260,43,43,FULL_BASE_5Y_PLUS_ONE_OVERLAP_PAGE
KBS:HNX:GMX,GMX,HNX,1260,43,43,FULL_BASE_5Y_PLUS_ONE_OVERLAP_PAGE
KBS:HNX:HAT,HAT,HNX,1260,43,43,FULL_BASE_5Y_PLUS_ONE_OVERLAP_PAGE
KBS:HNX:HBS,HBS,HNX,1260,43,43,FULL_BASE_5Y_PLUS_ONE_OVERLAP_PAGE
KBS:HNX:HCC,HCC,HNX,1260,43,43,FULL_BASE_5Y_PLUS_ONE_OVERLAP_PAGE
KBS:HNX:HCT,HCT,HNX,1260,43,43,FULL_BASE_5Y_PLUS_ONE_OVERLAP_PAGE
KBS:HNX:HEV,HEV,HNX,1260,43,43,FULL_BASE_5Y_PLUS_ONE_OVERLAP_PAGE
KBS:HNX:HGM,HGM,HNX,1260,43,43,FULL_BASE_5Y_PLUS_ONE_OVERLAP_PAGE
KBS:HNX:HHC,HHC,HNX,1260,43,43,FULL_BASE_5Y_PLUS_ONE_OVERLAP_PAGE
KBS:HNX:HKT,HKT,HNX,1260,43,43,FULL_BASE_5Y_PLUS_ONE_OVERLAP_PAGE
KBS:HNX:HOM,HOM,HNX,1260,43,43,FULL_BASE_5Y_PLUS_ONE_OVERLAP_PAGE
KBS:HNX:HTC,HTC,HNX,1260,43,43,FULL_BASE_5Y_PLUS_ONE_OVERLAP_PAGE
KBS:HNX:HUT,HUT,HNX,1260,43,43,FULL_BASE_5Y_PLUS_ONE_OVERLAP_PAGE
KBS:HNX:HVT,HVT,HNX,1260,43,43,FULL_BASE_5Y_PLUS_ONE_OVERLAP_PAGE
KBS:HNX:ICG,ICG,HNX,1260,43,43,FULL_BASE_5Y_PLUS_ONE_OVERLAP_PAGE
KBS:HNX:IDJ,IDJ,HNX,1260,43,43,FULL_BASE_5Y_PLUS_ONE_OVERLAP_PAGE
KBS:HNX:INC,INC,HNX,1260,43,43,FULL_BASE_5Y_PLUS_ONE_OVERLAP_PAGE
KBS:HNX:ITQ,ITQ,HNX,1260,43,43,FULL_BASE_5Y_PLUS_ONE_OVERLAP_PAGE
KBS:HNX:IVS,IVS,HNX,1260,43,43,FULL_BASE_5Y_PLUS_ONE_OVERLAP_PAGE
KBS:HNX:KDM,KDM,HNX,1260,43,43,FULL_BASE_5Y_PLUS_ONE_OVERLAP_PAGE
KBS:HNX:KMT,KMT,HNX,1260,43,43,FULL_BASE_5Y_PLUS_ONE_OVERLAP_PAGE
KBS:HNX:KSF,KSF,HNX,1260,43,43,FULL_BASE_5Y_PLUS_ONE_OVERLAP_PAGE
KBS:HNX:KSV,KSV,HNX,1260,43,43,FULL_BASE_5Y_PLUS_ONE_OVERLAP_PAGE
KBS:HNX:L14,L14,HNX,1260,43,43,FULL_BASE_5Y_PLUS_ONE_OVERLAP_PAGE
KBS:HNX:L40,L40,HNX,1260,43,43,FULL_BASE_5Y_PLUS_ONE_OVERLAP_PAGE
KBS:HNX:LBE,LBE,HNX,1260,43,43,FULL_BASE_5Y_PLUS_ONE_OVERLAP_PAGE
KBS:HNX:LCD,LCD,HNX,1260,43,43,FULL_BASE_5Y_PLUS_ONE_OVERLAP_PAGE
KBS:HNX:LHC,LHC,HNX,1260,43,43,FULL_BASE_5Y_PLUS_ONE_OVERLAP_PAGE
KBS:HNX:LIG,LIG,HNX,1260,43,43,FULL_BASE_5Y_PLUS_ONE_OVERLAP_PAGE
KBS:HNX:MBG,MBG,HNX,1260,43,43,FULL_BASE_5Y_PLUS_ONE_OVERLAP_PAGE
KBS:HNX:MBS,MBS,HNX,1260,43,43,FULL_BASE_5Y_PLUS_ONE_OVERLAP_PAGE
KBS:HNX:MCC,MCC,HNX,1260,43,43,FULL_BASE_5Y_PLUS_ONE_OVERLAP_PAGE
KBS:HNX:MCF,MCF,HNX,1260,43,43,FULL_BASE_5Y_PLUS_ONE_OVERLAP_PAGE
KBS:HNX:MED,MED,HNX,1260,43,43,FULL_BASE_5Y_PLUS_ONE_OVERLAP_PAGE
KBS:HNX:MEL,MEL,HNX,1260,43,43,FULL_BASE_5Y_PLUS_ONE_OVERLAP_PAGE
KBS:HNX:MST,MST,HNX,1260,43,43,FULL_BASE_5Y_PLUS_ONE_OVERLAP_PAGE
KBS:HNX:NAG,NAG,HNX,1260,43,43,FULL_BASE_5Y_PLUS_ONE_OVERLAP_PAGE
KBS:HNX:NAP,NAP,HNX,1260,43,43,FULL_BASE_5Y_PLUS_ONE_OVERLAP_PAGE
KBS:HNX:NBC,NBC,HNX,1260,43,43,FULL_BASE_5Y_PLUS_ONE_OVERLAP_PAGE
KBS:HNX:NBP,NBP,HNX,1260,43,43,FULL_BASE_5Y_PLUS_ONE_OVERLAP_PAGE
KBS:HNX:NBW,NBW,HNX,1260,43,43,FULL_BASE_5Y_PLUS_ONE_OVERLAP_PAGE
KBS:HNX:NDN,NDN,HNX,1260,43,43,FULL_BASE_5Y_PLUS_ONE_OVERLAP_PAGE
KBS:HNX:NDX,NDX,HNX,1260,43,43,FULL_BASE_5Y_PLUS_ONE_OVERLAP_PAGE
KBS:HNX:NET,NET,HNX,1260,43,43,FULL_BASE_5Y_PLUS_ONE_OVERLAP_PAGE
KBS:HNX:NFC,NFC,HNX,1260,43,43,FULL_BASE_5Y_PLUS_ONE_OVERLAP_PAGE
KBS:HNX:NHC,NHC,HNX,1260,43,43,FULL_BASE_5Y_PLUS_ONE_OVERLAP_PAGE
KBS:HNX:NRC,NRC,HNX,1260,43,43,FULL_BASE_5Y_PLUS_ONE_OVERLAP_PAGE
KBS:HNX:NVB,NVB,HNX,1260,43,43,FULL_BASE_5Y_PLUS_ONE_OVERLAP_PAGE
KBS:HNX:OCH,OCH,HNX,1260,43,43,FULL_BASE_5Y_PLUS_ONE_OVERLAP_PAGE
KBS:HNX:PCT,PCT,HNX,1260,43,43,FULL_BASE_5Y_PLUS_ONE_OVERLAP_PAGE
KBS:HNX:PDB,PDB,HNX,1260,43,43,FULL_BASE_5Y_PLUS_ONE_OVERLAP_PAGE
KBS:HNX:PEN,PEN,HNX,1260,43,43,FULL_BASE_5Y_PLUS_ONE_OVERLAP_PAGE
KBS:HNX:PGN,PGN,HNX,1260,43,43,FULL_BASE_5Y_PLUS_ONE_OVERLAP_PAGE
KBS:HNX:PGT,PGT,HNX,1260,43,43,FULL_BASE_5Y_PLUS_ONE_OVERLAP_PAGE
KBS:HNX:PJC,PJC,HNX,1260,43,43,FULL_BASE_5Y_PLUS_ONE_OVERLAP_PAGE
KBS:HNX:PLC,PLC,HNX,1260,43,43,FULL_BASE_5Y_PLUS_ONE_OVERLAP_PAGE
KBS:HNX:PMC,PMC,HNX,1260,43,43,FULL_BASE_5Y_PLUS_ONE_OVERLAP_PAGE
KBS:HNX:PMP,PMP,HNX,1260,43,43,FULL_BASE_5Y_PLUS_ONE_OVERLAP_PAGE
KBS:HNX:PMS,PMS,HNX,1260,43,43,FULL_BASE_5Y_PLUS_ONE_OVERLAP_PAGE
KBS:HNX:POT,POT,HNX,1260,43,43,FULL_BASE_5Y_PLUS_ONE_OVERLAP_PAGE
KBS:HNX:PPS,PPS,HNX,1260,43,43,FULL_BASE_5Y_PLUS_ONE_OVERLAP_PAGE
KBS:HNX:PPT,PPT,HNX,1260,43,43,FULL_BASE_5Y_PLUS_ONE_OVERLAP_PAGE
KBS:HNX:PPY,PPY,HNX,1260,43,43,FULL_BASE_5Y_PLUS_ONE_OVERLAP_PAGE
KBS:HNX:PRE,PRE,HNX,1260,43,43,FULL_BASE_5Y_PLUS_ONE_OVERLAP_PAGE
KBS:HNX:PSC,PSC,HNX,1260,43,43,FULL_BASE_5Y_PLUS_ONE_OVERLAP_PAGE
KBS:HNX:PSE,PSE,HNX,1260,43,43,FULL_BASE_5Y_PLUS_ONE_OVERLAP_PAGE
KBS:HNX:PSW,PSW,HNX,1260,43,43,FULL_BASE_5Y_PLUS_ONE_OVERLAP_PAGE
KBS:HNX:PTI,PTI,HNX,1260,43,43,FULL_BASE_5Y_PLUS_ONE_OVERLAP_PAGE
KBS:HNX:PTS,PTS,HNX,1260,43,43,FULL_BASE_5Y_PLUS_ONE_OVERLAP_PAGE
KBS:HNX:PTX,PTX,HNX,1260,43,43,FULL_BASE_5Y_PLUS_ONE_OVERLAP_PAGE
KBS:HNX:PVC,PVC,HNX,1260,43,43,FULL_BASE_5Y_PLUS_ONE_OVERLAP_PAGE
KBS:HNX:QHD,QHD,HNX,1260,43,43,FULL_BASE_5Y_PLUS_ONE_OVERLAP_PAGE
KBS:HNX:QST,QST,HNX,1260,43,43,FULL_BASE_5Y_PLUS_ONE_OVERLAP_PAGE
KBS:HNX:QTC,QTC,HNX,1260,43,43,FULL_BASE_5Y_PLUS_ONE_OVERLAP_PAGE
KBS:HNX:RCL,RCL,HNX,1260,43,43,FULL_BASE_5Y_PLUS_ONE_OVERLAP_PAGE
KBS:HNX:SCG,SCG,HNX,1260,43,43,FULL_BASE_5Y_PLUS_ONE_OVERLAP_PAGE
KBS:HNX:SCI,SCI,HNX,1260,43,43,FULL_BASE_5Y_PLUS_ONE_OVERLAP_PAGE
KBS:HNX:SD9,SD9,HNX,1260,43,43,FULL_BASE_5Y_PLUS_ONE_OVERLAP_PAGE
KBS:HNX:SDC,SDC,HNX,1260,43,43,FULL_BASE_5Y_PLUS_ONE_OVERLAP_PAGE
KBS:HNX:SDG,SDG,HNX,1260,43,43,FULL_BASE_5Y_PLUS_ONE_OVERLAP_PAGE
KBS:HNX:SDN,SDN,HNX,1260,43,43,FULL_BASE_5Y_PLUS_ONE_OVERLAP_PAGE
KBS:HNX:SDU,SDU,HNX,1260,43,43,FULL_BASE_5Y_PLUS_ONE_OVERLAP_PAGE
KBS:HNX:SFN,SFN,HNX,1260,43,43,FULL_BASE_5Y_PLUS_ONE_OVERLAP_PAGE
KBS:HNX:SGC,SGC,HNX,1260,43,43,FULL_BASE_5Y_PLUS_ONE_OVERLAP_PAGE
KBS:HNX:SGH,SGH,HNX,1260,43,43,FULL_BASE_5Y_PLUS_ONE_OVERLAP_PAGE
KBS:HNX:SHE,SHE,HNX,1260,43,43,FULL_BASE_5Y_PLUS_ONE_OVERLAP_PAGE
KBS:HNX:SHN,SHN,HNX,1260,43,43,FULL_BASE_5Y_PLUS_ONE_OVERLAP_PAGE
KBS:HNX:SHS,SHS,HNX,1260,43,43,FULL_BASE_5Y_PLUS_ONE_OVERLAP_PAGE
KBS:HNX:SJ1,SJ1,HNX,1260,43,43,FULL_BASE_5Y_PLUS_ONE_OVERLAP_PAGE
KBS:HNX:SMN,SMN,HNX,1260,43,43,FULL_BASE_5Y_PLUS_ONE_OVERLAP_PAGE
KBS:HNX:SMT,SMT,HNX,1260,43,43,FULL_BASE_5Y_PLUS_ONE_OVERLAP_PAGE
KBS:HNX:SPC,SPC,HNX,1260,43,43,FULL_BASE_5Y_PLUS_ONE_OVERLAP_PAGE
KBS:HNX:SRA,SRA,HNX,1260,43,43,FULL_BASE_5Y_PLUS_ONE_OVERLAP_PAGE
KBS:HNX:SSM,SSM,HNX,1260,43,43,FULL_BASE_5Y_PLUS_ONE_OVERLAP_PAGE
KBS:HNX:STC,STC,HNX,1260,43,43,FULL_BASE_5Y_PLUS_ONE_OVERLAP_PAGE
KBS:HNX:SZB,SZB,HNX,1260,43,43,FULL_BASE_5Y_PLUS_ONE_OVERLAP_PAGE
KBS:HNX:TA9,TA9,HNX,1260,43,43,FULL_BASE_5Y_PLUS_ONE_OVERLAP_PAGE
KBS:HNX:TD6,TD6,HNX,1260,43,43,FULL_BASE_5Y_PLUS_ONE_OVERLAP_PAGE
KBS:HNX:TET,TET,HNX,1260,43,43,FULL_BASE_5Y_PLUS_ONE_OVERLAP_PAGE
KBS:HNX:TFC,TFC,HNX,1260,43,43,FULL_BASE_5Y_PLUS_ONE_OVERLAP_PAGE
KBS:HNX:THB,THB,HNX,1260,43,43,FULL_BASE_5Y_PLUS_ONE_OVERLAP_PAGE
KBS:HNX:THD,THD,HNX,1260,43,43,FULL_BASE_5Y_PLUS_ONE_OVERLAP_PAGE
KBS:HNX:THS,THS,HNX,1260,43,43,FULL_BASE_5Y_PLUS_ONE_OVERLAP_PAGE
KBS:HNX:TJC,TJC,HNX,1260,43,43,FULL_BASE_5Y_PLUS_ONE_OVERLAP_PAGE
KBS:HNX:TMB,TMB,HNX,1260,43,43,FULL_BASE_5Y_PLUS_ONE_OVERLAP_PAGE
KBS:HNX:TMC,TMC,HNX,1260,43,43,FULL_BASE_5Y_PLUS_ONE_OVERLAP_PAGE
KBS:HNX:TOT,TOT,HNX,1260,43,43,FULL_BASE_5Y_PLUS_ONE_OVERLAP_PAGE
KBS:HNX:TPP,TPP,HNX,1260,43,43,FULL_BASE_5Y_PLUS_ONE_OVERLAP_PAGE
KBS:HNX:TSB,TSB,HNX,1260,43,43,FULL_BASE_5Y_PLUS_ONE_OVERLAP_PAGE
KBS:HNX:TTC,TTC,HNX,1260,43,43,FULL_BASE_5Y_PLUS_ONE_OVERLAP_PAGE
KBS:HNX:TTL,TTL,HNX,1260,43,43,FULL_BASE_5Y_PLUS_ONE_OVERLAP_PAGE
KBS:HNX:TV4,TV4,HNX,1260,43,43,FULL_BASE_5Y_PLUS_ONE_OVERLAP_PAGE
KBS:HNX:TVC,TVC,HNX,1260,43,43,FULL_BASE_5Y_PLUS_ONE_OVERLAP_PAGE
KBS:HNX:TVD,TVD,HNX,1260,43,43,FULL_BASE_5Y_PLUS_ONE_OVERLAP_PAGE
KBS:HNX:TXM,TXM,HNX,1260,43,43,FULL_BASE_5Y_PLUS_ONE_OVERLAP_PAGE
KBS:HNX:VBC,VBC,HNX,1260,43,43,FULL_BASE_5Y_PLUS_ONE_OVERLAP_PAGE
KBS:HNX:VC1,VC1,HNX,1260,43,43,FULL_BASE_5Y_PLUS_ONE_OVERLAP_PAGE
KBS:HNX:VC2,VC2,HNX,1260,43,43,FULL_BASE_5Y_PLUS_ONE_OVERLAP_PAGE
KBS:HNX:VC3,VC3,HNX,1260,43,43,FULL_BASE_5Y_PLUS_ONE_OVERLAP_PAGE
KBS:HNX:VC6,VC6,HNX,1260,43,43,FULL_BASE_5Y_PLUS_ONE_OVERLAP_PAGE
KBS:HNX:VCC,VCC,HNX,1260,43,43,FULL_BASE_5Y_PLUS_ONE_OVERLAP_PAGE
KBS:HNX:VCM,VCM,HNX,1260,43,43,FULL_BASE_5Y_PLUS_ONE_OVERLAP_PAGE
KBS:HNX:VDL,VDL,HNX,1260,43,43,FULL_BASE_5Y_PLUS_ONE_OVERLAP_PAGE
KBS:HNX:VE1,VE1,HNX,1260,43,43,FULL_BASE_5Y_PLUS_ONE_OVERLAP_PAGE
KBS:HNX:VE4,VE4,HNX,1260,43,43,FULL_BASE_5Y_PLUS_ONE_OVERLAP_PAGE
KBS:HNX:VGS,VGS,HNX,1260,43,43,FULL_BASE_5Y_PLUS_ONE_OVERLAP_PAGE
KBS:HNX:VHL,VHL,HNX,1260,43,43,FULL_BASE_5Y_PLUS_ONE_OVERLAP_PAGE
KBS:HNX:VIF,VIF,HNX,1260,43,43,FULL_BASE_5Y_PLUS_ONE_OVERLAP_PAGE
KBS:HNX:VIT,VIT,HNX,1260,43,43,FULL_BASE_5Y_PLUS_ONE_OVERLAP_PAGE
KBS:HNX:VLA,VLA,HNX,1260,43,43,FULL_BASE_5Y_PLUS_ONE_OVERLAP_PAGE
KBS:HNX:VMS,VMS,HNX,1260,43,43,FULL_BASE_5Y_PLUS_ONE_OVERLAP_PAGE
KBS:HNX:VNC,VNC,HNX,1260,43,43,FULL_BASE_5Y_PLUS_ONE_OVERLAP_PAGE
KBS:HNX:VNF,VNF,HNX,1260,43,43,FULL_BASE_5Y_PLUS_ONE_OVERLAP_PAGE
KBS:HNX:VNR,VNR,HNX,1260,43,43,FULL_BASE_5Y_PLUS_ONE_OVERLAP_PAGE
KBS:HNX:VSM,VSM,HNX,1260,43,43,FULL_BASE_5Y_PLUS_ONE_OVERLAP_PAGE
KBS:HNX:VTJ,VTJ,HNX,1260,43,43,FULL_BASE_5Y_PLUS_ONE_OVERLAP_PAGE
KBS:HNX:WCS,WCS,HNX,1260,43,43,FULL_BASE_5Y_PLUS_ONE_OVERLAP_PAGE
KBS:UPCOM:AAH,AAH,UPCOM,1260,43,43,FULL_BASE_5Y_PLUS_ONE_OVERLAP_PAGE
KBS:UPCOM:ABB,ABB,UPCOM,1260,43,43,FULL_BASE_5Y_PLUS_ONE_OVERLAP_PAGE
KBS:UPCOM:ABC,ABC,UPCOM,1260,43,43,FULL_BASE_5Y_PLUS_ONE_OVERLAP_PAGE
KBS:UPCOM:ACE,ACE,UPCOM,1260,43,43,FULL_BASE_5Y_PLUS_ONE_OVERLAP_PAGE
KBS:UPCOM:ACM,ACM,UPCOM,1260,43,43,FULL_BASE_5Y_PLUS_ONE_OVERLAP_PAGE
KBS:UPCOM:AGF,AGF,UPCOM,1260,43,43,FULL_BASE_5Y_PLUS_ONE_OVERLAP_PAGE
KBS:UPCOM:AGM,AGM,UPCOM,1260,43,43,FULL_BASE_5Y_PLUS_ONE_OVERLAP_PAGE
KBS:UPCOM:AGP,AGP,UPCOM,1260,43,43,FULL_BASE_5Y_PLUS_ONE_OVERLAP_PAGE
KBS:UPCOM:AIG,AIG,UPCOM,1260,43,43,FULL_BASE_5Y_PLUS_ONE_OVERLAP_PAGE
KBS:UPCOM:ALC,ALC,UPCOM,1260,43,43,FULL_BASE_5Y_PLUS_ONE_OVERLAP_PAGE
KBS:UPCOM:AMP,AMP,UPCOM,1260,43,43,FULL_BASE_5Y_PLUS_ONE_OVERLAP_PAGE
KBS:UPCOM:AMS,AMS,UPCOM,1260,43,43,FULL_BASE_5Y_PLUS_ONE_OVERLAP_PAGE
KBS:UPCOM:ANI,ANI,UPCOM,1260,43,43,FULL_BASE_5Y_PLUS_ONE_OVERLAP_PAGE
KBS:UPCOM:APC,APC,UPCOM,1260,43,43,FULL_BASE_5Y_PLUS_ONE_OVERLAP_PAGE
KBS:UPCOM:APF,APF,UPCOM,1260,43,43,FULL_BASE_5Y_PLUS_ONE_OVERLAP_PAGE
KBS:UPCOM:APL,APL,UPCOM,1260,43,43,FULL_BASE_5Y_PLUS_ONE_OVERLAP_PAGE
KBS:UPCOM:APP,APP,UPCOM,1260,43,43,FULL_BASE_5Y_PLUS_ONE_OVERLAP_PAGE
KBS:UPCOM:APT,APT,UPCOM,1260,43,43,FULL_BASE_5Y_PLUS_ONE_OVERLAP_PAGE
KBS:UPCOM:ART,ART,UPCOM,1260,43,43,FULL_BASE_5Y_PLUS_ONE_OVERLAP_PAGE
KBS:UPCOM:ATA,ATA,UPCOM,1260,43,43,FULL_BASE_5Y_PLUS_ONE_OVERLAP_PAGE
KBS:UPCOM:AVC,AVC,UPCOM,1260,43,43,FULL_BASE_5Y_PLUS_ONE_OVERLAP_PAGE
KBS:UPCOM:AVG,AVG,UPCOM,1260,43,43,FULL_BASE_5Y_PLUS_ONE_OVERLAP_PAGE
KBS:UPCOM:BAL,BAL,UPCOM,1260,43,43,FULL_BASE_5Y_PLUS_ONE_OVERLAP_PAGE
KBS:UPCOM:BBH,BBH,UPCOM,1260,43,43,FULL_BASE_5Y_PLUS_ONE_OVERLAP_PAGE
KBS:UPCOM:BBM,BBM,UPCOM,1260,43,43,FULL_BASE_5Y_PLUS_ONE_OVERLAP_PAGE
KBS:UPCOM:BBT,BBT,UPCOM,1260,43,43,FULL_BASE_5Y_PLUS_ONE_OVERLAP_PAGE
KBS:UPCOM:BCA,BCA,UPCOM,1260,43,43,FULL_BASE_5Y_PLUS_ONE_OVERLAP_PAGE
KBS:UPCOM:BCB,BCB,UPCOM,1260,43,43,FULL_BASE_5Y_PLUS_ONE_OVERLAP_PAGE
KBS:UPCOM:BCP,BCP,UPCOM,1260,43,43,FULL_BASE_5Y_PLUS_ONE_OVERLAP_PAGE
KBS:UPCOM:BCV,BCV,UPCOM,1260,43,43,FULL_BASE_5Y_PLUS_ONE_OVERLAP_PAGE
KBS:UPCOM:BDG,BDG,UPCOM,1260,43,43,FULL_BASE_5Y_PLUS_ONE_OVERLAP_PAGE
KBS:UPCOM:BDT,BDT,UPCOM,1260,43,43,FULL_BASE_5Y_PLUS_ONE_OVERLAP_PAGE
KBS:UPCOM:BDW,BDW,UPCOM,1260,43,43,FULL_BASE_5Y_PLUS_ONE_OVERLAP_PAGE
KBS:UPCOM:BEL,BEL,UPCOM,1260,43,43,FULL_BASE_5Y_PLUS_ONE_OVERLAP_PAGE
KBS:UPCOM:BGE,BGE,UPCOM,1260,43,43,FULL_BASE_5Y_PLUS_ONE_OVERLAP_PAGE
KBS:UPCOM:BGW,BGW,UPCOM,1260,43,43,FULL_BASE_5Y_PLUS_ONE_OVERLAP_PAGE
KBS:UPCOM:BHA,BHA,UPCOM,1260,43,43,FULL_BASE_5Y_PLUS_ONE_OVERLAP_PAGE
KBS:UPCOM:BHC,BHC,UPCOM,1260,43,43,FULL_BASE_5Y_PLUS_ONE_OVERLAP_PAGE
KBS:UPCOM:BHG,BHG,UPCOM,1260,43,43,FULL_BASE_5Y_PLUS_ONE_OVERLAP_PAGE
KBS:UPCOM:BHH,BHH,UPCOM,1260,43,43,FULL_BASE_5Y_PLUS_ONE_OVERLAP_PAGE
KBS:UPCOM:BHI,BHI,UPCOM,1260,43,43,FULL_BASE_5Y_PLUS_ONE_OVERLAP_PAGE
KBS:UPCOM:BHK,BHK,UPCOM,1260,43,43,FULL_BASE_5Y_PLUS_ONE_OVERLAP_PAGE
KBS:UPCOM:BLF,BLF,UPCOM,1260,43,43,FULL_BASE_5Y_PLUS_ONE_OVERLAP_PAGE
KBS:UPCOM:BLI,BLI,UPCOM,1260,43,43,FULL_BASE_5Y_PLUS_ONE_OVERLAP_PAGE
KBS:UPCOM:BLT,BLT,UPCOM,1260,43,43,FULL_BASE_5Y_PLUS_ONE_OVERLAP_PAGE
KBS:UPCOM:BMD,BMD,UPCOM,1260,43,43,FULL_BASE_5Y_PLUS_ONE_OVERLAP_PAGE
KBS:UPCOM:BMG,BMG,UPCOM,1260,43,43,FULL_BASE_5Y_PLUS_ONE_OVERLAP_PAGE
KBS:UPCOM:BMJ,BMJ,UPCOM,1260,43,43,FULL_BASE_5Y_PLUS_ONE_OVERLAP_PAGE
KBS:UPCOM:BMK,BMK,UPCOM,1260,43,43,FULL_BASE_5Y_PLUS_ONE_OVERLAP_PAGE
KBS:UPCOM:BMS,BMS,UPCOM,1260,43,43,FULL_BASE_5Y_PLUS_ONE_OVERLAP_PAGE
KBS:UPCOM:BNW,BNW,UPCOM,1260,43,43,FULL_BASE_5Y_PLUS_ONE_OVERLAP_PAGE
KBS:UPCOM:BOT,BOT,UPCOM,1260,43,43,FULL_BASE_5Y_PLUS_ONE_OVERLAP_PAGE
KBS:UPCOM:BQB,BQB,UPCOM,1260,43,43,FULL_BASE_5Y_PLUS_ONE_OVERLAP_PAGE
KBS:UPCOM:BQP,BQP,UPCOM,1260,43,43,FULL_BASE_5Y_PLUS_ONE_OVERLAP_PAGE
KBS:UPCOM:BRR,BRR,UPCOM,1260,43,43,FULL_BASE_5Y_PLUS_ONE_OVERLAP_PAGE
KBS:UPCOM:BSA,BSA,UPCOM,1260,43,43,FULL_BASE_5Y_PLUS_ONE_OVERLAP_PAGE
KBS:UPCOM:BSD,BSD,UPCOM,1260,43,43,FULL_BASE_5Y_PLUS_ONE_OVERLAP_PAGE
KBS:UPCOM:BSG,BSG,UPCOM,1260,43,43,FULL_BASE_5Y_PLUS_ONE_OVERLAP_PAGE
KBS:UPCOM:BT1,BT1,UPCOM,1260,43,43,FULL_BASE_5Y_PLUS_ONE_OVERLAP_PAGE
KBS:UPCOM:BT6,BT6,UPCOM,1260,43,43,FULL_BASE_5Y_PLUS_ONE_OVERLAP_PAGE
KBS:UPCOM:BTB,BTB,UPCOM,1260,43,43,FULL_BASE_5Y_PLUS_ONE_OVERLAP_PAGE
KBS:UPCOM:BTD,BTD,UPCOM,1260,43,43,FULL_BASE_5Y_PLUS_ONE_OVERLAP_PAGE
KBS:UPCOM:BTG,BTG,UPCOM,1260,43,43,FULL_BASE_5Y_PLUS_ONE_OVERLAP_PAGE
KBS:UPCOM:BTH,BTH,UPCOM,1260,43,43,FULL_BASE_5Y_PLUS_ONE_OVERLAP_PAGE
KBS:UPCOM:BTN,BTN,UPCOM,1260,43,43,FULL_BASE_5Y_PLUS_ONE_OVERLAP_PAGE
KBS:UPCOM:BTV,BTV,UPCOM,1260,43,43,FULL_BASE_5Y_PLUS_ONE_OVERLAP_PAGE
KBS:UPCOM:BVL,BVL,UPCOM,1260,43,43,FULL_BASE_5Y_PLUS_ONE_OVERLAP_PAGE
KBS:UPCOM:BVN,BVN,UPCOM,1260,43,43,FULL_BASE_5Y_PLUS_ONE_OVERLAP_PAGE
KBS:UPCOM:BWA,BWA,UPCOM,1260,43,43,FULL_BASE_5Y_PLUS_ONE_OVERLAP_PAGE
KBS:UPCOM:BWS,BWS,UPCOM,1260,43,43,FULL_BASE_5Y_PLUS_ONE_OVERLAP_PAGE
KBS:UPCOM:C22,C22,UPCOM,1260,43,43,FULL_BASE_5Y_PLUS_ONE_OVERLAP_PAGE
KBS:UPCOM:CAD,CAD,UPCOM,1260,43,43,FULL_BASE_5Y_PLUS_ONE_OVERLAP_PAGE
KBS:UPCOM:CCA,CCA,UPCOM,1260,43,43,FULL_BASE_5Y_PLUS_ONE_OVERLAP_PAGE
KBS:UPCOM:CCM,CCM,UPCOM,1260,43,43,FULL_BASE_5Y_PLUS_ONE_OVERLAP_PAGE
KBS:UPCOM:CCP,CCP,UPCOM,1260,43,43,FULL_BASE_5Y_PLUS_ONE_OVERLAP_PAGE
KBS:UPCOM:CCS,CCS,UPCOM,1260,43,43,FULL_BASE_5Y_PLUS_ONE_OVERLAP_PAGE
KBS:UPCOM:CCT,CCT,UPCOM,1260,43,43,FULL_BASE_5Y_PLUS_ONE_OVERLAP_PAGE
KBS:UPCOM:CCV,CCV,UPCOM,1260,43,43,FULL_BASE_5Y_PLUS_ONE_OVERLAP_PAGE
KBS:UPCOM:CDG,CDG,UPCOM,1260,43,43,FULL_BASE_5Y_PLUS_ONE_OVERLAP_PAGE
KBS:UPCOM:CDO,CDO,UPCOM,1260,43,43,FULL_BASE_5Y_PLUS_ONE_OVERLAP_PAGE
KBS:UPCOM:CDP,CDP,UPCOM,1260,43,43,FULL_BASE_5Y_PLUS_ONE_OVERLAP_PAGE
KBS:UPCOM:CEN,CEN,UPCOM,1260,43,43,FULL_BASE_5Y_PLUS_ONE_OVERLAP_PAGE
KBS:UPCOM:CFM,CFM,UPCOM,1260,43,43,FULL_BASE_5Y_PLUS_ONE_OVERLAP_PAGE
KBS:UPCOM:CFV,CFV,UPCOM,1260,43,43,FULL_BASE_5Y_PLUS_ONE_OVERLAP_PAGE
KBS:UPCOM:CGV,CGV,UPCOM,1260,43,43,FULL_BASE_5Y_PLUS_ONE_OVERLAP_PAGE
KBS:UPCOM:CH5,CH5,UPCOM,1260,43,43,FULL_BASE_5Y_PLUS_ONE_OVERLAP_PAGE
KBS:UPCOM:CHC,CHC,UPCOM,1260,43,43,FULL_BASE_5Y_PLUS_ONE_OVERLAP_PAGE
KBS:UPCOM:CIP,CIP,UPCOM,1260,43,43,FULL_BASE_5Y_PLUS_ONE_OVERLAP_PAGE
KBS:UPCOM:CK8,CK8,UPCOM,1260,43,43,FULL_BASE_5Y_PLUS_ONE_OVERLAP_PAGE
KBS:UPCOM:CLI,CLI,UPCOM,1260,43,43,FULL_BASE_5Y_PLUS_ONE_OVERLAP_PAGE
KBS:UPCOM:CMK,CMK,UPCOM,1260,43,43,FULL_BASE_5Y_PLUS_ONE_OVERLAP_PAGE
KBS:UPCOM:CMM,CMM,UPCOM,1260,43,43,FULL_BASE_5Y_PLUS_ONE_OVERLAP_PAGE
KBS:UPCOM:CMN,CMN,UPCOM,1260,43,43,FULL_BASE_5Y_PLUS_ONE_OVERLAP_PAGE
KBS:UPCOM:CMP,CMP,UPCOM,1260,43,43,FULL_BASE_5Y_PLUS_ONE_OVERLAP_PAGE
KBS:UPCOM:CMT,CMT,UPCOM,1260,43,43,FULL_BASE_5Y_PLUS_ONE_OVERLAP_PAGE
KBS:UPCOM:CMW,CMW,UPCOM,1260,43,43,FULL_BASE_5Y_PLUS_ONE_OVERLAP_PAGE
KBS:UPCOM:CNA,CNA,UPCOM,1260,43,43,FULL_BASE_5Y_PLUS_ONE_OVERLAP_PAGE
KBS:UPCOM:CPA,CPA,UPCOM,1260,43,43,FULL_BASE_5Y_PLUS_ONE_OVERLAP_PAGE
KBS:UPCOM:CPH,CPH,UPCOM,1260,43,43,FULL_BASE_5Y_PLUS_ONE_OVERLAP_PAGE
KBS:UPCOM:CQN,CQN,UPCOM,1260,43,43,FULL_BASE_5Y_PLUS_ONE_OVERLAP_PAGE
KBS:UPCOM:CSI,CSI,UPCOM,1260,43,43,FULL_BASE_5Y_PLUS_ONE_OVERLAP_PAGE
KBS:UPCOM:CT3,CT3,UPCOM,1260,43,43,FULL_BASE_5Y_PLUS_ONE_OVERLAP_PAGE
KBS:UPCOM:CT6,CT6,UPCOM,1260,43,43,FULL_BASE_5Y_PLUS_ONE_OVERLAP_PAGE
KBS:UPCOM:CTX,CTX,UPCOM,1260,43,43,FULL_BASE_5Y_PLUS_ONE_OVERLAP_PAGE
KBS:UPCOM:DAC,DAC,UPCOM,1260,43,43,FULL_BASE_5Y_PLUS_ONE_OVERLAP_PAGE
KBS:UPCOM:DAG,DAG,UPCOM,1260,43,43,FULL_BASE_5Y_PLUS_ONE_OVERLAP_PAGE
KBS:UPCOM:DAS,DAS,UPCOM,1260,43,43,FULL_BASE_5Y_PLUS_ONE_OVERLAP_PAGE
KBS:UPCOM:DBM,DBM,UPCOM,1260,43,43,FULL_BASE_5Y_PLUS_ONE_OVERLAP_PAGE
KBS:UPCOM:DCF,DCF,UPCOM,1260,43,43,FULL_BASE_5Y_PLUS_ONE_OVERLAP_PAGE
KBS:UPCOM:DCG,DCG,UPCOM,1260,43,43,FULL_BASE_5Y_PLUS_ONE_OVERLAP_PAGE
KBS:UPCOM:DCH,DCH,UPCOM,1260,43,43,FULL_BASE_5Y_PLUS_ONE_OVERLAP_PAGE
KBS:UPCOM:DCR,DCR,UPCOM,1260,43,43,FULL_BASE_5Y_PLUS_ONE_OVERLAP_PAGE
KBS:UPCOM:DCS,DCS,UPCOM,1260,43,43,FULL_BASE_5Y_PLUS_ONE_OVERLAP_PAGE
KBS:UPCOM:DCV,DCV,UPCOM,1260,43,43,FULL_BASE_5Y_PLUS_ONE_OVERLAP_PAGE
KBS:UPCOM:DDB,DDB,UPCOM,1260,43,43,FULL_BASE_5Y_PLUS_ONE_OVERLAP_PAGE
KBS:UPCOM:DDG,DDG,UPCOM,1260,43,43,FULL_BASE_5Y_PLUS_ONE_OVERLAP_PAGE
KBS:UPCOM:DDM,DDM,UPCOM,1260,43,43,FULL_BASE_5Y_PLUS_ONE_OVERLAP_PAGE
KBS:UPCOM:DDN,DDN,UPCOM,1260,43,43,FULL_BASE_5Y_PLUS_ONE_OVERLAP_PAGE
KBS:UPCOM:DFC,DFC,UPCOM,1260,43,43,FULL_BASE_5Y_PLUS_ONE_OVERLAP_PAGE
KBS:UPCOM:DFF,DFF,UPCOM,1260,43,43,FULL_BASE_5Y_PLUS_ONE_OVERLAP_PAGE
KBS:UPCOM:DGT,DGT,UPCOM,1260,43,43,FULL_BASE_5Y_PLUS_ONE_OVERLAP_PAGE
KBS:UPCOM:DHD,DHD,UPCOM,1260,43,43,FULL_BASE_5Y_PLUS_ONE_OVERLAP_PAGE
KBS:UPCOM:DHN,DHN,UPCOM,1260,43,43,FULL_BASE_5Y_PLUS_ONE_OVERLAP_PAGE
KBS:UPCOM:DIC,DIC,UPCOM,1260,43,43,FULL_BASE_5Y_PLUS_ONE_OVERLAP_PAGE
KBS:UPCOM:DKC,DKC,UPCOM,1260,43,43,FULL_BASE_5Y_PLUS_ONE_OVERLAP_PAGE
KBS:UPCOM:DKG,DKG,UPCOM,1260,43,43,FULL_BASE_5Y_PLUS_ONE_OVERLAP_PAGE
KBS:UPCOM:DLD,DLD,UPCOM,1260,43,43,FULL_BASE_5Y_PLUS_ONE_OVERLAP_PAGE
KBS:UPCOM:DLR,DLR,UPCOM,1260,43,43,FULL_BASE_5Y_PLUS_ONE_OVERLAP_PAGE
KBS:UPCOM:DLT,DLT,UPCOM,1260,43,43,FULL_BASE_5Y_PLUS_ONE_OVERLAP_PAGE
KBS:UPCOM:DM7,DM7,UPCOM,1260,43,43,FULL_BASE_5Y_PLUS_ONE_OVERLAP_PAGE
KBS:UPCOM:DMN,DMN,UPCOM,1260,43,43,FULL_BASE_5Y_PLUS_ONE_OVERLAP_PAGE
KBS:UPCOM:DND,DND,UPCOM,1260,43,43,FULL_BASE_5Y_PLUS_ONE_OVERLAP_PAGE
KBS:UPCOM:DNE,DNE,UPCOM,1260,43,43,FULL_BASE_5Y_PLUS_ONE_OVERLAP_PAGE
KBS:UPCOM:DNM,DNM,UPCOM,1260,43,43,FULL_BASE_5Y_PLUS_ONE_OVERLAP_PAGE
KBS:UPCOM:DNN,DNN,UPCOM,1260,43,43,FULL_BASE_5Y_PLUS_ONE_OVERLAP_PAGE
KBS:UPCOM:DNT,DNT,UPCOM,1260,43,43,FULL_BASE_5Y_PLUS_ONE_OVERLAP_PAGE
KBS:UPCOM:DOC,DOC,UPCOM,1260,43,43,FULL_BASE_5Y_PLUS_ONE_OVERLAP_PAGE
KBS:UPCOM:DOP,DOP,UPCOM,1260,43,43,FULL_BASE_5Y_PLUS_ONE_OVERLAP_PAGE
KBS:UPCOM:DP2,DP2,UPCOM,1260,43,43,FULL_BASE_5Y_PLUS_ONE_OVERLAP_PAGE
KBS:UPCOM:DPH,DPH,UPCOM,1260,43,43,FULL_BASE_5Y_PLUS_ONE_OVERLAP_PAGE
KBS:UPCOM:DPP,DPP,UPCOM,1260,43,43,FULL_BASE_5Y_PLUS_ONE_OVERLAP_PAGE
KBS:UPCOM:DRG,DRG,UPCOM,1260,43,43,FULL_BASE_5Y_PLUS_ONE_OVERLAP_PAGE
KBS:UPCOM:DSD,DSD,UPCOM,1260,43,43,FULL_BASE_5Y_PLUS_ONE_OVERLAP_PAGE
KBS:UPCOM:DSG,DSG,UPCOM,1260,43,43,FULL_BASE_5Y_PLUS_ONE_OVERLAP_PAGE
KBS:UPCOM:DSH,DSH,UPCOM,1260,43,43,FULL_BASE_5Y_PLUS_ONE_OVERLAP_PAGE
KBS:UPCOM:DSP,DSP,UPCOM,1260,43,43,FULL_BASE_5Y_PLUS_ONE_OVERLAP_PAGE
KBS:UPCOM:DTH,DTH,UPCOM,1260,43,43,FULL_BASE_5Y_PLUS_ONE_OVERLAP_PAGE
KBS:UPCOM:DTP,DTP,UPCOM,1260,43,43,FULL_BASE_5Y_PLUS_ONE_OVERLAP_PAGE
KBS:UPCOM:DTR,DTR,UPCOM,1260,43,43,FULL_BASE_5Y_PLUS_ONE_OVERLAP_PAGE
KBS:UPCOM:DUS,DUS,UPCOM,1260,43,43,FULL_BASE_5Y_PLUS_ONE_OVERLAP_PAGE
KBS:UPCOM:DVC,DVC,UPCOM,1260,43,43,FULL_BASE_5Y_PLUS_ONE_OVERLAP_PAGE
KBS:UPCOM:DVG,DVG,UPCOM,1260,43,43,FULL_BASE_5Y_PLUS_ONE_OVERLAP_PAGE
KBS:UPCOM:DVN,DVN,UPCOM,1260,43,43,FULL_BASE_5Y_PLUS_ONE_OVERLAP_PAGE
KBS:UPCOM:DVW,DVW,UPCOM,1260,43,43,FULL_BASE_5Y_PLUS_ONE_OVERLAP_PAGE
KBS:UPCOM:DWC,DWC,UPCOM,1260,43,43,FULL_BASE_5Y_PLUS_ONE_OVERLAP_PAGE
KBS:UPCOM:DXL,DXL,UPCOM,1260,43,43,FULL_BASE_5Y_PLUS_ONE_OVERLAP_PAGE
KBS:UPCOM:E29,E29,UPCOM,1260,43,43,FULL_BASE_5Y_PLUS_ONE_OVERLAP_PAGE
KBS:UPCOM:EFI,EFI,UPCOM,1260,43,43,FULL_BASE_5Y_PLUS_ONE_OVERLAP_PAGE
KBS:UPCOM:EGL,EGL,UPCOM,1260,43,43,FULL_BASE_5Y_PLUS_ONE_OVERLAP_PAGE
KBS:UPCOM:EIN,EIN,UPCOM,1260,43,43,FULL_BASE_5Y_PLUS_ONE_OVERLAP_PAGE
KBS:UPCOM:EME,EME,UPCOM,1260,43,43,FULL_BASE_5Y_PLUS_ONE_OVERLAP_PAGE
KBS:UPCOM:EMG,EMG,UPCOM,1260,43,43,FULL_BASE_5Y_PLUS_ONE_OVERLAP_PAGE
KBS:UPCOM:EMS,EMS,UPCOM,1260,43,43,FULL_BASE_5Y_PLUS_ONE_OVERLAP_PAGE
KBS:UPCOM:F88,F88,UPCOM,1260,43,43,FULL_BASE_5Y_PLUS_ONE_OVERLAP_PAGE
KBS:UPCOM:FBC,FBC,UPCOM,1260,43,43,FULL_BASE_5Y_PLUS_ONE_OVERLAP_PAGE
KBS:UPCOM:FCC,FCC,UPCOM,1260,43,43,FULL_BASE_5Y_PLUS_ONE_OVERLAP_PAGE
KBS:UPCOM:FCS,FCS,UPCOM,1260,43,43,FULL_BASE_5Y_PLUS_ONE_OVERLAP_PAGE
KBS:UPCOM:FGL,FGL,UPCOM,1260,43,43,FULL_BASE_5Y_PLUS_ONE_OVERLAP_PAGE
KBS:UPCOM:FHN,FHN,UPCOM,1260,43,43,FULL_BASE_5Y_PLUS_ONE_OVERLAP_PAGE
KBS:UPCOM:FHS,FHS,UPCOM,1260,43,43,FULL_BASE_5Y_PLUS_ONE_OVERLAP_PAGE
KBS:UPCOM:FRC,FRC,UPCOM,1260,43,43,FULL_BASE_5Y_PLUS_ONE_OVERLAP_PAGE
KBS:UPCOM:FRM,FRM,UPCOM,1260,43,43,FULL_BASE_5Y_PLUS_ONE_OVERLAP_PAGE
KBS:UPCOM:FSO,FSO,UPCOM,1260,43,43,FULL_BASE_5Y_PLUS_ONE_OVERLAP_PAGE
KBS:UPCOM:FT1,FT1,UPCOM,1260,43,43,FULL_BASE_5Y_PLUS_ONE_OVERLAP_PAGE
KBS:UPCOM:FTI,FTI,UPCOM,1260,43,43,FULL_BASE_5Y_PLUS_ONE_OVERLAP_PAGE
KBS:UPCOM:FTM,FTM,UPCOM,1260,43,43,FULL_BASE_5Y_PLUS_ONE_OVERLAP_PAGE
KBS:UPCOM:G20,G20,UPCOM,1260,43,43,FULL_BASE_5Y_PLUS_ONE_OVERLAP_PAGE
KBS:UPCOM:G36,G36,UPCOM,1260,43,43,FULL_BASE_5Y_PLUS_ONE_OVERLAP_PAGE
KBS:UPCOM:GCB,GCB,UPCOM,1260,43,43,FULL_BASE_5Y_PLUS_ONE_OVERLAP_PAGE
KBS:UPCOM:GCF,GCF,UPCOM,1260,43,43,FULL_BASE_5Y_PLUS_ONE_OVERLAP_PAGE
KBS:UPCOM:GDA,GDA,UPCOM,1260,43,43,FULL_BASE_5Y_PLUS_ONE_OVERLAP_PAGE
KBS:UPCOM:GDH,GDH,UPCOM,1260,43,43,FULL_BASE_5Y_PLUS_ONE_OVERLAP_PAGE
KBS:UPCOM:GER,GER,UPCOM,1260,43,43,FULL_BASE_5Y_PLUS_ONE_OVERLAP_PAGE
KBS:UPCOM:GH3,GH3,UPCOM,1260,43,43,FULL_BASE_5Y_PLUS_ONE_OVERLAP_PAGE
KBS:UPCOM:GLC,GLC,UPCOM,1260,43,43,FULL_BASE_5Y_PLUS_ONE_OVERLAP_PAGE
KBS:UPCOM:GLW,GLW,UPCOM,1260,43,43,FULL_BASE_5Y_PLUS_ONE_OVERLAP_PAGE
KBS:UPCOM:GMC,GMC,UPCOM,1260,43,43,FULL_BASE_5Y_PLUS_ONE_OVERLAP_PAGE
KBS:UPCOM:GND,GND,UPCOM,1260,43,43,FULL_BASE_5Y_PLUS_ONE_OVERLAP_PAGE
KBS:UPCOM:GTD,GTD,UPCOM,1260,43,43,FULL_BASE_5Y_PLUS_ONE_OVERLAP_PAGE
KBS:UPCOM:GTS,GTS,UPCOM,1260,43,43,FULL_BASE_5Y_PLUS_ONE_OVERLAP_PAGE
KBS:UPCOM:GTT,GTT,UPCOM,1260,43,43,FULL_BASE_5Y_PLUS_ONE_OVERLAP_PAGE
KBS:UPCOM:GTX,GTX,UPCOM,1260,43,43,FULL_BASE_5Y_PLUS_ONE_OVERLAP_PAGE
KBS:UPCOM:GVT,GVT,UPCOM,1260,43,43,FULL_BASE_5Y_PLUS_ONE_OVERLAP_PAGE
KBS:UPCOM:HAC,HAC,UPCOM,1260,43,43,FULL_BASE_5Y_PLUS_ONE_OVERLAP_PAGE
KBS:UPCOM:HAV,HAV,UPCOM,1260,43,43,FULL_BASE_5Y_PLUS_ONE_OVERLAP_PAGE
KBS:UPCOM:HBC,HBC,UPCOM,1260,43,43,FULL_BASE_5Y_PLUS_ONE_OVERLAP_PAGE
