security_id,ticker,exchange,company_name,instrument_type,selection_status,priority_tier,index_importance_signal,market_importance_signal,exchange_signal,history_signal,identity_signal,known_provider_evidence,duplicate_identity_status,selection_reason
KBS:UPCOM:HC1,HC1,UPCOM,CTCP Xây dựng Số 1 Hà Nội,stock,RESERVE,UPCOM,UNAVAILABLE,UNAVAILABLE,UPCOM,UNAVAILABLE,CURRENT_LISTING_ONLY,KBS_CURRENT_LISTING,NO_KNOWN_MATCH,KBS current stock listing; exchange is deterministic pre-crawl priority signal
KBS:UPCOM:HC3,HC3,UPCOM,CTCP Xây dựng Số 3 Hải Phòng,stock,RESERVE,UPCOM,UNAVAILABLE,UNAVAILABLE,UPCOM,UNAVAILABLE,CURRENT_LISTING_ONLY,KBS_CURRENT_LISTING,NO_KNOWN_MATCH,KBS current stock listing; exchange is deterministic pre-crawl priority signal
KBS:UPCOM:HCI,HCI,UPCOM,CTCP Đầu tư Xây dựng Hà Nội,stock,RESERVE,UPCOM,UNAVAILABLE,UNAVAILABLE,UPCOM,UNAVAILABLE,CURRENT_LISTING_ONLY,KBS_CURRENT_LISTING,NO_KNOWN_MATCH,KBS current stock listing; exchange is deterministic pre-crawl priority signal
KBS:UPCOM:HD2,HD2,UPCOM,CTCP Đầu tư Phát triển Nhà HUD2,stock,RESERVE,UPCOM,UNAVAILABLE,UNAVAILABLE,UPCOM,UNAVAILABLE,CURRENT_LISTING_ONLY,KBS_CURRENT_LISTING,NO_KNOWN_MATCH,KBS current stock listing; exchange is deterministic pre-crawl priority signal
KBS:UPCOM:HD8,HD8,UPCOM,CTCP Đầu tư Phát triển Nhà và Đô thị HUD8,stock,RESERVE,UPCOM,UNAVAILABLE,UNAVAILABLE,UPCOM,UNAVAILABLE,CURRENT_LISTING_ONLY,KBS_CURRENT_LISTING,NO_KNOWN_MATCH,KBS current stock listing; exchange is deterministic pre-crawl priority signal
KBS:UPCOM:HDM,HDM,UPCOM,CTCP Dệt may Huế,stock,RESERVE,UPCOM,UNAVAILABLE,UNAVAILABLE,UPCOM,UNAVAILABLE,CURRENT_LISTING_ONLY,KBS_CURRENT_LISTING,NO_KNOWN_MATCH,KBS current stock listing; exchange is deterministic pre-crawl priority signal
KBS:UPCOM:HDP,HDP,UPCOM,CTCP Dược Hà Tĩnh,stock,RESERVE,UPCOM,UNAVAILABLE,UNAVAILABLE,UPCOM,UNAVAILABLE,CURRENT_LISTING_ONLY,KBS_CURRENT_LISTING,NO_KNOWN_MATCH,KBS current stock listing; exchange is deterministic pre-crawl priority signal
KBS:UPCOM:HEC,HEC,UPCOM,CTCP Tư vấn Xây dựng Thủy Lợi II,stock,RESERVE,UPCOM,UNAVAILABLE,UNAVAILABLE,UPCOM,UNAVAILABLE,CURRENT_LISTING_ONLY,KBS_CURRENT_LISTING,NO_KNOWN_MATCH,KBS current stock listing; exchange is deterministic pre-crawl priority signal
KBS:UPCOM:HFB,HFB,UPCOM,CTCP Công trình Cầu phà Thành phố Hồ Chí Minh,stock,RESERVE,UPCOM,UNAVAILABLE,UNAVAILABLE,UPCOM,UNAVAILABLE,CURRENT_LISTING_ONLY,KBS_CURRENT_LISTING,NO_KNOWN_MATCH,KBS current stock listing; exchange is deterministic pre-crawl priority signal
KBS:UPCOM:HFC,HFC,UPCOM,CTCP Xăng dầu HFC,stock,RESERVE,UPCOM,UNAVAILABLE,UNAVAILABLE,UPCOM,UNAVAILABLE,CURRENT_LISTING_ONLY,KBS_CURRENT_LISTING,NO_KNOWN_MATCH,KBS current stock listing; exchange is deterministic pre-crawl priority signal
KBS:UPCOM:HFX,HFX,UPCOM,CTCP Sản xuất - Xuất nhập khẩu Thanh Hà,stock,RESERVE,UPCOM,UNAVAILABLE,UNAVAILABLE,UPCOM,UNAVAILABLE,CURRENT_LISTING_ONLY,KBS_CURRENT_LISTING,NO_KNOWN_MATCH,KBS current stock listing; exchange is deterministic pre-crawl priority signal
KBS:UPCOM:HGT,HGT,UPCOM,CTCP Du lịch Hương Giang,stock,RESERVE,UPCOM,UNAVAILABLE,UNAVAILABLE,UPCOM,UNAVAILABLE,CURRENT_LISTING_ONLY,KBS_CURRENT_LISTING,NO_KNOWN_MATCH,KBS current stock listing; exchange is deterministic pre-crawl priority signal
KBS:UPCOM:HHB,HHB,UPCOM,CTCP Bia Hà Nội - Hồng Hà,stock,RESERVE,UPCOM,UNAVAILABLE,UNAVAILABLE,UPCOM,UNAVAILABLE,CURRENT_LISTING_ONLY,KBS_CURRENT_LISTING,NO_KNOWN_MATCH,KBS current stock listing; exchange is deterministic pre-crawl priority signal
KBS:UPCOM:HHN,HHN,UPCOM,CTCP Vận tải và Dịch vụ Hàng hóa Hà Nội,stock,RESERVE,UPCOM,UNAVAILABLE,UNAVAILABLE,UPCOM,UNAVAILABLE,CURRENT_LISTING_ONLY,KBS_CURRENT_LISTING,NO_KNOWN_MATCH,KBS current stock listing; exchange is deterministic pre-crawl priority signal
KBS:UPCOM:HIO,HIO,UPCOM,CTCP Helio Energy,stock,RESERVE,UPCOM,UNAVAILABLE,UNAVAILABLE,UPCOM,UNAVAILABLE,CURRENT_LISTING_ONLY,KBS_CURRENT_LISTING,NO_KNOWN_MATCH,KBS current stock listing; exchange is deterministic pre-crawl priority signal
KBS:UPCOM:HJC,HJC,UPCOM,CTCP Hòa Việt,stock,RESERVE,UPCOM,UNAVAILABLE,UNAVAILABLE,UPCOM,UNAVAILABLE,CURRENT_LISTING_ONLY,KBS_CURRENT_LISTING,NO_KNOWN_MATCH,KBS current stock listing; exchange is deterministic pre-crawl priority signal
KBS:UPCOM:HKB,HKB,UPCOM,CTCP Nông nghiệp và Thực phẩm Hà Nội - Kinh Bắc,stock,RESERVE,UPCOM,UNAVAILABLE,UNAVAILABLE,UPCOM,UNAVAILABLE,CURRENT_LISTING_ONLY,KBS_CURRENT_LISTING,NO_KNOWN_MATCH,KBS current stock listing; exchange is deterministic pre-crawl priority signal
KBS:UPCOM:HLA,HLA,UPCOM,CTCP Hữu Liên Á Châu,stock,RESERVE,UPCOM,UNAVAILABLE,UNAVAILABLE,UPCOM,UNAVAILABLE,CURRENT_LISTING_ONLY,KBS_CURRENT_LISTING,NO_KNOWN_MATCH,KBS current stock listing; exchange is deterministic pre-crawl priority signal
KBS:UPCOM:HLO,HLO,UPCOM,CTCP Công nghệ Ha Lô,stock,RESERVE,UPCOM,UNAVAILABLE,UNAVAILABLE,UPCOM,UNAVAILABLE,CURRENT_LISTING_ONLY,KBS_CURRENT_LISTING,NO_KNOWN_MATCH,KBS current stock listing; exchange is deterministic pre-crawl priority signal
KBS:UPCOM:HLT,HLT,UPCOM,CTCP Dệt may Hoàng Thị Loan,stock,RESERVE,UPCOM,UNAVAILABLE,UNAVAILABLE,UPCOM,UNAVAILABLE,CURRENT_LISTING_ONLY,KBS_CURRENT_LISTING,NO_KNOWN_MATCH,KBS current stock listing; exchange is deterministic pre-crawl priority signal
KBS:UPCOM:HLY,HLY,UPCOM,CTCP Gốm Xây Dựng Yên Hưng,stock,RESERVE,UPCOM,UNAVAILABLE,UNAVAILABLE,UPCOM,UNAVAILABLE,CURRENT_LISTING_ONLY,KBS_CURRENT_LISTING,NO_KNOWN_MATCH,KBS current stock listing; exchange is deterministic pre-crawl priority signal
KBS:UPCOM:HMD,HMD,UPCOM,CTCP Hóa chất Minh Đức,stock,RESERVE,UPCOM,UNAVAILABLE,UNAVAILABLE,UPCOM,UNAVAILABLE,CURRENT_LISTING_ONLY,KBS_CURRENT_LISTING,NO_KNOWN_MATCH,KBS current stock listing; exchange is deterministic pre-crawl priority signal
KBS:UPCOM:HMG,HMG,UPCOM,CTCP Kim khí Hà Nội - VNSTEEL,stock,RESERVE,UPCOM,UNAVAILABLE,UNAVAILABLE,UPCOM,UNAVAILABLE,CURRENT_LISTING_ONLY,KBS_CURRENT_LISTING,NO_KNOWN_MATCH,KBS current stock listing; exchange is deterministic pre-crawl priority signal
KBS:UPCOM:HMS,HMS,UPCOM,CTCP Xây dựng Bảo tàng Hồ Chí Minh,stock,RESERVE,UPCOM,UNAVAILABLE,UNAVAILABLE,UPCOM,UNAVAILABLE,CURRENT_LISTING_ONLY,KBS_CURRENT_LISTING,NO_KNOWN_MATCH,KBS current stock listing; exchange is deterministic pre-crawl priority signal
KBS:UPCOM:HNB,HNB,UPCOM,CTCP Bến xe Hà Nội,stock,RESERVE,UPCOM,UNAVAILABLE,UNAVAILABLE,UPCOM,UNAVAILABLE,CURRENT_LISTING_ONLY,KBS_CURRENT_LISTING,NO_KNOWN_MATCH,KBS current stock listing; exchange is deterministic pre-crawl priority signal
KBS:UPCOM:HNI,HNI,UPCOM,CTCP May Hữu Nghị,stock,RESERVE,UPCOM,UNAVAILABLE,UNAVAILABLE,UPCOM,UNAVAILABLE,CURRENT_LISTING_ONLY,KBS_CURRENT_LISTING,NO_KNOWN_MATCH,KBS current stock listing; exchange is deterministic pre-crawl priority signal
KBS:UPCOM:HNP,HNP,UPCOM,CTCP Hanel Xốp nhựa,stock,RESERVE,UPCOM,UNAVAILABLE,UNAVAILABLE,UPCOM,UNAVAILABLE,CURRENT_LISTING_ONLY,KBS_CURRENT_LISTING,NO_KNOWN_MATCH,KBS current stock listing; exchange is deterministic pre-crawl priority signal
KBS:UPCOM:HNR,HNR,UPCOM,CTCP Rượu và Nước giải khát Hà Nội,stock,RESERVE,UPCOM,UNAVAILABLE,UNAVAILABLE,UPCOM,UNAVAILABLE,CURRENT_LISTING_ONLY,KBS_CURRENT_LISTING,NO_KNOWN_MATCH,KBS current stock listing; exchange is deterministic pre-crawl priority signal
KBS:UPCOM:HOT,HOT,UPCOM,CTCP Du lịch - Dịch vụ Hội An,stock,RESERVE,UPCOM,UNAVAILABLE,UNAVAILABLE,UPCOM,UNAVAILABLE,CURRENT_LISTING_ONLY,KBS_CURRENT_LISTING,NO_KNOWN_MATCH,KBS current stock listing; exchange is deterministic pre-crawl priority signal
KBS:UPCOM:HPB,HPB,UPCOM,CTCP Bao bì PP,stock,RESERVE,UPCOM,UNAVAILABLE,UNAVAILABLE,UPCOM,UNAVAILABLE,CURRENT_LISTING_ONLY,KBS_CURRENT_LISTING,NO_KNOWN_MATCH,KBS current stock listing; exchange is deterministic pre-crawl priority signal
KBS:UPCOM:HPD,HPD,UPCOM,CTCP Thủy điện ĐăK Đoa,stock,RESERVE,UPCOM,UNAVAILABLE,UNAVAILABLE,UPCOM,UNAVAILABLE,CURRENT_LISTING_ONLY,KBS_CURRENT_LISTING,NO_KNOWN_MATCH,KBS current stock listing; exchange is deterministic pre-crawl priority signal
KBS:UPCOM:HPI,HPI,UPCOM,CTCP Khu công nghiệp Hiệp Phước,stock,RESERVE,UPCOM,UNAVAILABLE,UNAVAILABLE,UPCOM,UNAVAILABLE,CURRENT_LISTING_ONLY,KBS_CURRENT_LISTING,NO_KNOWN_MATCH,KBS current stock listing; exchange is deterministic pre-crawl priority signal
KBS:UPCOM:HPO,HPO,UPCOM,CTCP Công nghiệp Hapulico,stock,RESERVE,UPCOM,UNAVAILABLE,UNAVAILABLE,UPCOM,UNAVAILABLE,CURRENT_LISTING_ONLY,KBS_CURRENT_LISTING,NO_KNOWN_MATCH,KBS current stock listing; exchange is deterministic pre-crawl priority signal
KBS:UPCOM:HPP,HPP,UPCOM,CTCP Sơn Hải Phòng,stock,RESERVE,UPCOM,UNAVAILABLE,UNAVAILABLE,UPCOM,UNAVAILABLE,CURRENT_LISTING_ONLY,KBS_CURRENT_LISTING,NO_KNOWN_MATCH,KBS current stock listing; exchange is deterministic pre-crawl priority signal
KBS:UPCOM:HPW,HPW,UPCOM,CTCP Cấp nước Hải Phòng,stock,RESERVE,UPCOM,UNAVAILABLE,UNAVAILABLE,UPCOM,UNAVAILABLE,CURRENT_LISTING_ONLY,KBS_CURRENT_LISTING,NO_KNOWN_MATCH,KBS current stock listing; exchange is deterministic pre-crawl priority signal
KBS:UPCOM:HRB,HRB,UPCOM,CTCP Harec Đầu tư và Thương mại,stock,RESERVE,UPCOM,UNAVAILABLE,UNAVAILABLE,UPCOM,UNAVAILABLE,CURRENT_LISTING_ONLY,KBS_CURRENT_LISTING,NO_KNOWN_MATCH,KBS current stock listing; exchange is deterministic pre-crawl priority signal
KBS:UPCOM:HSA,HSA,UPCOM,CTCP Hestia,stock,RESERVE,UPCOM,UNAVAILABLE,UNAVAILABLE,UPCOM,UNAVAILABLE,CURRENT_LISTING_ONLY,KBS_CURRENT_LISTING,NO_KNOWN_MATCH,KBS current stock listing; exchange is deterministic pre-crawl priority signal
KBS:UPCOM:HSM,HSM,UPCOM,Tổng Công ty cổ phần Dệt may Hà Nội,stock,RESERVE,UPCOM,UNAVAILABLE,UNAVAILABLE,UPCOM,UNAVAILABLE,CURRENT_LISTING_ONLY,KBS_CURRENT_LISTING,NO_KNOWN_MATCH,KBS current stock listing; exchange is deterministic pre-crawl priority signal
KBS:UPCOM:HSP,HSP,UPCOM,CTCP Sơn Tổng hợp Hà Nội,stock,RESERVE,UPCOM,UNAVAILABLE,UNAVAILABLE,UPCOM,UNAVAILABLE,CURRENT_LISTING_ONLY,KBS_CURRENT_LISTING,NO_KNOWN_MATCH,KBS current stock listing; exchange is deterministic pre-crawl priority signal
KBS:UPCOM:HSV,HSV,UPCOM,CTCP Tập đoàn HSV Việt Nam,stock,RESERVE,UPCOM,UNAVAILABLE,UNAVAILABLE,UPCOM,UNAVAILABLE,CURRENT_LISTING_ONLY,KBS_CURRENT_LISTING,NO_KNOWN_MATCH,KBS current stock listing; exchange is deterministic pre-crawl priority signal
KBS:UPCOM:HTE,HTE,UPCOM,CTCP Đầu tư Kinh doanh Điện lực Thành phố Hồ Chí Minh,stock,RESERVE,UPCOM,UNAVAILABLE,UNAVAILABLE,UPCOM,UNAVAILABLE,CURRENT_LISTING_ONLY,KBS_CURRENT_LISTING,NO_KNOWN_MATCH,KBS current stock listing; exchange is deterministic pre-crawl priority signal
KBS:UPCOM:HTP,HTP,UPCOM,CTCP In Sách Giáo khoa Hòa Phát,stock,RESERVE,UPCOM,UNAVAILABLE,UNAVAILABLE,UPCOM,UNAVAILABLE,CURRENT_LISTING_ONLY,KBS_CURRENT_LISTING,NO_KNOWN_MATCH,KBS current stock listing; exchange is deterministic pre-crawl priority signal
KBS:UPCOM:HTT,HTT,UPCOM,CTCP Thương mại Hà Tây,stock,RESERVE,UPCOM,UNAVAILABLE,UNAVAILABLE,UPCOM,UNAVAILABLE,CURRENT_LISTING_ONLY,KBS_CURRENT_LISTING,NO_KNOWN_MATCH,KBS current stock listing; exchange is deterministic pre-crawl priority signal
KBS:UPCOM:HU3,HU3,UPCOM,CTCP Đầu tư và Xây dựng HUD3,stock,RESERVE,UPCOM,UNAVAILABLE,UNAVAILABLE,UPCOM,UNAVAILABLE,CURRENT_LISTING_ONLY,KBS_CURRENT_LISTING,NO_KNOWN_MATCH,KBS current stock listing; exchange is deterministic pre-crawl priority signal
KBS:UPCOM:HU4,HU4,UPCOM,CTCP Đầu tư và Xây dựng HUD4,stock,RESERVE,UPCOM,UNAVAILABLE,UNAVAILABLE,UPCOM,UNAVAILABLE,CURRENT_LISTING_ONLY,KBS_CURRENT_LISTING,NO_KNOWN_MATCH,KBS current stock listing; exchange is deterministic pre-crawl priority signal
KBS:UPCOM:HU6,HU6,UPCOM,CTCP Đầu tư Phát triển Nhà và Đô thị HUD6,stock,RESERVE,UPCOM,UNAVAILABLE,UNAVAILABLE,UPCOM,UNAVAILABLE,CURRENT_LISTING_ONLY,KBS_CURRENT_LISTING,NO_KNOWN_MATCH,KBS current stock listing; exchange is deterministic pre-crawl priority signal
KBS:UPCOM:HUG,HUG,UPCOM,Tổng Công ty May Hưng Yên - CTCP,stock,RESERVE,UPCOM,UNAVAILABLE,UNAVAILABLE,UPCOM,UNAVAILABLE,CURRENT_LISTING_ONLY,KBS_CURRENT_LISTING,NO_KNOWN_MATCH,KBS current stock listing; exchange is deterministic pre-crawl priority signal
KBS:UPCOM:HVA,HVA,UPCOM,CTCP Đầu tư HVA,stock,RESERVE,UPCOM,UNAVAILABLE,UNAVAILABLE,UPCOM,UNAVAILABLE,CURRENT_LISTING_ONLY,KBS_CURRENT_LISTING,NO_KNOWN_MATCH,KBS current stock listing; exchange is deterministic pre-crawl priority signal
KBS:UPCOM:HVX,HVX,UPCOM,CTCP Xi măng VICEM Hải Vân,stock,RESERVE,UPCOM,UNAVAILABLE,UNAVAILABLE,UPCOM,UNAVAILABLE,CURRENT_LISTING_ONLY,KBS_CURRENT_LISTING,NO_KNOWN_MATCH,KBS current stock listing; exchange is deterministic pre-crawl priority signal
KBS:UPCOM:IBD,IBD,UPCOM,CTCP In Tổng hợp Bình Dương,stock,RESERVE,UPCOM,UNAVAILABLE,UNAVAILABLE,UPCOM,UNAVAILABLE,CURRENT_LISTING_ONLY,KBS_CURRENT_LISTING,NO_KNOWN_MATCH,KBS current stock listing; exchange is deterministic pre-crawl priority signal
KBS:UPCOM:ICC,ICC,UPCOM,CTCP Xây dựng Công nghiệp (ICC),stock,RESERVE,UPCOM,UNAVAILABLE,UNAVAILABLE,UPCOM,UNAVAILABLE,CURRENT_LISTING_ONLY,KBS_CURRENT_LISTING,NO_KNOWN_MATCH,KBS current stock listing; exchange is deterministic pre-crawl priority signal
KBS:UPCOM:ICF,ICF,UPCOM,CTCP Đầu tư Thương mại Thủy sản,stock,RESERVE,UPCOM,UNAVAILABLE,UNAVAILABLE,UPCOM,UNAVAILABLE,CURRENT_LISTING_ONLY,KBS_CURRENT_LISTING,NO_KNOWN_MATCH,KBS current stock listing; exchange is deterministic pre-crawl priority signal
KBS:UPCOM:IDP,IDP,UPCOM,CTCP Sữa Quốc tế Lof,stock,RESERVE,UPCOM,UNAVAILABLE,UNAVAILABLE,UPCOM,UNAVAILABLE,CURRENT_LISTING_ONLY,KBS_CURRENT_LISTING,NO_KNOWN_MATCH,KBS current stock listing; exchange is deterministic pre-crawl priority signal
KBS:UPCOM:IME,IME,UPCOM,CTCP Cơ khí và Xây lắp Công nghiệp,stock,RESERVE,UPCOM,UNAVAILABLE,UNAVAILABLE,UPCOM,UNAVAILABLE,CURRENT_LISTING_ONLY,KBS_CURRENT_LISTING,NO_KNOWN_MATCH,KBS current stock listing; exchange is deterministic pre-crawl priority signal
KBS:UPCOM:IN4,IN4,UPCOM,CTCP In Số 4,stock,RESERVE,UPCOM,UNAVAILABLE,UNAVAILABLE,UPCOM,UNAVAILABLE,CURRENT_LISTING_ONLY,KBS_CURRENT_LISTING,NO_KNOWN_MATCH,KBS current stock listing; exchange is deterministic pre-crawl priority signal
KBS:UPCOM:IRC,IRC,UPCOM,CTCP Cao su Công nghiệp,stock,RESERVE,UPCOM,UNAVAILABLE,UNAVAILABLE,UPCOM,UNAVAILABLE,CURRENT_LISTING_ONLY,KBS_CURRENT_LISTING,NO_KNOWN_MATCH,KBS current stock listing; exchange is deterministic pre-crawl priority signal
KBS:UPCOM:ISG,ISG,UPCOM,CTCP Vận tải biển và Hợp tác Lao động Quốc tế,stock,RESERVE,UPCOM,UNAVAILABLE,UNAVAILABLE,UPCOM,UNAVAILABLE,CURRENT_LISTING_ONLY,KBS_CURRENT_LISTING,NO_KNOWN_MATCH,KBS current stock listing; exchange is deterministic pre-crawl priority signal
KBS:UPCOM:ISH,ISH,UPCOM,CTCP Thủy điện Srok Phu Miêng IDICO,stock,RESERVE,UPCOM,UNAVAILABLE,UNAVAILABLE,UPCOM,UNAVAILABLE,CURRENT_LISTING_ONLY,KBS_CURRENT_LISTING,NO_KNOWN_MATCH,KBS current stock listing; exchange is deterministic pre-crawl priority signal
KBS:UPCOM:ITA,ITA,UPCOM,CTCP Đầu tư và Công nghiệp Tân Tạo,stock,RESERVE,UPCOM,UNAVAILABLE,UNAVAILABLE,UPCOM,UNAVAILABLE,CURRENT_LISTING_ONLY,KBS_CURRENT_LISTING,NO_KNOWN_MATCH,KBS current stock listing; exchange is deterministic pre-crawl priority signal
KBS:UPCOM:ITS,ITS,UPCOM,CTCP Đầu tư Thương mại và Dịch vụ - Vinacomin,stock,RESERVE,UPCOM,UNAVAILABLE,UNAVAILABLE,UPCOM,UNAVAILABLE,CURRENT_LISTING_ONLY,KBS_CURRENT_LISTING,NO_KNOWN_MATCH,KBS current stock listing; exchange is deterministic pre-crawl priority signal
KBS:UPCOM:KAI,KAI,UPCOM,CTCP Chứng khoán KAFI,stock,RESERVE,UPCOM,UNAVAILABLE,UNAVAILABLE,UPCOM,UNAVAILABLE,CURRENT_LISTING_ONLY,KBS_CURRENT_LISTING,NO_KNOWN_MATCH,KBS current stock listing; exchange is deterministic pre-crawl priority signal
KBS:UPCOM:KCB,KCB,UPCOM,CTCP Khoáng sản và Luyện kim Cao Bằng - Vimico,stock,RESERVE,UPCOM,UNAVAILABLE,UNAVAILABLE,UPCOM,UNAVAILABLE,CURRENT_LISTING_ONLY,KBS_CURRENT_LISTING,NO_KNOWN_MATCH,KBS current stock listing; exchange is deterministic pre-crawl priority signal
KBS:UPCOM:KGM,KGM,UPCOM,CTCP Xuất nhập khẩu Kiên Giang,stock,RESERVE,UPCOM,UNAVAILABLE,UNAVAILABLE,UPCOM,UNAVAILABLE,CURRENT_LISTING_ONLY,KBS_CURRENT_LISTING,NO_KNOWN_MATCH,KBS current stock listing; exchange is deterministic pre-crawl priority signal
KBS:UPCOM:KHD,KHD,UPCOM,CTCP Khai thác Chế biến Khoáng sản Hải Dương,stock,RESERVE,UPCOM,UNAVAILABLE,UNAVAILABLE,UPCOM,UNAVAILABLE,CURRENT_LISTING_ONLY,KBS_CURRENT_LISTING,NO_KNOWN_MATCH,KBS current stock listing; exchange is deterministic pre-crawl priority signal
KBS:UPCOM:KHX,KHX,UPCOM,CTCP Phát hành sách Khánh Hòa,stock,RESERVE,UPCOM,UNAVAILABLE,UNAVAILABLE,UPCOM,UNAVAILABLE,CURRENT_LISTING_ONLY,KBS_CURRENT_LISTING,NO_KNOWN_MATCH,KBS current stock listing; exchange is deterministic pre-crawl priority signal
KBS:UPCOM:KPF,KPF,UPCOM,CTCP Đầu tư tài sản Koji,stock,RESERVE,UPCOM,UNAVAILABLE,UNAVAILABLE,UPCOM,UNAVAILABLE,CURRENT_LISTING_ONLY,KBS_CURRENT_LISTING,NO_KNOWN_MATCH,KBS current stock listing; exchange is deterministic pre-crawl priority signal
KBS:UPCOM:KSQ,KSQ,UPCOM,CTCP CNC Capital Việt Nam,stock,RESERVE,UPCOM,UNAVAILABLE,UNAVAILABLE,UPCOM,UNAVAILABLE,CURRENT_LISTING_ONLY,KBS_CURRENT_LISTING,NO_KNOWN_MATCH,KBS current stock listing; exchange is deterministic pre-crawl priority signal
KBS:UPCOM:KTC,KTC,UPCOM,CTCP Thương mại Kiên Giang,stock,RESERVE,UPCOM,UNAVAILABLE,UNAVAILABLE,UPCOM,UNAVAILABLE,CURRENT_LISTING_ONLY,KBS_CURRENT_LISTING,NO_KNOWN_MATCH,KBS current stock listing; exchange is deterministic pre-crawl priority signal
KBS:UPCOM:KTL,KTL,UPCOM,CTCP Kim Khí Thăng Long,stock,RESERVE,UPCOM,UNAVAILABLE,UNAVAILABLE,UPCOM,UNAVAILABLE,CURRENT_LISTING_ONLY,KBS_CURRENT_LISTING,NO_KNOWN_MATCH,KBS current stock listing; exchange is deterministic pre-crawl priority signal
KBS:UPCOM:KTT,KTT,UPCOM,CTCP Tập đoàn Đầu tư KTT,stock,RESERVE,UPCOM,UNAVAILABLE,UNAVAILABLE,UPCOM,UNAVAILABLE,CURRENT_LISTING_ONLY,KBS_CURRENT_LISTING,NO_KNOWN_MATCH,KBS current stock listing; exchange is deterministic pre-crawl priority signal
KBS:UPCOM:KVC,KVC,UPCOM,CTCP Sản xuất Xuất nhập khẩu Inox Kim Vĩ,stock,RESERVE,UPCOM,UNAVAILABLE,UNAVAILABLE,UPCOM,UNAVAILABLE,CURRENT_LISTING_ONLY,KBS_CURRENT_LISTING,NO_KNOWN_MATCH,KBS current stock listing; exchange is deterministic pre-crawl priority signal
KBS:UPCOM:L12,L12,UPCOM,CTCP Licogi 12,stock,RESERVE,UPCOM,UNAVAILABLE,UNAVAILABLE,UPCOM,UNAVAILABLE,CURRENT_LISTING_ONLY,KBS_CURRENT_LISTING,NO_KNOWN_MATCH,KBS current stock listing; exchange is deterministic pre-crawl priority signal
KBS:UPCOM:L35,L35,UPCOM,CTCP Cơ khí Lắp máy Lilama,stock,RESERVE,UPCOM,UNAVAILABLE,UNAVAILABLE,UPCOM,UNAVAILABLE,CURRENT_LISTING_ONLY,KBS_CURRENT_LISTING,NO_KNOWN_MATCH,KBS current stock listing; exchange is deterministic pre-crawl priority signal
KBS:UPCOM:L45,L45,UPCOM,CTCP Lilama 45.1,stock,RESERVE,UPCOM,UNAVAILABLE,UNAVAILABLE,UPCOM,UNAVAILABLE,CURRENT_LISTING_ONLY,KBS_CURRENT_LISTING,NO_KNOWN_MATCH,KBS current stock listing; exchange is deterministic pre-crawl priority signal
KBS:UPCOM:L61,L61,UPCOM,CTCP Lilama 69-1,stock,RESERVE,UPCOM,UNAVAILABLE,UNAVAILABLE,UPCOM,UNAVAILABLE,CURRENT_LISTING_ONLY,KBS_CURRENT_LISTING,NO_KNOWN_MATCH,KBS current stock listing; exchange is deterministic pre-crawl priority signal
KBS:UPCOM:LAW,LAW,UPCOM,CTCP Cấp thoát nước Long An,stock,RESERVE,UPCOM,UNAVAILABLE,UNAVAILABLE,UPCOM,UNAVAILABLE,CURRENT_LISTING_ONLY,KBS_CURRENT_LISTING,NO_KNOWN_MATCH,KBS current stock listing; exchange is deterministic pre-crawl priority signal
KBS:UPCOM:LCM,LCM,UPCOM,CTCP Khai thác và Chế biến khoáng sản Lào Cai,stock,RESERVE,UPCOM,UNAVAILABLE,UNAVAILABLE,UPCOM,UNAVAILABLE,CURRENT_LISTING_ONLY,KBS_CURRENT_LISTING,NO_KNOWN_MATCH,KBS current stock listing; exchange is deterministic pre-crawl priority signal
KBS:UPCOM:LDW,LDW,UPCOM,CTCP Cấp thoát nước Lâm Đồng,stock,RESERVE,UPCOM,UNAVAILABLE,UNAVAILABLE,UPCOM,UNAVAILABLE,CURRENT_LISTING_ONLY,KBS_CURRENT_LISTING,NO_KNOWN_MATCH,KBS current stock listing; exchange is deterministic pre-crawl priority signal
KBS:UPCOM:LEC,LEC,UPCOM,CTCP Bất động sản Điện lực Miền Trung,stock,RESERVE,UPCOM,UNAVAILABLE,UNAVAILABLE,UPCOM,UNAVAILABLE,CURRENT_LISTING_ONLY,KBS_CURRENT_LISTING,NO_KNOWN_MATCH,KBS current stock listing; exchange is deterministic pre-crawl priority signal
KBS:UPCOM:LG9,LG9,UPCOM,CTCP Cơ giới và Xây lắp Số 9,stock,RESERVE,UPCOM,UNAVAILABLE,UNAVAILABLE,UPCOM,UNAVAILABLE,CURRENT_LISTING_ONLY,KBS_CURRENT_LISTING,NO_KNOWN_MATCH,KBS current stock listing; exchange is deterministic pre-crawl priority signal
KBS:UPCOM:LKW,LKW,UPCOM,CTCP Cấp nước Long Khánh,stock,RESERVE,UPCOM,UNAVAILABLE,UNAVAILABLE,UPCOM,UNAVAILABLE,CURRENT_LISTING_ONLY,KBS_CURRENT_LISTING,NO_KNOWN_MATCH,KBS current stock listing; exchange is deterministic pre-crawl priority signal
KBS:UPCOM:LM3,LM3,UPCOM,CTCP Lilama 3,stock,RESERVE,UPCOM,UNAVAILABLE,UNAVAILABLE,UPCOM,UNAVAILABLE,CURRENT_LISTING_ONLY,KBS_CURRENT_LISTING,NO_KNOWN_MATCH,KBS current stock listing; exchange is deterministic pre-crawl priority signal
KBS:UPCOM:LM7,LM7,UPCOM,CTCP Lilama 7,stock,RESERVE,UPCOM,UNAVAILABLE,UNAVAILABLE,UPCOM,UNAVAILABLE,CURRENT_LISTING_ONLY,KBS_CURRENT_LISTING,NO_KNOWN_MATCH,KBS current stock listing; exchange is deterministic pre-crawl priority signal
KBS:UPCOM:LMC,LMC,UPCOM,CTCP LUMI Holdings,stock,RESERVE,UPCOM,UNAVAILABLE,UNAVAILABLE,UPCOM,UNAVAILABLE,CURRENT_LISTING_ONLY,KBS_CURRENT_LISTING,NO_KNOWN_MATCH,KBS current stock listing; exchange is deterministic pre-crawl priority signal
KBS:UPCOM:LMH,LMH,UPCOM,CTCP Quốc Tế Holding,stock,RESERVE,UPCOM,UNAVAILABLE,UNAVAILABLE,UPCOM,UNAVAILABLE,CURRENT_LISTING_ONLY,KBS_CURRENT_LISTING,NO_KNOWN_MATCH,KBS current stock listing; exchange is deterministic pre-crawl priority signal
KBS:UPCOM:LNC,LNC,UPCOM,CTCP Lệ Ninh,stock,RESERVE,UPCOM,UNAVAILABLE,UNAVAILABLE,UPCOM,UNAVAILABLE,CURRENT_LISTING_ONLY,KBS_CURRENT_LISTING,NO_KNOWN_MATCH,KBS current stock listing; exchange is deterministic pre-crawl priority signal
KBS:UPCOM:LO5,LO5,UPCOM,CTCP Lilama 5,stock,RESERVE,UPCOM,UNAVAILABLE,UNAVAILABLE,UPCOM,UNAVAILABLE,CURRENT_LISTING_ONLY,KBS_CURRENT_LISTING,NO_KNOWN_MATCH,KBS current stock listing; exchange is deterministic pre-crawl priority signal
KBS:UPCOM:LPT,LPT,UPCOM,CTCP Thương mại và Sản xuất Lập Phương Thành,stock,RESERVE,UPCOM,UNAVAILABLE,UNAVAILABLE,UPCOM,UNAVAILABLE,CURRENT_LISTING_ONLY,KBS_CURRENT_LISTING,NO_KNOWN_MATCH,KBS current stock listing; exchange is deterministic pre-crawl priority signal
KBS:UPCOM:LQN,LQN,UPCOM,CTCP Licogi Quảng Ngãi,stock,RESERVE,UPCOM,UNAVAILABLE,UNAVAILABLE,UPCOM,UNAVAILABLE,CURRENT_LISTING_ONLY,KBS_CURRENT_LISTING,NO_KNOWN_MATCH,KBS current stock listing; exchange is deterministic pre-crawl priority signal
KBS:UPCOM:LSG,LSG,UPCOM,CTCP Bất động sản Sài Gòn Vina,stock,RESERVE,UPCOM,UNAVAILABLE,UNAVAILABLE,UPCOM,UNAVAILABLE,CURRENT_LISTING_ONLY,KBS_CURRENT_LISTING,NO_KNOWN_MATCH,KBS current stock listing; exchange is deterministic pre-crawl priority signal
KBS:UPCOM:LUT,LUT,UPCOM,CTCP Đầu tư Xây dựng Lương Tài,stock,RESERVE,UPCOM,UNAVAILABLE,UNAVAILABLE,UPCOM,UNAVAILABLE,CURRENT_LISTING_ONLY,KBS_CURRENT_LISTING,NO_KNOWN_MATCH,KBS current stock listing; exchange is deterministic pre-crawl priority signal
KBS:UPCOM:M10,M10,UPCOM,Tổng Công ty May 10 - CTCP,stock,RESERVE,UPCOM,UNAVAILABLE,UNAVAILABLE,UPCOM,UNAVAILABLE,CURRENT_LISTING_ONLY,KBS_CURRENT_LISTING,NO_KNOWN_MATCH,KBS current stock listing; exchange is deterministic pre-crawl priority signal
KBS:UPCOM:MA1,MA1,UPCOM,CTCP Thiết bị,stock,RESERVE,UPCOM,UNAVAILABLE,UNAVAILABLE,UPCOM,UNAVAILABLE,CURRENT_LISTING_ONLY,KBS_CURRENT_LISTING,NO_KNOWN_MATCH,KBS current stock listing; exchange is deterministic pre-crawl priority signal
KBS:UPCOM:MBN,MBN,UPCOM,CTCP Môi trường và Công trình đô thị Bắc Ninh,stock,RESERVE,UPCOM,UNAVAILABLE,UNAVAILABLE,UPCOM,UNAVAILABLE,CURRENT_LISTING_ONLY,KBS_CURRENT_LISTING,NO_KNOWN_MATCH,KBS current stock listing; exchange is deterministic pre-crawl priority signal
KBS:UPCOM:MBT,MBT,UPCOM,CTCP Bất động sản cho thuê Minh Bảo Tín,stock,RESERVE,UPCOM,UNAVAILABLE,UNAVAILABLE,UPCOM,UNAVAILABLE,CURRENT_LISTING_ONLY,KBS_CURRENT_LISTING,NO_KNOWN_MATCH,KBS current stock listing; exchange is deterministic pre-crawl priority signal
KBS:UPCOM:MCG,MCG,UPCOM,CTCP Năng lượng và Bất động sản MCG,stock,RESERVE,UPCOM,UNAVAILABLE,UNAVAILABLE,UPCOM,UNAVAILABLE,CURRENT_LISTING_ONLY,KBS_CURRENT_LISTING,NO_KNOWN_MATCH,KBS current stock listing; exchange is deterministic pre-crawl priority signal
KBS:UPCOM:MDA,MDA,UPCOM,CTCP Môi trường Đô thị Đông Anh,stock,RESERVE,UPCOM,UNAVAILABLE,UNAVAILABLE,UPCOM,UNAVAILABLE,CURRENT_LISTING_ONLY,KBS_CURRENT_LISTING,NO_KNOWN_MATCH,KBS current stock listing; exchange is deterministic pre-crawl priority signal
KBS:UPCOM:MEF,MEF,UPCOM,CTCP MEINFA,stock,RESERVE,UPCOM,UNAVAILABLE,UNAVAILABLE,UPCOM,UNAVAILABLE,CURRENT_LISTING_ONLY,KBS_CURRENT_LISTING,NO_KNOWN_MATCH,KBS current stock listing; exchange is deterministic pre-crawl priority signal
KBS:UPCOM:MES,MES,UPCOM,CTCP Cơ điện Công trình,stock,RESERVE,UPCOM,UNAVAILABLE,UNAVAILABLE,UPCOM,UNAVAILABLE,CURRENT_LISTING_ONLY,KBS_CURRENT_LISTING,NO_KNOWN_MATCH,KBS current stock listing; exchange is deterministic pre-crawl priority signal
KBS:UPCOM:MGR,MGR,UPCOM,CTCP Tập đoàn MGROUP,stock,RESERVE,UPCOM,UNAVAILABLE,UNAVAILABLE,UPCOM,UNAVAILABLE,CURRENT_LISTING_ONLY,KBS_CURRENT_LISTING,NO_KNOWN_MATCH,KBS current stock listing; exchange is deterministic pre-crawl priority signal
