available_at,close,index_id,trade_date
2024-01-01T17:00:00+07:00,1000.0,VNINDEX,2024-01-01
2024-01-02T17:00:00+07:00,1001.8649763368235,VNINDEX,2024-01-02
2024-01-03T17:00:00+07:00,1003.7128417353374,VNINDEX,2024-01-03
2024-01-04T17:00:00+07:00,1005.5231169333207,VNINDEX,2024-01-04
2024-01-05T17:00:00+07:00,1007.2756855687361,VNINDEX,2024-01-05
2024-01-08T17:00:00+07:00,1008.951054007051,VNINDEX,2024-01-08
2024-01-09T17:00:00+07:00,1010.5306076844834,VNINDEX,2024-01-09
2024-01-10T17:00:00+07:00,1011.9968600491216,VNINDEX,2024-01-10
2024-01-11T17:00:00+07:00,1013.3336900971452,VNINDEX,2024-01-11
2024-01-12T17:00:00+07:00,1014.5265645112551,VNINDEX,2024-01-12
2024-01-15T17:00:00+07:00,1015.5627405203583,VNINDEX,2024-01-15
2024-01-16T17:00:00+07:00,1016.4314458170367,VNINDEX,2024-01-16
2024-01-17T17:00:00+07:00,1017.1240321915446,VNINDEX,2024-01-17
2024-01-18T17:00:00+07:00,1017.6340999626508,VNINDEX,2024-01-18
2024-01-19T17:00:00+07:00,1017.9575907968222,VNINDEX,2024-01-19
2024-01-22T17:00:00+07:00,1018.0928470940491,VNINDEX,2024-01-22
2024-01-23T17:00:00+07:00,1018.0406367636048,VNINDEX,2024-01-23
2024-01-24T17:00:00+07:00,1017.8041428959073,VNINDEX,2024-01-24
2024-01-25T17:00:00+07:00,1017.3889185353353,VNINDEX,2024-01-25
2024-01-26T17:00:00+07:00,1016.802807450466,VNINDEX,2024-01-26
2024-01-29T17:00:00+07:00,1016.0558324602706,VNINDEX,2024-01-29
2024-01-30T17:00:00+07:00,1015.1600534862529,VNINDEX,2024-01-30
2024-01-31T17:00:00+07:00,1014.1293980427515,VNINDEX,2024-01-31
2024-02-01T17:00:00+07:00,1012.9794673353565,VNINDEX,2024-02-01
2024-02-02T17:00:00+07:00,1011.7273214992257,VNINDEX,2024-02-02
2024-02-05T17:00:00+07:00,1010.3912477680739,VNINDEX,2024-02-05
2024-02-06T17:00:00+07:00,1008.9905155182122,VNINDEX,2024-02-06
2024-02-07T17:00:00+07:00,1007.5451221822107,VNINDEX,2024-02-07
2024-02-08T17:00:00+07:00,1006.0755339795526,VNINDEX,2024-02-08
2024-02-09T17:00:00+07:00,1004.6024252766346,VNINDEX,2024-02-09
2024-02-12T17:00:00+07:00,1003.1464201781326,VNINDEX,2024-02-12
2024-02-13T17:00:00+07:00,1001.7278396806292,VNINDEX,2024-02-13
2024-02-14T17:00:00+07:00,1000.3664574032838,VNINDEX,2024-02-14
2024-02-15T17:00:00+07:00,999.0812665654071,VNINDEX,2024-02-15
2024-02-16T17:00:00+07:00,997.8902605228162,VNINDEX,2024-02-16
2024-02-19T17:00:00+07:00,996.8102288184093,VNINDEX,2024-02-19
2024-02-20T17:00:00+07:00,995.8565703603799,VNINDEX,2024-02-20
2024-02-21T17:00:00+07:00,995.0431250245094,VNINDEX,2024-02-21
2024-02-22T17:00:00+07:00,994.3820246931058,VNINDEX,2024-02-22
2024-02-23T17:00:00+07:00,993.8835644977254,VNINDEX,2024-02-23
2024-02-26T17:00:00+07:00,993.5560948283464,VNINDEX,2024-02-26
2024-02-27T17:00:00+07:00,993.4059345079719,VNINDEX,2024-02-27
2024-02-28T17:00:00+07:00,993.4373054060243,VNINDEX,2024-02-28
2024-02-29T17:00:00+07:00,993.6522886713915,VNINDEX,2024-02-29
2024-03-01T17:00:00+07:00,994.0508026997967,VNINDEX,2024-03-01
2024-03-04T17:00:00+07:00,994.630602902013,VNINDEX,2024-03-04
2024-03-05T17:00:00+07:00,995.387303300079,VNINDEX,2024-03-05
2024-03-06T17:00:00+07:00,996.3144199383835,VNINDEX,2024-03-06
2024-03-07T17:00:00+07:00,997.4034360455286,VNINDEX,2024-03-07
2024-03-08T17:00:00+07:00,998.6438888121231,VNINDEX,2024-03-08
2024-03-11T17:00:00+07:00,1000.0234775509111,VNINDEX,2024-03-11
2024-03-12T17:00:00+07:00,1001.528192872291,VNINDEX,2024-03-12
2024-03-13T17:00:00+07:00,1003.142466335572,VNINDEX,2024-03-13
2024-03-14T17:00:00+07:00,1004.8493398218146,VNINDEX,2024-03-14
2024-03-15T17:00:00+07:00,1006.6306536179272,VNINDEX,2024-03-15
2024-03-18T17:00:00+07:00,1008.4672519067012,VNINDEX,2024-03-18
2024-03-19T17:00:00+07:00,1010.3392040293795,VNINDEX,2024-03-19
2024-03-20T17:00:00+07:00,1012.2260395346034,VNINDEX,2024-03-20
2024-03-21T17:00:00+07:00,1014.1069946612258,VNINDEX,2024-03-21
2024-03-22T17:00:00+07:00,1015.9612675357217,VNINDEX,2024-03-22
2024-03-25T17:00:00+07:00,1017.7682790127853,VNINDEX,2024-03-25
2024-03-26T17:00:00+07:00,1019.5079357661891,VNINDEX,2024-03-26
2024-03-27T17:00:00+07:00,1021.1608919625552,VNINDEX,2024-03-27
2024-03-28T17:00:00+07:00,1022.7088056392872,VNINDEX,2024-03-28
2024-03-29T17:00:00+07:00,1024.1345857741512,VNINDEX,2024-03-29
2024-04-01T17:00:00+07:00,1025.4226259903332,VNINDEX,2024-04-01
2024-04-02T17:00:00+07:00,1026.5590208966714,VNINDEX,2024-04-02
2024-04-03T17:00:00+07:00,1027.5317612239735,VNINDEX,2024-04-03
2024-04-04T17:00:00+07:00,1028.3309041864547,VNINDEX,2024-04-04
2024-04-05T17:00:00+07:00,1028.948715869529,VNINDEX,2024-04-05
2024-04-08T17:00:00+07:00,1029.3797829139248,VNINDEX,2024-04-08
2024-04-09T17:00:00+07:00,1029.6210913195964,VNINDEX,2024-04-09
2024-04-10T17:00:00+07:00,1029.6720708153175,VNINDEX,2024-04-10
2024-04-11T17:00:00+07:00,1029.5346039121366,VNINDEX,2024-04-11
2024-04-12T17:00:00+07:00,1029.2129994595723,VNINDEX,2024-04-12
2024-04-15T17:00:00+07:00,1028.7139312296952,VNINDEX,2024-04-15
2024-04-16T17:00:00+07:00,1028.0463427429988,VNINDEX,2024-04-16
2024-04-17T17:00:00+07:00,1027.2213201989575,VNINDEX,2024-04-17
2024-04-18T17:00:00+07:00,1026.2519359631285,VNINDEX,2024-04-18
2024-04-19T17:00:00+07:00,1025.1530655741822,VNINDEX,2024-04-19
2024-04-22T17:00:00+07:00,1023.9411816545547,VNINDEX,2024-04-22
2024-04-23T17:00:00+07:00,1022.6341284280518,VNINDEX,2024-04-23
2024-04-24T17:00:00+07:00,1021.2508807615685,VNINDEX,2024-04-24
2024-04-25T17:00:00+07:00,1019.8112917557692,VNINDEX,2024-04-25
2024-04-26T17:00:00+07:00,1018.3358329148678,VNINDEX,2024-04-26
2024-04-29T17:00:00+07:00,1016.8453308364518,VNINDEX,2024-04-29
2024-04-30T17:00:00+07:00,1015.3607041896413,VNINDEX,2024-04-30
2024-05-01T17:00:00+07:00,1013.9027045074857,VNINDEX,2024-05-01
2024-05-02T17:00:00+07:00,1012.4916640227422,VNINDEX,2024-05-02
2024-05-03T17:00:00+07:00,1011.1472534412947,VNINDEX,2024-05-03
2024-05-06T17:00:00+07:00,1009.8882521907491,VNINDEX,2024-05-06
2024-05-07T17:00:00+07:00,1008.7323333186573,VNINDEX,2024-05-07
2024-05-08T17:00:00+07:00,1007.6958648594216,VNINDEX,2024-05-08
2024-05-09T17:00:00+07:00,1006.7937291532727,VNINDEX,2024-05-09
2024-05-10T17:00:00+07:00,1006.0391612943957,VNINDEX,2024-05-10
2024-05-13T17:00:00+07:00,1005.4436076152228,VNINDEX,2024-05-13
2024-05-14T17:00:00+07:00,1005.016604884245,VNINDEX,2024-05-14
2024-05-15T17:00:00+07:00,1004.7656807066911,VNINDEX,2024-05-15
2024-05-16T17:00:00+07:00,1004.6962754697366,VNINDEX,2024-05-16
2024-05-17T17:00:00+07:00,1004.8116860627132,VNINDEX,2024-05-17
2024-05-20T17:00:00+07:00,1005.1130315222025,VNINDEX,2024-05-20
2024-05-21T17:00:00+07:00,1005.5992406942951,VNINDEX,2024-05-21
2024-05-22T17:00:00+07:00,1006.2670619628071,VNINDEX,2024-05-22
2024-05-23T17:00:00+07:00,1007.1110950532411,VNINDEX,2024-05-23
2024-05-24T17:00:00+07:00,1008.1238448778554,VNINDEX,2024-05-24
2024-05-27T17:00:00+07:00,1009.2957973277314,VNINDEX,2024-05-27
2024-05-28T17:00:00+07:00,1010.6155168343265,VNINDEX,2024-05-28
2024-05-29T17:00:00+07:00,1012.0697654080628,VNINDEX,2024-05-29
2024-05-30T17:00:00+07:00,1013.64364270913,VNINDEX,2024-05-30
2024-05-31T17:00:00+07:00,1015.3207465120902,VNINDEX,2024-05-31
2024-06-03T17:00:00+07:00,1017.0833526897285,VNINDEX,2024-06-03
2024-06-04T17:00:00+07:00,1018.9126135642574,VNINDEX,2024-06-04
2024-06-05T17:00:00+07:00,1020.788773159651,VNINDEX,2024-06-05
2024-06-06T17:00:00+07:00,1022.6913975445771,VNINDEX,2024-06-06
2024-06-07T17:00:00+07:00,1024.5996180909067,VNINDEX,2024-06-07
2024-06-10T17:00:00+07:00,1026.4923851002952,VNINDEX,2024-06-10
2024-06-11T17:00:00+07:00,1028.3487288851102,VNINDEX,2024-06-11
2024-06-12T17:00:00+07:00,1030.1480250457707,VNINDEX,2024-06-12
2024-06-13T17:00:00+07:00,1031.8702603808347,VNINDEX,2024-06-13
2024-06-14T17:00:00+07:00,1033.4962956154532,VNINDEX,2024-06-14
2024-06-17T17:00:00+07:00,1035.0081209537293,VNINDEX,2024-06-17
2024-06-18T17:00:00+07:00,1036.3891003649728,VNINDEX,2024-06-18
2024-06-19T17:00:00+07:00,1037.6242005141337,VNINDEX,2024-06-19
2024-06-20T17:00:00+07:00,1038.7002003508142,VNINDEX,2024-06-20
2024-06-21T17:00:00+07:00,1039.6058775831705,VNINDEX,2024-06-21
2024-06-24T17:00:00+07:00,1040.3321685823378,VNINDEX,2024-06-24
2024-06-25T17:00:00+07:00,1040.8722986847115,VNINDEX,2024-06-25
2024-06-26T17:00:00+07:00,1041.2218803739283,VNINDEX,2024-06-26
2024-06-27T17:00:00+07:00,1041.3789774178192,VNINDEX,2024-06-27
2024-06-28T17:00:00+07:00,1041.3441336904402,VNINDEX,2024-06-28
2024-07-01T17:00:00+07:00,1041.120366104979,VNINDEX,2024-07-01
2024-07-02T17:00:00+07:00,1040.7131217974522,VNINDEX,2024-07-02
2024-07-03T17:00:00+07:00,1040.130200410279,VNINDEX,2024-07-03
2024-07-04T17:00:00+07:00,1039.3816430059499,VNINDEX,2024-07-04
2024-07-05T17:00:00+07:00,1038.4795897723654,VNINDEX,2024-07-05
2024-07-08T17:00:00+07:00,1037.438109243708,VNINDEX,2024-07-08
2024-07-09T17:00:00+07:00,1036.2730022378942,VNINDEX,2024-07-09
2024-07-10T17:00:00+07:00,1035.0015840917138,VNINDEX,2024-07-10
2024-07-11T17:00:00+07:00,1033.6424490500879,VNINDEX,2024-07-11
2024-07-12T17:00:00+07:00,1032.215220833486,VNINDEX,2024-07-12
2024-07-15T17:00:00+07:00,1030.7402934689605,VNINDEX,2024-07-15
2024-07-16T17:00:00+07:00,1029.2385664313067,VNINDEX,2024-07-16
2024-07-17T17:00:00+07:00,1027.7311780109662,VNINDEX,2024-07-17
2024-07-18T17:00:00+07:00,1026.2392406170236,VNINDEX,2024-07-18
2024-07-19T17:00:00+07:00,1024.7835814516716,VNINDEX,2024-07-19
2024-07-22T17:00:00+07:00,1023.3844916729331,VNINDEX,2024-07-22
2024-07-23T17:00:00+07:00,1022.0614868117588,VNINDEX,2024-07-23
2024-07-24T17:00:00+07:00,1020.8330808440649,VNINDEX,2024-07-24
2024-07-25T17:00:00+07:00,1019.7165759529214,VNINDEX,2024-07-25
2024-07-26T17:00:00+07:00,1018.7278696643069,VNINDEX,2024-07-26
2024-07-29T17:00:00+07:00,1017.8812807127044,VNINDEX,2024-07-29
2024-07-30T17:00:00+07:00,1017.189394698879,VNINDEX,2024-07-30
2024-07-31T17:00:00+07:00,1016.662930347133,VNINDEX,2024-07-31
2024-08-01T17:00:00+07:00,1016.3106269560847,VNINDEX,2024-08-01
2024-08-02T17:00:00+07:00,1016.1391534655991,VNINDEX,2024-08-02
2024-08-05T17:00:00+07:00,1016.153039430405,VNINDEX,2024-08-05
2024-08-06T17:00:00+07:00,1016.3546280933032,VNINDEX,2024-08-06
2024-08-07T17:00:00+07:00,1016.7440516808897,VNINDEX,2024-08-07
2024-08-08T17:00:00+07:00,1017.3192289940831,VNINDEX,2024-08-08
2024-08-09T17:00:00+07:00,1018.0758853250336,VNINDEX,2024-08-09
2024-08-12T17:00:00+07:00,1019.0075946913087,VNINDEX,2024-08-12
2024-08-13T17:00:00+07:00,1020.1058443276252,VNINDEX,2024-08-13
2024-08-14T17:00:00+07:00,1021.3601213053682,VNINDEX,2024-08-14
2024-08-15T17:00:00+07:00,1022.75802105225,VNINDEX,2024-08-15
2024-08-16T17:00:00+07:00,1024.2853774117552,VNINDEX,2024-08-16
2024-08-19T17:00:00+07:00,1025.9264137094242,VNINDEX,2024-08-19
2024-08-20T17:00:00+07:00,1027.663914077819,VNINDEX,2024-08-20
2024-08-21T17:00:00+07:00,1029.4794140340528,VNINDEX,2024-08-21
2024-08-22T17:00:00+07:00,1031.3534090056714,VNINDEX,2024-08-22
2024-08-23T17:00:00+07:00,1033.265579168053,VNINDEX,2024-08-23
2024-08-26T17:00:00+07:00,1035.1950285976584,VNINDEX,2024-08-26
2024-08-27T17:00:00+07:00,1037.1205363715326,VNINDEX,2024-08-27
2024-08-28T17:00:00+07:00,1039.0208168676938,VNINDEX,2024-08-28
2024-08-29T17:00:00+07:00,1040.8747861586833,VNINDEX,2024-08-29
2024-08-30T17:00:00+07:00,1042.6618310578997,VNINDEX,2024-08-30
2024-09-02T17:00:00+07:00,1044.362077092211,VNINDEX,2024-09-02
2024-09-03T17:00:00+07:00,1045.9566514511407,VNINDEX,2024-09-03
2024-09-04T17:00:00+07:00,1047.4279368177808,VNINDEX,2024-09-04
2024-09-05T17:00:00+07:00,1048.7598119324593,VNINDEX,2024-09-05
2024-09-06T17:00:00+07:00,1049.9378747871197,VNINDEX,2024-09-06
2024-09-09T17:00:00+07:00,1050.949644502626,VNINDEX,2024-09-09
2024-09-10T17:00:00+07:00,1051.784738204887,VNINDEX,2024-09-10
2024-09-11T17:00:00+07:00,1052.4350195862921,VNINDEX,2024-09-11
2024-09-12T17:00:00+07:00,1052.8947163092776,VNINDEX,2024-09-12
2024-09-13T17:00:00+07:00,1053.1605039672024,VNINDEX,2024-09-13
2024-09-16T17:00:00+07:00,1053.231554948328,VNINDEX,2024-09-16
2024-09-17T17:00:00+07:00,1053.1095512323202,VNINDEX,2024-09-17
2024-09-18T17:00:00+07:00,1052.7986608636234,VNINDEX,2024-09-18
2024-09-19T17:00:00+07:00,1052.3054785689517,VNINDEX,2024-09-19
2024-09-20T17:00:00+07:00,1051.6389316934365,VNINDEX,2024-09-20
2024-09-23T17:00:00+07:00,1050.8101532987068,VNINDEX,2024-09-23
2024-09-24T17:00:00+07:00,1049.8323248754434,VNINDEX,2024-09-24
2024-09-25T17:00:00+07:00,1048.7204916545465,VNINDEX,2024-09-25
2024-09-26T17:00:00+07:00,1047.4913539405939,VNINDEX,2024-09-26
2024-09-27T17:00:00+07:00,1046.1630382285016,VNINDEX,2024-09-27
2024-09-30T17:00:00+07:00,1044.754852093697,VNINDEX,2024-09-30
2024-10-01T17:00:00+07:00,1043.2870269666826,VNINDEX,2024-10-01
2024-10-02T17:00:00+07:00,1041.7804529182156,VNINDEX,2024-10-02
2024-10-03T17:00:00+07:00,1040.2564094990355,VNINDEX,2024-10-03
2024-10-04T17:00:00+07:00,1038.7362965092043,VNINDEX,2024-10-04
2024-10-07T17:00:00+07:00,1037.2413683304655,VNINDEX,2024-10-07
2024-10-08T17:00:00+07:00,1035.7924751561663,VNINDEX,2024-10-08
2024-10-09T17:00:00+07:00,1034.4098141138004,VNINDEX,2024-10-09
2024-10-10T17:00:00+07:00,1033.11269291181,VNINDEX,2024-10-10
2024-10-11T17:00:00+07:00,1031.9193082708648,VNINDEX,2024-10-11
2024-10-14T17:00:00+07:00,1030.8465410349586,VNINDEX,2024-10-14
2024-10-15T17:00:00+07:00,1029.909769511895,VNINDEX,2024-10-15
2024-10-16T17:00:00+07:00,1029.1227022761238,VNINDEX,2024-10-16
2024-10-17T17:00:00+07:00,1028.4972313868125,VNINDEX,2024-10-17
2024-10-18T17:00:00+07:00,1028.0433067349989,VNINDEX,2024-10-18
2024-10-21T17:00:00+07:00,1027.768832037228,VNINDEX,2024-10-21
2024-10-22T17:00:00+07:00,1027.6795828381398,VNINDEX,2024-10-22
2024-10-23T17:00:00+07:00,1027.779146767329,VNINDEX,2024-10-23
2024-10-24T17:00:00+07:00,1028.068886210652,VNINDEX,2024-10-24
2024-10-25T17:00:00+07:00,1028.547923495312,VNINDEX,2024-10-25
2024-10-28T17:00:00+07:00,1029.2131486426024,VNINDEX,2024-10-28
2024-10-29T17:00:00+07:00,1030.059249702281,VNINDEX,2024-10-29
2024-10-30T17:00:00+07:00,1031.078765638094,VNINDEX,2024-10-30
2024-10-31T17:00:00+07:00,1032.2621616750441,VNINDEX,2024-10-31
2024-11-01T17:00:00+07:00,1033.5979269364364,VNINDEX,2024-11-01
2024-11-04T17:00:00+07:00,1035.0726940846084,VNINDEX,2024-11-04
2024-11-05T17:00:00+07:00,1036.671380527321,VNINDEX,2024-11-05
2024-11-06T17:00:00+07:00,1038.3773505579813,VNINDEX,2024-11-06
2024-11-07T17:00:00+07:00,1040.1725975605393,VNINDEX,2024-11-07
2024-11-08T17:00:00+07:00,1042.0379451301794,VNINDEX,2024-11-08
2024-11-11T17:00:00+07:00,1043.9532656428182,VNINDEX,2024-11-11
2024-11-12T17:00:00+07:00,1045.8977144568319,VNINDEX,2024-11-12
2024-11-13T17:00:00+07:00,1047.849977559089,VNINDEX,2024-11-13
2024-11-14T17:00:00+07:00,1049.7885300865676,VNINDEX,2024-11-14
2024-11-15T17:00:00+07:00,1051.6919027789029,VNINDEX,2024-11-15
2024-11-18T17:00:00+07:00,1053.5389530622213,VNINDEX,2024-11-18
2024-11-19T17:00:00+07:00,1055.3091371472974,VNINDEX,2024-11-19
2024-11-20T17:00:00+07:00,1056.9827792624314,VNINDEX,2024-11-20
2024-11-21T17:00:00+07:00,1058.5413339495406,VNINDEX,2024-11-21
2024-11-22T17:00:00+07:00,1059.9676372452534,VNINDEX,2024-11-22
2024-11-25T17:00:00+07:00,1061.2461425591428,VNINDEX,2024-11-25
2024-11-26T17:00:00+07:00,1062.3631371571341,VNINDEX,2024-11-26
2024-11-27T17:00:00+07:00,1063.3069353641026,VNINDEX,2024-11-27
2024-11-28T17:00:00+07:00,1064.0680449157571,VNINDEX,2024-11-28
2024-11-29T17:00:00+07:00,1064.6393033114143,VNINDEX,2024-11-29
2024-12-02T17:00:00+07:00,1065.015981536868,VNINDEX,2024-12-02
2024-12-03T17:00:00+07:00,1065.1958531264347,VNINDEX,2024-12-03
2024-12-04T17:00:00+07:00,1065.1792271978468,VNINDEX,2024-12-04
2024-12-05T17:00:00+07:00,1064.968944802174,VNINDEX,2024-12-05
2024-12-06T17:00:00+07:00,1064.5703386606328,VNINDEX,2024-12-06
2024-12-09T17:00:00+07:00,1063.9911570870754,VNINDEX,2024-12-09
2024-12-10T17:00:00+07:00,1063.241453595457,VNINDEX,2024-12-10
2024-12-11T17:00:00+07:00,1062.3334443432652,VNINDEX,2024-12-11
2024-12-12T17:00:00+07:00,1061.281336144696,VNINDEX,2024-12-12
2024-12-13T17:00:00+07:00,1060.1011282845373,VNINDEX,2024-12-13
2024-12-16T17:00:00+07:00,1058.810391762579,VNINDEX,2024-12-16
2024-12-17T17:00:00+07:00,1057.428029890619,VNINDEX,2024-12-17
2024-12-18T17:00:00+07:00,1055.974024346301,VNINDEX,2024-12-18
2024-12-19T17:00:00+07:00,1054.4691708612431,VNINDEX,2024-12-19
2024-12-20T17:00:00+07:00,1052.9348086906673,VNINDEX,2024-12-20
2024-12-23T17:00:00+07:00,1051.3925478874414,VNINDEX,2024-12-23
2024-12-24T17:00:00+07:00,1049.863998197566,VNINDEX,2024-12-24
2024-12-25T17:00:00+07:00,1048.3705031215902,VNINDEX,2024-12-25
2024-12-26T17:00:00+07:00,1046.9328823635333,VNINDEX,2024-12-26
2024-12-27T17:00:00+07:00,1045.571185532553,VNINDEX,2024-12-27
2024-12-30T17:00:00+07:00,1044.304459589467,VNINDEX,2024-12-30
2024-12-31T17:00:00+07:00,1043.1505321558682,VNINDEX,2024-12-31
2025-01-01T17:00:00+07:00,1042.1258124418432,VNINDEX,2025-01-01
2025-01-02T17:00:00+07:00,1041.24511121079,VNINDEX,2025-01-02
2025-01-03T17:00:00+07:00,1040.5214808955725,VNINDEX,2025-01-03
2025-01-06T17:00:00+07:00,1039.9660767153146,VNINDEX,2025-01-06
2025-01-07T17:00:00+07:00,1039.5880394197975,VNINDEX,2025-01-07
2025-01-08T17:00:00+07:00,1039.3944001090047,VNINDEX,2025-01-08
2025-01-09T17:00:00+07:00,1039.3900074364951,VNINDEX,2025-01-09
2025-01-10T17:00:00+07:00,1039.5774774022746,VNINDEX,2025-01-10
2025-01-13T17:00:00+07:00,1039.9571658668608,VNINDEX,2025-01-13
2025-01-14T17:00:00+07:00,1040.52716386491,VNINDEX,2025-01-14
2025-01-15T17:00:00+07:00,1041.2833157546006,VNINDEX,2025-01-15
2025-01-16T17:00:00+07:00,1042.2192601977886,VNINDEX,2025-01-16
2025-01-17T17:00:00+07:00,1043.3264939156086,VNINDEX,2025-01-17
2025-01-20T17:00:00+07:00,1044.5944580948806,VNINDEX,2025-01-20
2025-01-21T17:00:00+07:00,1046.010647223684,VNINDEX,2025-01-21
2025-01-22T17:00:00+07:00,1047.560740002434,VNINDEX,2025-01-22
2025-01-23T17:00:00+07:00,1049.228751804397,VNINDEX,2025-01-23
2025-01-24T17:00:00+07:00,1050.997207943741,VNINDEX,2025-01-24
2025-01-27T17:00:00+07:00,1052.8473367495317,VNINDEX,2025-01-27
2025-01-28T17:00:00+07:00,1054.7592811429795,VNINDEX,2025-01-28
2025-01-29T17:00:00+07:00,1056.712327078102,VNINDEX,2025-01-29
2025-01-30T17:00:00+07:00,1058.6851468410907,VNINDEX,2025-01-30
2025-01-31T17:00:00+07:00,1060.6560548221203,VNINDEX,2025-01-31
2025-02-03T17:00:00+07:00,1062.6032729884923,VNINDEX,2025-02-03
2025-02-04T17:00:00+07:00,1064.5052029153228,VNINDEX,2025-02-04
2025-02-05T17:00:00+07:00,1066.3407008859788,VNINDEX,2025-02-05
2025-02-06T17:00:00+07:00,1068.0893522764438,VNINDEX,2025-02-06
2025-02-07T17:00:00+07:00,1069.7317412024872,VNINDEX,2025-02-07
2025-02-10T17:00:00+07:00,1071.249711251669,VNINDEX,2025-02-10
2025-02-11T17:00:00+07:00,1072.626613057281,VNINDEX,2025-02-11
2025-02-12T17:00:00+07:00,1073.8475345089082,VNINDEX,2025-02-12
2025-02-13T17:00:00+07:00,1074.8995095412358,VNINDEX,2025-02-13
2025-02-14T17:00:00+07:00,1075.771701701582,VNINDEX,2025-02-14
2025-02-17T17:00:00+07:00,1076.4555590653058,VNINDEX,2025-02-17
2025-02-18T17:00:00+07:00,1076.9449375398603,VNINDEX,2025-02-18
2025-02-19T17:00:00+07:00,1077.2361901612749,VNINDEX,2025-02-19
2025-02-20T17:00:00+07:00,1077.3282206254985,VNINDEX,2025-02-20
2025-02-21T17:00:00+07:00,1077.222499991996,VNINDEX,2025-02-21
2025-02-24T17:00:00+07:00,1076.9230462261492,VNINDEX,2025-02-24
2025-02-25T17:00:00+07:00,1076.4363669867548,VNINDEX,2025-02-25
2025-02-26T17:00:00+07:00,1075.7713667909684,VNINDEX,2025-02-26
2025-02-27T17:00:00+07:00,1074.9392203779084,VNINDEX,2025-02-27
2025-02-28T17:00:00+07:00,1073.9532147221273,VNINDEX,2025-02-28
2025-03-03T17:00:00+07:00,1072.8285627003618,VNINDEX,2025-03-03
2025-03-04T17:00:00+07:00,1071.5821918742647,VNINDEX,2025-03-04
2025-03-05T17:00:00+07:00,1070.232512207292,VNINDEX,2025-03-05
2025-03-06T17:00:00+07:00,1068.799166779401,VNINDEX,2025-03-06
2025-03-07T17:00:00+07:00,1067.302769697312,VNINDEX,2025-03-07
2025-03-10T17:00:00+07:00,1065.7646354239632,VNINDEX,2025-03-10
2025-03-11T17:00:00+07:00,1064.2065036758918,VNINDEX,2025-03-11
2025-03-12T17:00:00+07:00,1062.6502638725913,VNINDEX,2025-03-12
2025-03-13T17:00:00+07:00,1061.117682881262,VNINDEX,2025-03-13
2025-03-14T17:00:00+07:00,1059.6301394996503,VNINDEX,2025-03-14
2025-03-17T17:00:00+07:00,1058.20836877569,VNINDEX,2025-03-17
2025-03-18T17:00:00+07:00,1056.8722188925942,VNINDEX,2025-03-18
2025-03-19T17:00:00+07:00,1055.6404229682246,VNINDEX,2025-03-19
2025-03-20T17:00:00+07:00,1054.5303877431008,VNINDEX,2025-03-20
2025-03-21T17:00:00+07:00,1053.558000775336,VNINDEX,2025-03-21
2025-03-24T17:00:00+07:00,1052.737457433633,VNINDEX,2025-03-24
2025-03-25T17:00:00+07:00,1052.0811086891363,VNINDEX,2025-03-25
2025-03-26T17:00:00+07:00,1051.5993304581848,VNINDEX,2025-03-26
2025-03-27T17:00:00+07:00,1051.3004150428792,VNINDEX,2025-03-27
2025-03-28T17:00:00+07:00,1051.1904850538542,VNINDEX,2025-03-28
2025-03-31T17:00:00+07:00,1051.2734300763177,VNINDEX,2025-03-31
2025-04-01T17:00:00+07:00,1051.5508662504333,VNINDEX,2025-04-01
2025-04-02T17:00:00+07:00,1052.0221188728667,VNINDEX,2025-04-02
2025-04-03T17:00:00+07:00,1052.6842280787155,VNINDEX,2025-04-03
2025-04-04T17:00:00+07:00,1053.5319776221288,VNINDEX,2025-04-04
2025-04-07T17:00:00+07:00,1054.5579467293546,VNINDEX,2025-04-07
2025-04-08T17:00:00+07:00,1055.7525849395474,VNINDEX,2025-04-08
2025-04-09T17:00:00+07:00,1057.1043097669603,VNINDEX,2025-04-09
2025-04-10T17:00:00+07:00,1058.5996269048533,VNINDEX,2025-04-10
2025-04-11T17:00:00+07:00,1060.223272540035,VNINDEX,2025-04-11
2025-04-14T17:00:00+07:00,1061.9583771530001,VNINDEX,2025-04-14
2025-04-15T17:00:00+07:00,1063.7866499401941,VNINDEX,2025-04-15
2025-04-16T17:00:00+07:00,1065.6885827129058,VNINDEX,2025-04-16
2025-04-17T17:00:00+07:00,1067.6436718054642,VNINDEX,2025-04-17
2025-04-18T17:00:00+07:00,1069.6306561705626,VNINDEX,2025-04-18
2025-04-21T17:00:00+07:00,1071.6277694613611,VNINDEX,2025-04-21
2025-04-22T17:00:00+07:00,1073.6130035108083,VNINDEX,2025-04-22
2025-04-23T17:00:00+07:00,1075.5643802329425,VNINDEX,2025-04-23
2025-04-24T17:00:00+07:00,1077.460228604956,VNINDEX,2025-04-24
2025-04-25T17:00:00+07:00,1079.2794630597336,VNINDEX,2025-04-25
2025-04-28T17:00:00+07:00,1081.0018593437298,VNINDEX,2025-04-28
2025-04-29T17:00:00+07:00,1082.6083236910306,VNINDEX,2025-04-29
2025-04-30T17:00:00+07:00,1084.08115104624,VNINDEX,2025-04-30
2025-05-01T17:00:00+07:00,1085.4042680488428,VNINDEX,2025-05-01
2025-05-02T17:00:00+07:00,1086.563456579021,VNINDEX,2025-05-02
2025-05-05T17:00:00+07:00,1087.546553864539,VNINDEX,2025-05-05
2025-05-06T17:00:00+07:00,1088.3436254608093,VNINDEX,2025-05-06
2025-05-07T17:00:00+07:00,1088.94710783724,VNINDEX,2025-05-07
2025-05-08T17:00:00+07:00,1089.3519178233917,VNINDEX,2025-05-08
2025-05-09T17:00:00+07:00,1089.5555267746208,VNINDEX,2025-05-09
2025-05-12T17:00:00+07:00,1089.5579979911115,VNINDEX,2025-05-12
2025-05-13T17:00:00+07:00,1089.361986645555,VNINDEX,2025-05-13
2025-05-14T17:00:00+07:00,1088.97270222006,VNINDEX,2025-05-14
2025-05-15T17:00:00+07:00,1088.397834197784,VNINDEX,2025-05-15
2025-05-16T17:00:00+07:00,1087.647442474987,VNINDEX,2025-05-16
2025-05-19T17:00:00+07:00,1086.7338146316013,VNINDEX,2025-05-19
2025-05-20T17:00:00+07:00,1085.6712928022214,VNINDEX,2025-05-20
2025-05-21T17:00:00+07:00,1084.4760734071351,VNINDEX,2025-05-21
2025-05-22T17:00:00+07:00,1083.1659834212319,VNINDEX,2025-05-22
2025-05-23T17:00:00+07:00,1081.7602371684154,VNINDEX,2025-05-23
2025-05-26T17:00:00+07:00,1080.2791778264627,VNINDEX,2025-05-26
2025-05-27T17:00:00+07:00,1078.7440079128355,VNINDEX,2025-05-27
2025-05-28T17:00:00+07:00,1077.1765130009562,VNINDEX,2025-05-28
2025-05-29T17:00:00+07:00,1075.5987827981553,VNINDEX,2025-05-29
2025-05-30T17:00:00+07:00,1074.0329335134015,VNINDEX,2025-05-30
2025-06-02T17:00:00+07:00,1072.5008351700612,VNINDEX,2025-06-02
2025-06-03T17:00:00+07:00,1071.023847192893,VNINDEX,2025-06-03
2025-06-04T17:00:00+07:00,1069.6225652365656,VNINDEX,2025-06-04
2025-06-05T17:00:00+07:00,1068.3165818422756,VNINDEX,2025-06-05
2025-06-06T17:00:00+07:00,1067.1242631255616,VNINDEX,2025-06-06
2025-06-09T17:00:00+07:00,1066.0625433265964,VNINDEX,2025-06-09
2025-06-10T17:00:00+07:00,1065.146738706147,VNINDEX,2025-06-10
2025-06-11T17:00:00+07:00,1064.3903819555228,VNINDEX,2025-06-11
2025-06-12T17:00:00+07:00,1063.805078013746,VNINDEX,2025-06-12
2025-06-13T17:00:00+07:00,1063.4003819534441,VNINDEX,2025-06-13
2025-06-16T17:00:00+07:00,1063.1836994092212,VNINDEX,2025-06-16
2025-06-17T17:00:00+07:00,1063.160209876378,VNINDEX,2025-06-17
2025-06-18T17:00:00+07:00,1063.3328130991802,VNINDEX,2025-06-18
2025-06-19T17:00:00+07:00,1063.702098689667,VNINDEX,2025-06-19
2025-06-20T17:00:00+07:00,1064.266339061814,VNINDEX,2025-06-20
2025-06-23T17:00:00+07:00,1065.02150572205,VNINDEX,2025-06-23
2025-06-24T17:00:00+07:00,1065.9613089153834,VNINDEX,2025-06-24
2025-06-25T17:00:00+07:00,1067.0772605762504,VNINDEX,2025-06-25
2025-06-26T17:00:00+07:00,1068.3587604646073,VNINDEX,2025-06-26
2025-06-27T17:00:00+07:00,1069.7932052716806,VNINDEX,2025-06-27
2025-06-30T17:00:00+07:00,1071.366120348513,VNINDEX,2025-06-30
